row_id,price,spec_general_marque,spec_general_type_produit,spec_general_reference,spec_informations_impedance_nominale,spec_forme_materiaux_systeme_magnetique,spec_forme_materiaux_forme_facade,spec_parametres_petits_signaux_qts,spec_parametres_petits_signaux_qes,spec_parametres_petits_signaux_qms,spec_forme_materiaux_materiau_saladier,spec_forme_materiaux_materiau_suspension,spec_forme_materiaux_support_bobine,spec_forme_materiaux_fil_bobine,spec_forme_materiaux_materiau_dome,spec_informations_puissance_nominale_w,spec_informations_sensibilite_fabricant_db,spec_parametres_petits_signaux_fs_hz,spec_donnees_poids_kg,spec_parametres_fondamentaux_re_ohm,spec_donnees_xmax_mm,spec_parametres_fondamentaux_mms_gr,spec_donnees_ebp_hz,spec_parametres_petits_signaux_vas_l,spec_donnees_rendement_calcule_pct,spec_parametres_fondamentaux_le_mh,spec_parametres_fondamentaux_sd_cm2,spec_parametres_fondamentaux_bl_t_m,spec_dimensions_diametre_systeme_magnetique_mm,spec_informations_puissance_max_w,spec_dimensions_hauteur_entrefer_mm,spec_dimensions_hauteur_bobinage_mm,spec_donnees_rendement_pct
1,63.0,Audax,Haut parleur a cone,HT170G8,8+8 ohm,Ferrite,Non cylindrique,0.49,0.55,4.93,Acier,,Aluminium,,,50.0,90.0,45.0,1.3,3.5,3.5,17.4,82.0,19.9,0.32,0.49,136.0,5.5,85.8,,5.0,12.0,
2,294.0,Audax,Haut parleur bicone,AM21LB25ALBC,6 ohm,Ferrite,Non cylindrique,0.4,0.42,7.14,Zamak,Tissu,Nomex,CCAW (alu recouvert de cuivre),,35.0,95.0,43.0,2.7,5.55,2.25,13.63,102.0,65.0,1.19,0.34,214.0,6.96,110.0,,5.0,9.5,
3,77.0,Audax,Haut parleur a cone,HM130Z0,8 ohm,Ferrite,Non cylindrique,0.31,0.32,12.16,Zamak,Caoutchouc,Kapton,Cuivre,,50.0,92.0,68.0,1.2,6.4,2.0,5.9,213.0,8.3,0.79,0.22,80.0,7.1,85.8,,5.0,9.0,
4,93.0,Audax,Haut parleur a cone,HM130Z4,8+8 ohm,Ferrite,Non cylindrique,0.23,0.24,5.2,Zamak,,Kapton,Cuivre,,50.0,91.0,46.0,1.2,3.0,3.25,10.4,192.0,10.2,0.4,0.3,80.0,6.2,85.8,,5.0,11.5,
5,102.0,Audax,Haut parleur a cone,HM170Z0,8 ohm,Ferrite,Cylindrique,0.4,0.42,6.15,Zamak,Caoutchouc,Kapton,Cuivre,,60.0,91.0,40.0,,6.2,3.75,9.9,95.0,45.3,0.67,0.34,138.0,6.0,86.1,,5.0,12.5,
6,137.0,Audax,Haut parleur a cone,HM210C0,8 ohm,Ferrite,Cylindrique,0.39,0.42,5.17,Zamak,Caoutchouc,Kapton,Cuivre,Polymere,70.0,90.0,31.0,2.3,6.5,4.15,23.5,74.0,83.0,0.57,0.42,232.0,8.5,102.5,,6.0,14.3,
7,127.0,Audax,Haut parleur a cone,HM210Z10,8 ohm,Ferrite,Cylindrique,0.6,0.73,3.48,Zamak,Tissu + Caoutchouc,,Cuivre,,120.0,99.0,170.0,2.4,5.5,1.5,12.2,233.0,5.0,3.24,0.64,252.0,10.2,124.6,,6.0,9.0,
8,47.0,Audax,Haut parleur a cone,HP130G0,6 ohm,Ferrite,Cylindrique,0.38,0.5,1.49,Plastique,Caoutchouc,Aluminium,,,40.0,87.8,54.9,0.65,5.2,3.0,6.74,110.0,12.16,0.39,0.37,83.32,4.73,73.5,,,10.0,
9,60.0,Audax,Haut parleur a cone,HT170G2,8 ohm,Ferrite,Non cylindrique,0.41,0.47,3.24,Acier,Caoutchouc,Aluminium,,,60.0,90.0,40.0,,5.2,3.5,10.9,85.0,39.0,0.51,0.42,139.0,5.5,85.8,,5.0,12.0,
10,111.0,Audax,Haut parleur a cone,HT240G0,4 ohm,Ferrite,Cylindrique,0.67,0.72,10.01,Acier,,Kapton,Cuivre,,160.0,92.0,48.9,,2.9,7.0,43.5,68.0,35.82,0.56,0.67,323.6,7.36,123.0,,6.0,20.0,
11,79.0,Audax,Haut parleur a cone,HT240M0,8 ohm,Ferrite,Cylindrique,0.37,0.47,1.81,Acier,Mousse,Aluminium,,,80.0,92.0,28.0,1.7,6.3,4.5,23.0,60.0,223.0,1.0,0.6,340.0,7.41,102.5,,6.0,15.0,
12,136.0,Audax,Haut parleur a cone,PR170Z0,8 ohm,Ferrite,Cylindrique,0.4,0.49,2.19,,Tissu + Caoutchouc,Kapton,CCAW (alu recouvert de cuivre),,100.0,99.0,185.0,2.9,6.2,0.5,6.2,378.0,3.31,4.11,0.73,140.0,10.0,124.6,,6.0,7.0,
13,129.0,Audax,Haut parleur a cone,PR240M0,8 ohm,Ferrite,Cylindrique,0.53,0.58,6.13,Zamak,Mousse,Kapton,Cuivre,,100.0,95.0,32.0,4.4,6.1,4.0,24.0,55.0,188.0,1.02,0.33,358.0,7.15,124.6,,6.0,14.0,
14,168.0,Audax,Haut parleur a cone,PR300M0,8 ohm,Ferrite,Cylindrique,0.26,0.28,3.55,Zamak,Mousse,Kapton,Cuivre,,100.0,97.0,17.0,,5.7,4.4,33.0,61.0,1012.0,1.71,0.42,521.0,8.4,124.6,,6.0,14.8,
15,391.0,Audax,Haut parleur a cone,PR380T0,8 ohm,Ferrite,Cylindrique,0.64,0.75,4.13,Zamak,,Kapton,Cuivre,,150.0,99.0,52.0,8.4,6.0,4.15,79.5,69.0,130.0,2.34,0.65,892.0,14.4,189.5,,7.0,15.3,
16,252.0,B&C Speakers,Haut parleur a cone,10BG76,8 ohm,Neodymium,Cylindrique,0.22,0.23,5.74,Aluminium,Caoutchouc,Fibre de verre,Cuivre,,500.0,91.3,49.0,4.8,4.1,9.6,91.4,213.0,16.7,0.83,1.37,320.0,22.4,,1000.0,11.5,25.0,0.86
17,102.0,B&C Speakers,Haut parleur a cone,10CL51,4 ohm,Neodymium,Cylindrique,0.54,0.63,3.8,Acier,Tissu,Fibre de verre,Aluminium,,200.0,93.0,59.0,1.2,3.3,5.8,29.4,94.0,35.7,1.12,0.37,320.0,7.6,,,15.5,8.0,1.12
18,97.0,B&C Speakers,Haut parleur a cone,10CL51,8 ohm,Neodymium,Cylindrique,0.38,0.42,3.5,Acier,Tissu,Fibre de verre,Aluminium,,150.0,96.0,58.0,1.2,5.2,5.5,30.5,138.0,36.0,1.61,0.8,320.0,11.6,,,8.0,15.0,1.57
19,124.0,B&C Speakers,Haut parleur a cone,10CL64,8 ohm,Neodymium,Cylindrique,0.31,0.33,5.1,Acier,Tissu,Fibre de verre,Aluminium,,250.0,96.1,63.0,2.0,5.3,5.2,41.6,191.0,22.2,1.62,1.17,320.0,16.3,,500.0,8.0,14.3,1.69
20,128.0,B&C Speakers,Haut parleur a cone,10CLA64,16 ohm,Neodymium,Cylindrique,0.41,0.46,3.8,Acier,Tissu,Fibre de verre,CCAW (alu recouvert de cuivre),,250.0,96.0,72.0,1.9,10.6,4.5,33.6,157.0,21.0,1.64,0.7,320.0,18.8,,500.0,8.0,13.0,1.64
21,128.0,B&C Speakers,Haut parleur a cone,10CLA64,8 ohm,Neodymium,Cylindrique,0.42,0.45,6.8,Acier,,Fibre de verre,CCAW (alu recouvert de cuivre),,250.0,96.0,74.0,1.9,6.3,5.0,36.0,164.0,18.5,1.6,0.9,320.0,14.5,,,8.0,14.0,1.65
22,164.0,B&C Speakers,Haut parleur a cone,10CLA76,8 ohm,Neodymium,Cylindrique,0.29,0.3,6.72,Acier,Tissu,Fibre de verre,CCAW (alu recouvert de cuivre),,400.0,,71.0,3.2,5.2,6.5,44.7,237.0,16.4,1.88,1.14,320.0,18.55,,800.0,11.0,18.5,1.92
23,258.0,B&C Speakers,Haut-parleur coaxial a deux entrees,10CLX64,8+8 ohm,Neodymium,Cylindrique,0.63,0.67,9.8,Acier,Tissu,Fibre de verre,Aluminium,,250.0,94.0,70.0,3.1,5.6,,36.0,104.0,21.0,1.04,0.91,320.0,11.4,,500.0,14.5,8.0,1.1
24,330.0,B&C Speakers,Haut-parleur coaxial a deux entrees,10CXN64,8+8 ohm,Neodymium,Cylindrique,0.31,0.33,5.6,Aluminium,,Kapton,CCAW (fil alu recouvert de cuivre),,250.0,97.0,68.0,3.2,5.6,5.5,33.5,206.0,23.0,2.11,1.1,320.0,15.8,,,9.0,15.0,2.2
25,291.0,B&C Speakers,Haut-parleur coaxial a deux entrees,10FCX64,8+8 ohm,Ferrite,Cylindrique,0.42,0.44,7.9,Aluminium,,Kapton,Aluminium,,250.0,95.0,63.0,5.7,5.5,5.5,37.0,143.0,25.0,1.37,1.2,320.0,13.4,170.0,,8.0,13.0,1.4
26,152.0,B&C Speakers,Haut parleur a cone,10FW64,8 ohm,Ferrite,Cylindrique,0.23,0.25,3.4,Aluminium,,Fibre de verre,Aluminium,,250.0,98.0,63.0,5.9,5.0,5.0,34.0,252.0,27.0,2.6,0.9,320.0,16.4,,,8.0,14.0,2.6
27,105.0,B&C Speakers,Haut parleur a cone,10HPL51,8 ohm,Neodymium,Cylindrique,0.36,0.41,3.5,Aluminium,,Kapton,Aluminium,,150.0,97.5,55.0,1.9,5.0,4.0,24.0,134.0,50.0,1.95,0.9,320.0,10.2,,,8.0,13.5,2.1
28,127.0,B&C Speakers,Haut parleur a cone,10HPL64,16 ohm,Neodymium,Cylindrique,0.36,0.39,5.05,Aluminium,,Fibre de verre,Aluminium,,200.0,97.0,64.0,2.0,10.37,4.0,29.2,164.0,30.4,1.97,0.63,320.0,17.7,,,8.0,13.0,1.99
29,127.0,B&C Speakers,Haut parleur a cone,10HPL64,4 ohm,Neodymium,Cylindrique,0.28,0.3,4.65,Aluminium,Tissu,Fibre de verre,Aluminium,,200.0,98.0,63.0,2.0,3.3,4.0,30.7,210.0,29.5,2.37,0.51,320.0,11.58,,,8.0,12.0,2.39
30,127.0,B&C Speakers,Haut parleur a cone,10HPL64,8 ohm,Neodymium,Cylindrique,0.31,0.33,4.5,Aluminium,,Fibre de verre,Aluminium,,200.0,98.5,61.0,2.0,5.4,4.0,29.0,185.0,32.0,2.12,0.5,320.0,15.0,,,8.0,12.0,2.5
31,171.0,B&C Speakers,Haut parleur a cone,10MBX64,16 ohm,Neodymium,Cylindrique,0.3,0.32,5.8,Aluminium,,Fibre de verre,Aluminium,,350.0,100.0,65.0,3.2,10.2,4.0,30.0,203.0,30.0,2.48,0.57,346.0,20.5,,,8.0,12.0,3.0
32,171.0,B&C Speakers,Haut parleur a cone,10MBX64,8 ohm,Neodymium,Cylindrique,0.26,0.27,5.6,Aluminium,,Fibre de verre,Aluminium,,350.0,100.0,65.0,3.2,5.5,4.0,32.0,241.0,28.0,2.74,0.39,346.0,16.9,,,8.0,12.0,3.2
33,162.0,B&C Speakers,Haut parleur a cone,10MD26,8 ohm,Ferrite,Cylindrique,0.21,0.22,4.8,Aluminium,,Fibre de verre,Aluminium,,350.0,100.0,76.0,7.3,5.8,1.5,31.0,345.0,20.0,3.84,1.2,320.0,19.6,,,8.0,11.0,3.9
34,162.0,B&C Speakers,Haut parleur a cone,10NDL64,16 ohm,Neodymium,Cylindrique,0.3,0.33,3.56,Aluminium,Tissu,Fibre de verre,Aluminium,,250.0,97.0,58.0,2.9,10.5,6.0,31.8,176.0,34.5,1.96,1.3,320.0,19.11,,,8.0,14.0,1.93
35,162.0,B&C Speakers,Haut parleur a cone,10NDL64,4 ohm,Neodymium,Cylindrique,0.22,0.24,3.37,Aluminium,Tissu,Fibre de verre,Aluminium,,250.0,97.0,55.0,2.9,3.5,6.0,32.3,229.0,33.8,2.25,0.6,320.0,13.17,,500.0,,,2.65
36,162.0,B&C Speakers,Haut parleur a cone,10NDL64,8 ohm,Neodymium,Cylindrique,0.26,0.29,3.4,Aluminium,Tissu,Fibre de verre,Aluminium,,250.0,97.0,56.0,2.9,5.7,6.0,37.0,193.0,31.0,1.81,0.9,320.0,16.2,,,8.0,14.0,1.8
37,242.0,B&C Speakers,Haut parleur a cone,10NDL88,8 ohm,Neodymium,Cylindrique,0.25,0.26,7.3,Aluminium,Tissu,Fibre de verre,Aluminium,,700.0,96.0,61.0,4.6,5.1,8.1,53.5,235.0,18.4,1.55,1.18,320.0,20.0,,1400.0,11.0,21.7,1.59
38,271.0,B&C Speakers,Haut parleur a cone,10NSM76,16 ohm,Neodymium,Non cylindrique,0.66,0.72,8.7,Aluminium,,Fibre de verre,Aluminium,,400.0,99.0,235.0,3.8,10.7,3.5,33.0,326.0,2.0,3.47,1.5,320.0,21.5,,,9.0,11.5,3.5
39,258.0,B&C Speakers,Haut parleur a cone,10NSM76,8 ohm,Neodymium,Non cylindrique,0.52,0.55,8.6,Aluminium,,Fibre de verre,Aluminium,,400.0,100.0,235.0,5.3,5.2,3.5,33.0,427.0,2.0,4.54,0.9,320.0,21.5,,,9.0,11.0,4.5
40,156.0,B&C Speakers,Haut parleur a cone,10NW64,16 ohm,Neodymium,Cylindrique,0.29,0.33,2.42,Aluminium,Tissu,Fibre de verre,Cuivre,,300.0,96.0,59.0,2.9,11.0,8.0,42.7,179.0,24.2,1.45,1.0,320.0,23.2,,,8.0,18.0,1.5
41,156.0,B&C Speakers,Haut parleur a cone,10NW64,4 ohm,Neodymium,Cylindrique,0.22,0.25,2.27,Aluminium,Tissu,Fibre de verre,Cuivre,,300.0,95.0,54.0,2.9,3.4,8.0,58.5,216.0,22.0,1.34,0.47,320.0,16.4,,600.0,,,1.2
42,156.0,B&C Speakers,Haut parleur a cone,10NW64,8 ohm,Neodymium,Cylindrique,0.26,0.27,4.3,Aluminium,Tissu,Fibre de verre,Cuivre,,300.0,96.0,59.0,2.9,5.2,6.0,47.0,219.0,22.0,1.61,0.65,320.0,18.3,,,8.0,16.0,1.6
43,230.0,B&C Speakers,Haut parleur a cone,10NW76,16 ohm,Neodymium,Cylindrique,0.29,0.3,8.7,Aluminium,,Fibre de verre,CCAW (alu recouvert de cuivre),,400.0,96.8,68.0,3.8,10.0,7.0,42.5,227.0,18.5,1.87,0.58,320.0,24.7,,,10.0,19.0,1.88
44,230.0,B&C Speakers,Haut parleur a cone,10NW76,4 ohm,Neodymium,Cylindrique,0.19,0.2,6.99,Aluminium,,Fibre de verre,CCAW (alu recouvert de cuivre),,250.0,97.5,67.0,3.8,3.0,6.5,45.4,335.0,17.8,2.57,0.53,320.0,16.98,,500.0,,,2.64
45,230.0,B&C Speakers,Haut parleur a cone,10NW76,8 ohm,Neodymium,Cylindrique,0.26,0.27,7.8,Aluminium,,Fibre de verre,CCAW (alu recouvert de cuivre),,400.0,96.3,67.0,3.8,5.5,6.8,47.0,248.0,17.6,1.89,0.38,320.0,20.0,,,10.0,18.5,1.85
46,149.0,B&C Speakers,Haut parleur a cone,10PE26,8 ohm,Ferrite,Cylindrique,0.18,0.19,6.3,Aluminium,,Fibre de verre,Aluminium,,250.0,99.0,60.0,,5.7,2.4,27.0,316.0,37.0,4.04,1.3,320.0,17.7,,,8.0,12.0,4.1
47,199.0,B&C Speakers,Haut parleur a cone,10PLB76,16 ohm,Ferrite,Cylindrique,0.24,0.24,8.33,Aluminium,Tissu,Fibre de verre,Aluminium,,400.0,97.0,51.0,7.3,10.2,6.0,40.8,213.0,35.0,1.86,1.13,320.0,23.28,,,8.0,20.0,1.78
48,199.0,B&C Speakers,Haut parleur a cone,10PLB76,8 ohm,Ferrite,Cylindrique,0.19,0.2,3.4,Aluminium,Tissu,Fibre de verre,Aluminium,,400.0,98.0,52.0,7.3,4.8,6.0,43.0,260.0,31.0,2.1,0.32,320.0,18.4,,,8.0,20.0,2.2
49,173.0,B&C Speakers,Haut parleur a cone,10PS26,16 ohm,Ferrite,Cylindrique,0.34,0.37,5.0,Aluminium,Tissu,Kapton,Aluminium,,350.0,95.0,54.0,6.0,10.0,8.0,45.0,146.0,28.0,1.15,2.4,320.0,20.1,,,10.5,18.5,1.26
50,173.0,B&C Speakers,Haut parleur a cone,10PS26,4 ohm,Ferrite,Cylindrique,0.25,0.26,4.58,Aluminium,,Kapton,Aluminium,,350.0,96.0,50.0,6.0,3.2,6.0,44.3,192.0,33.3,1.54,0.37,320.0,13.07,,,10.0,18.0,1.52
51,165.0,B&C Speakers,Haut parleur a cone,10PS26,8 ohm,Ferrite,Cylindrique,0.29,0.33,2.9,Aluminium,,Kapton,Aluminium,,350.0,96.0,54.0,6.0,6.0,5.5,33.0,164.0,38.0,1.75,1.2,320.0,14.1,,,10.0,18.0,1.8
52,293.0,B&C Speakers,Haut parleur a cone,12BG76,8 ohm,Neodymium,Cylindrique,0.41,0.44,5.9,Aluminium,,Fibre de verre,Cuivre,,500.0,92.0,44.0,5.0,5.4,9.5,148.0,100.0,32.0,0.6,1.1,522.0,22.7,,,11.0,25.0,0.65
53,128.0,B&C Speakers,Haut parleur a cone,12CL64,4 ohm,Neodymium,Cylindrique,0.25,0.27,4.24,Acier,Tissu,Fibre de verre,Cuivre,,250.0,98.0,49.0,1.9,3.1,4.0,60.3,181.0,67.3,2.82,0.76,522.0,14.83,,,8.0,13.1,2.86
54,128.0,B&C Speakers,Haut parleur a cone,12CL64,8 ohm,Neodymium,Cylindrique,0.3,0.32,4.3,Acier,Tissu,Fibre de verre,Cuivre,,250.0,98.0,52.0,1.9,5.5,4.5,55.0,163.0,64.0,2.7,1.1,522.0,17.5,,,8.0,13.0,3.4
55,159.0,B&C Speakers,Haut parleur a cone,12CL76,4 ohm,Neodymium,Cylindrique,0.19,0.2,3.41,Acier,Tissu,Fibre de verre,Cuivre,,350.0,98.0,48.0,3.0,3.4,6.0,74.3,240.0,60.0,3.19,1.22,522.0,19.47,,,11.0,17.0,2.99
56,159.0,B&C Speakers,Haut parleur a cone,12CL76,8 ohm,Neodymium,Cylindrique,0.21,0.22,4.8,Acier,Tissu,Fibre de verre,Cuivre,,350.0,98.5,48.0,3.0,5.2,6.0,70.0,218.0,59.0,2.85,1.5,522.0,22.4,,,11.0,17.0,2.9
57,167.0,B&C Speakers,Haut parleur a cone,12CLA76,8 ohm,Neodymium,Cylindrique,0.25,0.26,4.9,Acier,,Fibre de verre,CCAW (alu recouvert de cuivre),,350.0,98.5,52.0,3.4,5.1,5.3,64.0,200.0,56.0,2.91,0.44,522.0,20.2,,,11.0,16.0,2.9
58,268.0,B&C Speakers,Haut-parleur coaxial a deux entrees,12CLX64,8+8 ohm,Neodymium,Cylindrique,0.57,0.61,10.1,Acier,Tissu,Kapton,Aluminium,,250.0,96.2,54.0,3.3,5.6,5.3,45.3,89.0,74.0,1.84,0.54,522.0,11.86,,,8.0,14.5,1.82
59,431.0,B&C Speakers,Haut-parleur coaxial a deux entrees,12CXN76,8+8 ohm,Neodymium,Cylindrique,0.19,0.2,8.0,Aluminium,,Fibre de verre,Aluminium,,350.0,99.0,42.0,5.0,5.0,4.0,47.0,210.0,120.0,4.27,0.8,522.0,17.6,,,8.0,16.2,4.1
60,543.0,B&C Speakers,Haut-parleur coaxial a deux entrees,12CXN88,8+8 ohm,Neodymium,Cylindrique,0.22,0.23,8.3,Aluminium,,Fibre de verre,Aluminium,,500.0,100.0,50.0,6.0,5.0,8.0,60.0,217.0,59.0,3.08,1.05,522.0,20.9,,,11.0,21.5,3.6
61,212.0,B&C Speakers,Haut-parleur coaxial a deux entrees,12CXT,8+8 ohm,Ferrite,Cylindrique,0.32,0.35,3.9,Aluminium,,Aluminium,Cuivre,,200.0,98.0,49.0,5.6,5.3,3.0,43.0,140.0,91.0,2.94,1.2,522.0,14.4,,,,,3.1
62,354.0,B&C Speakers,Haut-parleur coaxial a deux entrees,12FCX76,8+8 ohm,Ferrite,Cylindrique,0.34,0.35,11.0,Aluminium,,Fibre de verre,Aluminium,,350.0,98.0,47.0,8.0,5.3,6.5,54.0,134.0,82.0,2.34,1.3,522.0,15.6,,,8.0,16.5,2.3
63,274.0,B&C Speakers,Haut parleur a cone,12FG100,4 ohm,Ferrite,Cylindrique,0.32,0.34,5.4,Aluminium,Caoutchouc,Fibre de verre,Cuivre,,1000.0,91.0,34.0,12.5,2.9,10.3,161.9,100.0,53.0,0.59,1.15,522.0,17.24,,2000.0,12.0,26.5,0.57
64,274.0,B&C Speakers,Haut parleur a cone,12FG100,8 ohm,Ferrite,Cylindrique,0.36,0.39,5.1,Aluminium,Caoutchouc,Fibre de verre,Cuivre,,1000.0,91.0,34.0,12.5,4.9,10.3,167.8,87.0,49.0,0.48,0.96,522.0,21.4,,2000.0,12.0,26.5,0.49
65,361.0,B&C Speakers,Haut-parleur coaxial a deux entrees,12FHX76,8+8 ohm,Ferrite,Cylindrique,0.33,0.36,5.4,Aluminium,,Fibre de verre,Aluminium,,350.0,98.0,48.0,8.5,5.2,6.5,47.0,133.0,88.0,2.6,1.6,522.0,14.4,,,16.5,8.0,2.7
66,159.0,B&C Speakers,Haut parleur a cone,12FW64,4 ohm,Ferrite,Cylindrique,0.3,0.32,6.39,Aluminium,,Fibre de verre,Aluminium,,250.0,98.0,53.0,5.6,3.4,4.5,45.4,166.0,80.9,3.62,0.56,522.0,12.59,,,,,3.32
67,159.0,B&C Speakers,Haut parleur a cone,12FW64,8 ohm,Ferrite,Cylindrique,0.29,0.32,3.5,Aluminium,,Fibre de verre,Aluminium,,250.0,98.0,55.0,5.6,5.2,5.0,47.0,172.0,64.0,3.2,1.0,522.0,15.5,,,8.0,14.0,3.6
68,178.0,B&C Speakers,Haut parleur a cone,12FW76,16 ohm,Ferrite,Cylindrique,0.19,0.2,4.7,Aluminium,Tissu,Fibre de verre,Cuivre,,500.0,100.0,51.0,8.5,10.1,7.0,67.2,255.0,56.4,3.6,2.46,522.0,32.9,200.0,1000.0,,,3.52
69,178.0,B&C Speakers,Haut parleur a cone,12FW76,4 ohm,Ferrite,Cylindrique,0.17,0.17,4.19,Aluminium,Tissu,Fibre de verre,Cuivre,,500.0,99.0,54.0,8.5,3.1,7.0,69.4,318.0,48.5,4.32,1.01,522.0,20.38,200.0,,11.0,19.0,4.15
70,178.0,B&C Speakers,Haut parleur a cone,12FW76,8 ohm,Ferrite,Cylindrique,0.18,0.18,3.8,Aluminium,Tissu,Fibre de verre,Cuivre,,500.0,100.0,54.0,8.5,5.1,7.0,75.0,300.0,45.0,3.78,1.4,522.0,26.4,200.0,,11.0,19.0,3.7
71,191.0,B&C Speakers,Haut parleur a cone,12FW88,8 ohm,Ferrite,Cylindrique,0.33,0.35,7.7,Aluminium,Tissu,Fibre de verre,Aluminium,,700.0,97.1,53.0,8.3,5.1,8.0,76.4,151.0,45.7,1.87,0.9,531.0,19.5,,1400.0,11.0,21.5,
72,457.0,B&C Speakers,Haut-parleur coaxial a deux entrees,12HCX76,8+8 ohm,Neodymium,Cylindrique,0.19,0.2,8.0,Aluminium,,Fibre de verre,Aluminium,,350.0,99.0,42.0,5.2,5.0,4.0,47.0,210.0,120.0,4.27,0.8,522.0,17.6,,,8.0,16.5,4.1
73,143.0,B&C Speakers,Haut parleur a cone,12HPL64,4 ohm,Neodymium,Cylindrique,0.33,0.34,5.8,Aluminium,,Fibre de verre,Aluminium,,200.0,98.4,50.0,2.1,3.4,4.0,40.4,147.0,92.3,3.26,0.7,522.0,11.7,,,,13.5,3.5
74,143.0,B&C Speakers,Haut parleur a cone,12HPL64,8 ohm,Neodymium,Cylindrique,0.32,0.35,3.3,Aluminium,,Fibre de verre,Aluminium,,200.0,100.0,52.0,2.1,6.0,4.0,42.0,149.0,85.0,3.28,1.1,522.0,14.9,,,8.0,13.0,3.3
75,176.0,B&C Speakers,Haut parleur a cone,12HPL76,4 ohm,Neodymium,Cylindrique,0.23,0.24,5.18,Aluminium,,Fibre de verre,Aluminium,,350.0,98.8,51.0,3.2,3.74,4.0,44.5,213.0,84.98,4.51,1.04,522.0,14.79,,,,16.0,4.39
76,176.0,B&C Speakers,Haut parleur a cone,12HPL76,8 ohm,Neodymium,Cylindrique,0.25,0.26,2.5,Aluminium,,Fibre de verre,Aluminium,,350.0,99.0,49.0,3.2,6.0,4.0,43.0,188.0,91.0,3.96,1.5,522.0,17.3,,,10.0,18.0,4.1
77,188.0,B&C Speakers,Haut parleur a cone,12MH32,8 ohm,Ferrite,Cylindrique,0.19,0.2,7.2,Aluminium,,Fibre de verre,Cuivre,,400.0,101.0,53.0,7.6,5.2,5.0,54.0,265.0,63.0,4.51,0.83,522.0,22.3,,,8.0,14.0,4.8
78,176.0,B&C Speakers,Haut parleur a cone,12MH801,8 ohm,Ferrite,Cylindrique,0.21,0.22,5.6,Aluminium,Tissu,Fibre de verre,Aluminium,,350.0,100.0,53.0,7.4,5.0,6.0,46.0,241.0,76.0,4.94,0.57,522.0,18.6,,700.0,16.0,8.0,4.82
79,295.0,B&C Speakers,Haut parleur a cone,12NBX100,8 ohm,Neodymium,Cylindrique,0.22,0.24,3.9,Aluminium,,Fibre de verre,Cuivre,,1000.0,96.0,41.0,8.0,5.1,10.0,117.0,171.0,51.0,1.41,1.9,531.0,25.6,157.0,,11.0,25.0,1.45
80,186.0,B&C Speakers,Haut parleur a cone,12NDL76,16 ohm,Neodymium,Cylindrique,0.27,0.3,3.8,Aluminium,,Fibre de verre,Aluminium,,400.0,100.0,50.0,3.9,10.2,7.0,56.0,167.0,69.0,2.76,1.7,522.0,24.7,,,10.0,19.0,2.8
81,195.0,B&C Speakers,Haut parleur a cone,12NDL76,4 ohm,Neodymium,Cylindrique,0.19,0.2,3.25,Aluminium,,Fibre de verre,Aluminium,,400.0,99.8,50.0,3.9,3.1,6.0,54.0,250.0,70.0,4.2,0.72,522.0,16.5,,,10.0,18.5,4.57
82,186.0,B&C Speakers,Haut parleur a cone,12NDL76,8 ohm,Neodymium,Cylindrique,0.2,0.21,4.2,Aluminium,,Fibre de verre,Aluminium,,400.0,100.0,50.0,3.9,5.3,7.0,53.0,238.0,73.0,4.18,1.0,522.0,20.1,,,10.0,19.0,4.3
83,247.0,B&C Speakers,Haut parleur a cone,12NDL88,16 ohm,Neodymium,Cylindrique,0.37,0.38,8.3,Aluminium,,Fibre de verre,Aluminium,,700.0,97.0,50.0,4.5,11.1,8.0,70.0,132.0,55.0,1.74,2.1,522.0,25.3,,,10.0,21.0,1.8
84,247.0,B&C Speakers,Haut parleur a cone,12NDL88,4 ohm,Neodymium,Cylindrique,0.24,0.25,6.8,Aluminium,,Fibre de verre,Aluminium,,700.0,97.0,48.0,4.5,3.1,8.0,73.6,192.0,57.0,2.43,0.9,522.0,16.6,,,10.0,21.0,2.5
85,235.0,B&C Speakers,Haut parleur a cone,12NDL88,8 ohm,Neodymium,Cylindrique,0.27,0.29,5.0,Aluminium,,Fibre de verre,Aluminium,,700.0,98.0,51.0,4.5,5.0,8.0,71.0,176.0,52.0,2.29,1.3,522.0,19.9,,,10.0,21.0,2.3
86,308.0,B&C Speakers,Haut parleur a cone,12NW100,4 ohm,Neodymium,Cylindrique,0.2,0.21,5.8,Aluminium,,Fibre de verre,Cuivre,,1000.0,92.0,44.0,8.2,3.8,9.0,120.0,210.0,43.3,1.69,1.79,531.0,24.38,,,12.0,25.0,1.69
87,308.0,B&C Speakers,Haut parleur a cone,12NW100,8 ohm,Neodymium,Cylindrique,0.2,0.21,3.6,Aluminium,,Fibre de verre,Cuivre,,1000.0,96.0,42.0,8.2,5.1,9.0,119.0,200.0,44.0,1.5,1.9,531.0,28.0,,,12.0,25.0,1.7
88,238.0,B&C Speakers,Haut parleur a cone,12NW76,4 ohm,Neodymium,Cylindrique,0.15,0.15,3.75,Aluminium,,Fibre de verre,Cuivre,,500.0,98.0,43.0,4.9,3.4,8.0,82.0,287.0,64.5,3.29,1.1,522.0,22.0,,,11.0,19.0,3.2
89,226.0,B&C Speakers,Haut parleur a cone,12NW76,8 ohm,Neodymium,Cylindrique,0.16,0.17,3.7,Aluminium,,Fibre de verre,Cuivre,,500.0,98.5,40.0,4.9,5.3,8.0,77.0,235.0,76.0,2.75,1.25,522.0,25.5,,,11.0,19.0,2.8
90,150.0,B&C Speakers,Haut parleur a cone,12PE32,8 ohm,Ferrite,Cylindrique,0.18,0.19,7.6,Aluminium,,Fibre de verre,Aluminium,,250.0,101.0,51.0,7.6,5.8,2.8,37.0,268.0,101.0,6.77,1.2,522.0,19.1,,,7.0,12.0,6.8
91,146.0,B&C Speakers,Haut parleur a cone,12PH32,8 ohm,Ferrite,Cylindrique,0.28,0.3,4.3,Aluminium,,Fibre de verre,Aluminium,,250.0,99.5,42.0,5.0,5.8,3.0,35.0,140.0,155.0,3.68,1.3,522.0,13.3,,,9.0,12.5,3.8
92,257.0,B&C Speakers,Haut parleur a cone,12PLB100,8 ohm,Ferrite,Cylindrique,0.37,0.38,9.2,Aluminium,,Fibre de verre,Aluminium,,600.0,97.0,50.0,9.3,5.1,9.0,77.0,132.0,47.0,1.49,1.6,531.0,18.4,200.0,,10.0,23.0,1.7
93,235.0,B&C Speakers,Haut parleur a cone,12PS100,4 ohm,Ferrite,Cylindrique,0.29,0.31,6.22,Aluminium,Tissu,Fibre de verre,Cuivre,,700.0,93.0,49.0,8.8,3.2,5.5,103.8,158.0,39.5,1.44,1.33,531.0,18.19,,,10.5,16.0,1.49
94,235.0,B&C Speakers,Haut parleur a cone,12PS100,8 ohm,Ferrite,Cylindrique,0.27,0.29,3.9,Aluminium,Tissu,Fibre de verre,Cuivre,,700.0,93.0,44.0,8.8,5.3,8.0,106.0,152.0,47.0,1.33,2.0,531.0,22.5,,,11.0,21.0,1.3
95,175.0,B&C Speakers,Haut parleur a cone,12PS76,4 ohm,Ferrite,Cylindrique,0.17,0.18,3.37,Aluminium,,Fibre de verre,Cuivre,,450.0,96.0,41.0,7.6,3.0,7.0,82.6,228.0,71.7,2.64,1.12,522.0,18.8,,900.0,,,2.51
96,175.0,B&C Speakers,Haut parleur a cone,12PS76,8 ohm,Ferrite,Cylindrique,0.2,0.22,3.8,Aluminium,,Fibre de verre,Cuivre,,450.0,95.0,42.0,7.6,6.1,7.0,74.0,191.0,75.0,2.43,2.0,522.0,23.5,,,10.5,22.0,2.4
97,421.0,B&C Speakers,Haut parleur a cone,12SW115,4 ohm,Neodymium,Cylindrique,0.25,0.26,9.8,Aluminium,Tissu,Fibre de verre,Cuivre,,1700.0,92.0,39.0,10.2,3.1,13.8,192.0,150.0,33.0,0.73,1.35,522.0,23.8,168.0,3400.0,14.0,34.5,0.77
98,427.0,B&C Speakers,Haut parleur a cone,12SW115,8 ohm,Neodymium,Cylindrique,0.21,0.22,9.4,Aluminium,Tissu,Fibre de verre,Cuivre,,1700.0,94.0,36.0,10.2,4.6,13.5,179.0,164.0,42.0,0.86,1.95,522.0,29.0,168.0,3400.0,14.0,34.0,0.9
99,242.0,B&C Speakers,Haut parleur a cone,12TBX100,4 ohm,Ferrite,Cylindrique,0.23,0.24,6.23,Aluminium,,Fibre de verre,Cuivre,,1000.0,93.0,44.0,11.8,3.6,9.0,125.0,183.0,41.1,1.41,1.74,531.0,22.91,,,12.0,25.0,1.42
100,242.0,B&C Speakers,Haut parleur a cone,12TBX100,8 ohm,Ferrite,Cylindrique,0.26,0.27,6.9,Aluminium,,Fibre de verre,Cuivre,,1000.0,95.0,42.0,11.8,5.1,9.0,119.0,156.0,37.5,0.99,1.6,531.0,25.5,,,12.0,25.0,1.15
101,470.0,B&C Speakers,Haut-parleur coaxial a deux entrees,14CXN76,8+8 ohm,Neodymium,Cylindrique,0.28,0.29,8.5,Aluminium,,Fibre de verre,Aluminium,,400.0,100.0,45.0,5.6,5.2,6.0,67.0,155.0,131.0,3.96,1.0,707.0,18.4,138.0,,9.0,16.5,4.0
102,566.0,B&C Speakers,Haut-parleur coaxial a deux entrees,14CXN88,4+8 ohm,Neodymium,Cylindrique,0.25,0.26,15.0,Aluminium,,Fibre de verre,Aluminium,,500.0,99.0,44.0,6.7,3.2,8.5,78.5,169.0,116.0,3.65,0.72,707.0,16.6,,,10.0,22.0,3.8
103,566.0,B&C Speakers,Haut-parleur coaxial a deux entrees,14CXN88,8+8 ohm,Neodymium,Cylindrique,0.26,0.27,13.0,Aluminium,,Fibre de verre,Aluminium,,500.0,99.0,46.0,7.3,4.7,8.5,83.0,170.0,100.0,3.47,0.95,707.0,20.7,,,10.0,22.0,3.6
104,315.0,B&C Speakers,Haut parleur a cone,14NA100,8 ohm,Neodymium,Cylindrique,0.23,0.24,5.6,Aluminium,,Fibre de verre,CCAW (alu recouvert de cuivre),,800.0,99.0,43.0,8.3,5.1,8.8,96.5,179.0,99.5,3.17,0.74,707.0,23.5,157.0,,11.0,23.0,3.1
105,205.0,B&C Speakers,Haut parleur a cone,14NDL76,8 ohm,Neodymium,Cylindrique,0.3,0.31,8.2,Aluminium,,Fibre de verre,Cuivre,,500.0,99.0,41.0,4.5,5.0,8.0,85.0,132.0,123.0,2.63,1.1,707.0,19.0,119.0,,10.0,21.0,2.7
106,265.0,B&C Speakers,Haut parleur a cone,14NDL88,16 ohm,Neodymium,Cylindrique,0.37,0.39,10.61,Aluminium,,Fibre de verre,Aluminium,,700.0,98.0,44.0,4.7,11.0,7.5,79.5,113.0,115.2,2.42,2.05,707.0,25.0,,1400.0,,,2.45
107,265.0,B&C Speakers,Haut parleur a cone,14NDL88,4 ohm,Neodymium,Cylindrique,0.23,0.24,8.2,Aluminium,,Fibre de verre,Aluminium,,700.0,98.0,40.0,4.7,3.1,8.0,89.0,167.0,128.0,3.28,0.85,707.0,16.9,126.0,,10.0,21.0,3.2
108,265.0,B&C Speakers,Haut parleur a cone,14NDL88,8 ohm,Neodymium,Cylindrique,0.3,0.31,7.8,Aluminium,,Fibre de verre,Aluminium,,700.0,99.0,45.0,4.7,5.0,8.0,86.0,145.0,102.0,2.88,1.2,707.0,19.9,,,10.0,21.0,2.9
109,354.0,B&C Speakers,Haut parleur a cone,15BG100,4 ohm,Neodymium,Cylindrique,0.38,0.42,4.98,Aluminium,,Fibre de verre,Cuivre,,1000.0,93.0,35.0,8.6,3.1,10.5,214.8,83.0,96.6,0.95,1.1,855.0,18.97,,,11.0,26.5,0.99
110,354.0,B&C Speakers,Haut parleur a cone,15BG100,8 ohm,Neodymium,Cylindrique,0.44,0.49,5.0,Aluminium,,Fibre de verre,Cuivre,,1000.0,94.5,36.0,8.6,5.1,10.5,240.0,73.0,83.0,0.76,1.6,855.0,23.0,,,11.0,27.0,0.8
111,331.0,B&C Speakers,Haut parleur a cone,15BG76,8 ohm,Neodymium,Cylindrique,0.56,0.61,6.2,Aluminium,Caoutchouc,Fibre de verre,Cuivre,,500.0,93.4,44.0,6.0,5.4,9.6,194.0,72.0,68.4,0.92,1.29,855.0,21.7,,1000.0,11.5,25.0,0.93
112,171.0,B&C Speakers,Haut parleur a cone,15CL76,8 ohm,Neodymium,Cylindrique,0.33,0.34,7.9,Acier,,Fibre de verre,Cuivre,,400.0,98.5,42.0,3.2,5.1,7.0,108.0,124.0,135.0,2.83,1.3,855.0,21.0,,,11.0,19.0,2.9
113,180.0,B&C Speakers,Haut parleur a cone,15CLA76,8 ohm,Neodymium,Cylindrique,0.3,0.31,6.9,Acier,,Fibre de verre,CCAW (alu recouvert de cuivre),,350.0,99.0,40.0,3.9,5.2,5.5,93.0,129.0,176.0,3.49,0.5,855.0,19.8,106.0,,11.0,16.0,3.5
114,451.0,B&C Speakers,Haut-parleur coaxial a deux entrees,15CX40,8+8 ohm,Ferrite,Cylindrique,0.43,0.46,6.7,Aluminium,,,Aluminium,,400.0,99.0,44.0,13.7,5.1,4.5,84.0,96.0,162.0,2.88,1.1,855.0,15.9,,,,,2.8
115,450.0,B&C Speakers,Haut-parleur coaxial a deux entrees,15CXN76,8+8 ohm,Neodymium,Cylindrique,0.28,0.3,5.8,Aluminium,,Fibre de verre,Aluminium,,400.0,99.0,38.0,5.6,5.1,4.5,82.0,127.0,246.0,4.32,0.9,855.0,17.8,,,8.0,16.5,3.7
116,569.0,B&C Speakers,Haut-parleur coaxial a deux entrees,15CXN88,8+8 ohm,Neodymium,Cylindrique,0.25,0.26,10.3,Aluminium,,Aluminium,Aluminium,,500.0,100.0,40.0,9.2,5.0,8.5,93.0,154.0,178.0,4.21,1.05,855.0,21.2,,,11.0,22.0,4.2
117,391.0,B&C Speakers,Haut parleur a cone,15DS100,4 ohm,Neodymium,Cylindrique,0.23,0.23,8.16,,Tissu,Fibre de verre,Aluminium,,1500.0,96.8,39.0,9.6,2.4,13.0,233.0,170.0,73.0,1.81,2.8,855.0,24.3,,,16.0,34.0,1.8
118,391.0,B&C Speakers,Haut parleur a cone,15DS100,8 ohm,Neodymium,Cylindrique,0.26,0.27,7.75,,Tissu,Fibre de verre,Aluminium,,1500.0,96.8,39.0,9.6,4.5,14.5,220.0,144.0,76.0,1.61,4.6,855.0,30.68,,,16.0,37.0,1.77
119,456.0,B&C Speakers,Haut parleur a cone,15DS115,4 ohm,Neodymium,Cylindrique,0.16,0.17,4.7,Aluminium,,Fibre de verre,Aluminium,,1600.0,96.0,34.0,11.6,3.2,16.5,273.0,200.0,83.0,1.85,3.2,855.0,33.6,,,14.0,40.0,1.9
120,456.0,B&C Speakers,Haut parleur a cone,15DS115,8 ohm,Neodymium,Cylindrique,0.17,0.18,5.2,Aluminium,,Fibre de verre,Aluminium,,1600.0,97.0,33.0,11.6,4.9,16.5,254.0,183.0,94.0,1.81,4.5,855.0,38.7,,,14.0,40.0,1.9
121,371.0,B&C Speakers,Haut-parleur coaxial a deux entrees,15FCX76,8+8 ohm,Ferrite,Cylindrique,0.44,0.47,8.3,Aluminium,,Fibre de verre,Aluminium,,400.0,98.0,40.0,9.0,5.2,6.5,87.0,85.0,187.0,2.45,1.2,855.0,15.6,,,8.0,16.5,2.5
122,384.0,B&C Speakers,Haut-parleur coaxial a deux entrees,15FHX76,8+8 ohm,Ferrite,Cylindrique,0.43,0.47,5.2,Aluminium,,Fibre de verre,Aluminium,,400.0,98.0,40.0,10.6,5.2,6.5,88.0,85.0,186.0,2.44,1.5,855.0,15.5,,,8.0,16.5,2.4
123,205.0,B&C Speakers,Haut parleur a cone,15FW76,16 ohm,Ferrite,Cylindrique,0.23,0.24,4.0,Aluminium,,Fibre de verre,Cuivre,,600.0,100.0,42.0,9.2,9.9,7.0,104.4,175.0,141.3,4.19,2.38,855.0,33.43,200.0,1200.0,,,4.13
124,205.0,B&C Speakers,Haut parleur a cone,15FW76,4 ohm,Ferrite,Cylindrique,0.17,0.18,3.2,Aluminium,,Fibre de verre,Cuivre,,500.0,100.0,42.0,9.2,3.0,7.0,113.0,233.0,135.0,5.34,1.04,855.0,22.44,200.0,,11.0,19.5,5.2
125,205.0,B&C Speakers,Haut parleur a cone,15FW76,8 ohm,Ferrite,Cylindrique,0.21,0.22,5.1,Aluminium,,Fibre de verre,Cuivre,,500.0,100.0,40.0,9.2,5.1,7.0,117.0,182.0,138.0,3.86,1.4,855.0,26.2,200.0,,11.0,19.0,3.9
126,218.0,B&C Speakers,Haut parleur a cone,15FW88,8 ohm,Ferrite,Cylindrique,0.43,0.45,9.3,Aluminium,Tissu,Fibre de verre,Aluminium,,700.0,98.1,49.0,9.0,5.2,8.0,106.8,109.0,103.7,2.61,0.81,855.0,19.27,,1400.0,11.0,21.5,2.63
127,477.0,B&C Speakers,Haut-parleur coaxial a deux entrees,15HCX76,8+8 ohm,Neodymium,Cylindrique,0.28,0.3,5.8,Aluminium,,Fibre de verre,Aluminium,,400.0,99.0,38.0,7.0,5.1,4.5,82.0,127.0,246.0,4.32,0.9,855.0,17.8,,,8.0,16.5,3.7
128,205.0,B&C Speakers,Haut parleur a cone,15HPL76,4 ohm,Neodymium,Cylindrique,0.3,0.32,4.44,Aluminium,,,Aluminium,,350.0,96.7,35.0,5.3,3.82,4.0,76.1,109.0,300.0,3.86,1.3,855.0,13.88,,,,16.5,3.47
129,198.0,B&C Speakers,Haut parleur a cone,15HPL76,8 ohm,Neodymium,Cylindrique,0.29,0.32,4.0,Aluminium,,,Aluminium,,350.0,99.5,39.0,,5.4,4.0,88.0,122.0,194.0,3.46,1.7,855.0,19.2,,,10.0,16.0,3.5
130,193.0,B&C Speakers,Haut parleur a cone,15NA100,8 ohm,Neodymium,Cylindrique,0.28,0.29,6.1,Aluminium,,Fibre de verre,Aluminium,,800.0,98.0,47.0,9.3,5.1,10.0,136.0,162.0,88.0,3.03,1.2,855.0,26.3,,,11.0,23.0,2.9
131,301.0,B&C Speakers,Haut parleur a cone,15NBX100,4 ohm,Neodymium,Cylindrique,0.27,0.3,4.77,Aluminium,,Fibre de verre,Cuivre,,1000.0,95.0,37.0,9.0,3.6,10.0,176.0,123.0,109.6,1.78,1.58,855.0,22.69,157.0,,11.0,25.0,1.82
132,301.0,B&C Speakers,Haut parleur a cone,15NBX100,8 ohm,Neodymium,Cylindrique,0.29,0.31,4.2,Aluminium,,Fibre de verre,Cuivre,,1000.0,97.0,36.0,9.0,5.1,10.0,151.0,116.0,125.0,1.81,2.0,855.0,25.0,157.0,,11.0,25.0,2.0
133,212.0,B&C Speakers,Haut parleur a cone,15NDL76,4 ohm,Neodymium,Cylindrique,0.22,0.23,4.1,Aluminium,Tissu,Fibre de verre,Cuivre,,500.0,99.0,38.0,4.6,3.1,7.0,100.0,165.0,180.0,4.13,0.9,855.0,18.5,,,10.0,19.5,3.8
134,201.0,B&C Speakers,Haut parleur a cone,15NDL76,8 ohm,Neodymium,Cylindrique,0.22,0.24,4.5,Aluminium,Tissu,Fibre de verre,Cuivre,,500.0,99.5,37.0,4.6,5.3,7.0,96.0,154.0,195.0,3.96,1.5,855.0,22.5,,,11.0,18.0,4.1
135,301.0,B&C Speakers,Haut parleur a cone,15NW100,16 ohm,Neodymium,Cylindrique,0.34,0.36,4.53,Aluminium,,Fibre de verre,Cuivre,,600.0,96.0,42.0,,10.1,8.5,155.0,117.0,89.0,1.76,2.99,855.0,34.3,,1200.0,,,1.94
136,301.0,B&C Speakers,Haut parleur a cone,15NW100,4 ohm,Neodymium,Cylindrique,0.23,0.23,5.41,Aluminium,,Fibre de verre,Cuivre,,1000.0,95.0,34.0,8.6,3.7,9.0,180.0,148.0,126.1,2.07,1.74,855.0,24.54,,,12.0,25.0,2.0
137,286.0,B&C Speakers,Haut parleur a cone,15NW100,8 ohm,Neodymium,Cylindrique,0.22,0.23,4.3,Aluminium,,Fibre de verre,Cuivre,,1000.0,97.0,33.0,8.6,5.1,9.0,173.0,143.0,139.0,2.09,1.9,855.0,28.0,,,12.0,25.0,2.1
138,264.0,B&C Speakers,Haut parleur a cone,15NW76,16 ohm,Neodymium,Cylindrique,0.3,0.31,5.41,Aluminium,,Fibre de verre,Cuivre,,600.0,100.0,39.0,5.6,10.0,8.0,110.2,126.0,153.0,2.82,2.0,855.0,29.56,,1200.0,,,2.85
139,264.0,B&C Speakers,Haut parleur a cone,15NW76,4 ohm,Neodymium,Cylindrique,0.21,0.21,6.41,Aluminium,,Fibre de verre,Cuivre,,600.0,99.0,39.0,6.9,3.1,8.0,119.0,186.0,143.0,3.88,0.88,855.0,20.64,,,11.0,19.0,3.88
140,250.0,B&C Speakers,Haut parleur a cone,15NW76,8 ohm,Neodymium,Cylindrique,0.22,0.23,4.3,Aluminium,,Fibre de verre,Cuivre,,600.0,100.5,42.0,5.6,5.3,8.0,104.0,183.0,130.0,4.03,1.25,855.0,25.5,,,11.0,19.0,4.4
141,219.0,B&C Speakers,Haut parleur a cone,15PK40,8 ohm,Ferrite,Cylindrique,0.31,0.33,5.1,Aluminium,,Fibre de verre,Cuivre,,400.0,99.0,47.0,8.3,5.1,4.0,84.0,142.0,140.0,4.23,2.3,855.0,19.7,,,9.0,16.0,4.2
142,252.0,B&C Speakers,Haut parleur a cone,15PL100,8 ohm,Ferrite,Cylindrique,0.2,0.21,6.6,Aluminium,,Fibre de verre,Cuivre,,700.0,97.0,37.0,11.9,5.0,7.0,121.0,176.0,154.0,3.57,1.7,855.0,26.8,,,11.0,21.0,3.6
143,212.0,B&C Speakers,Haut parleur a cone,15PLB76,4 ohm,Ferrite,Cylindrique,0.21,0.22,4.3,Aluminium,,Fibre de verre,Cuivre,,400.0,100.0,40.0,8.5,3.3,5.0,101.0,182.0,154.3,4.31,1.11,855.0,20.2,,,10.5,17.5,4.79
144,212.0,B&C Speakers,Haut parleur a cone,15PLB76,8 ohm,Ferrite,Cylindrique,0.25,0.26,5.9,Aluminium,,Fibre de verre,Cuivre,,400.0,100.0,42.0,8.5,5.0,5.0,88.0,162.0,164.0,4.49,1.3,855.0,22.1,,,11.0,16.0,4.5
145,237.0,B&C Speakers,Haut parleur a cone,15PS100,4 ohm,Ferrite,Cylindrique,0.32,0.33,6.5,Aluminium,Tissu,Fibre de verre,Cuivre,,700.0,95.0,31.0,9.8,4.0,8.0,154.0,94.0,172.0,1.5,1.4,855.0,19.0,,,,,1.58
146,237.0,B&C Speakers,Haut parleur a cone,15PS100,8 ohm,Ferrite,Cylindrique,0.43,0.47,6.0,Aluminium,Tissu,Fibre de verre,Cuivre,,700.0,95.0,39.0,9.8,5.2,8.0,160.0,83.0,103.0,1.25,2.0,855.0,21.2,,,11.0,21.0,1.35
147,218.0,B&C Speakers,Haut parleur a cone,15PS76,4 ohm,Ferrite,Cylindrique,0.22,0.23,5.0,Aluminium,Tissu,Fibre de verre,Cuivre,,550.0,98.0,37.0,8.7,3.0,6.0,123.9,161.0,158.0,3.35,0.99,855.0,19.26,,,10.5,19.5,3.09
148,207.0,B&C Speakers,Haut parleur a cone,15PS76,8 ohm,Ferrite,Cylindrique,0.26,0.28,5.2,Aluminium,Tissu,Fibre de verre,Cuivre,,550.0,99.0,38.0,8.7,5.0,7.5,106.0,136.0,164.0,3.09,1.3,855.0,22.1,,,11.0,19.0,3.3
149,268.0,B&C Speakers,Haut parleur a cone,15PZB100,4 ohm,Ferrite,Cylindrique,0.27,0.27,10.61,Aluminium,Tissu,Fibre de verre,Cuivre,,700.0,96.0,41.0,11.8,3.9,8.0,150.8,152.0,101.7,2.5,1.59,855.0,23.75,,,8.5,19.0,2.52
150,268.0,B&C Speakers,Haut parleur a cone,15PZB100,8 ohm,Ferrite,Cylindrique,0.29,0.3,6.5,Aluminium,Tissu,Fibre de verre,Cuivre,,700.0,97.0,39.0,11.8,5.2,8.0,154.0,130.0,110.0,2.09,2.0,855.0,25.8,,,9.0,21.0,2.1
151,241.0,B&C Speakers,Haut parleur a cone,15RBX100,4 ohm,Ferrite,Cylindrique,0.35,0.38,6.3,Aluminium,,Fibre de verre,Cuivre,,1000.0,94.0,42.0,11.7,3.7,9.0,159.0,111.0,86.0,1.61,0.9,908.0,21.3,210.0,,11.0,25.0,2.1
152,241.0,B&C Speakers,Haut parleur a cone,15RBX100,8 ohm,Ferrite,Cylindrique,0.38,0.4,5.65,Aluminium,,Fibre de verre,Cuivre,,1000.0,95.0,44.0,11.7,5.3,9.0,154.0,110.0,100.0,2.05,1.2,908.0,24.0,210.0,,11.0,25.0,2.0
153,371.0,B&C Speakers,Haut parleur a cone,15SW100,4 ohm,Neodymium,Cylindrique,0.28,0.29,5.33,Aluminium,,Fibre de verre,Cuivre,,1500.0,95.0,37.0,9.5,3.2,12.5,193.0,128.0,99.5,1.67,1.48,855.0,22.09,,,16.0,32.0,1.62
154,371.0,B&C Speakers,Haut parleur a cone,15SW100,8 ohm,Neodymium,Cylindrique,0.31,0.34,4.8,Aluminium,,Fibre de verre,Cuivre,,1500.0,95.0,37.0,9.5,5.4,12.5,176.0,109.0,110.0,1.58,2.2,855.0,25.6,,,16.0,32.0,1.6
155,453.0,B&C Speakers,Haut parleur a cone,15SW115,4 ohm,Neodymium,Cylindrique,0.22,0.23,5.8,Aluminium,,Fibre de verre,Cuivre,,1700.0,96.0,34.0,12.0,3.2,13.5,212.0,148.0,105.0,1.73,1.27,855.0,25.5,,,14.0,34.0,1.75
156,477.0,B&C Speakers,Haut parleur a cone,15SW115,8 ohm,Neodymium,Cylindrique,0.24,0.25,4.4,Aluminium,,Fibre de verre,Cuivre,,1700.0,96.0,35.0,12.0,5.2,13.5,200.0,140.0,110.0,1.82,1.8,855.0,30.0,,,14.0,34.0,1.8
157,298.0,B&C Speakers,Haut parleur a cone,15TBW100,4 ohm,Ferrite,Cylindrique,0.28,0.3,5.55,Aluminium,,Fibre de verre,Cuivre,,1500.0,95.0,39.0,14.3,3.2,12.0,197.0,130.0,88.0,1.68,1.64,855.0,22.56,,,15.0,31.0,1.64
158,283.0,B&C Speakers,Haut parleur a cone,15TBW100,8 ohm,Ferrite,Cylindrique,0.31,0.33,4.4,Aluminium,,Fibre de verre,Cuivre,,1500.0,96.0,39.0,14.3,5.3,12.0,181.0,118.0,96.0,1.66,2.2,855.0,26.4,220.0,,15.0,31.0,1.6
159,254.0,B&C Speakers,Haut parleur a cone,15TBX100,4 ohm,Ferrite,Cylindrique,0.27,0.28,5.73,Aluminium,,Fibre de verre,Cuivre,,1000.0,93.0,34.0,12.3,3.7,9.0,173.0,121.0,129.6,1.75,1.49,855.0,22.13,,,12.0,25.0,1.74
160,254.0,B&C Speakers,Haut parleur a cone,15TBX100,8 ohm,Ferrite,Cylindrique,0.28,0.3,5.2,Aluminium,,Fibre de verre,Cuivre,,1000.0,96.0,35.0,12.3,5.1,9.0,163.0,117.0,113.0,1.56,1.6,855.0,25.5,,,12.0,25.0,1.95
161,424.0,B&C Speakers,Haut parleur a cone,18DS100,4 ohm,Neodymium,Cylindrique,0.24,0.24,10.0,,Tissu,Fibre de verre,Aluminium,,1500.0,98.0,32.0,10.5,2.5,13.0,300.0,133.0,157.0,2.06,2.82,1210.0,24.3,,,16.0,34.0,2.32
162,403.0,B&C Speakers,Haut parleur a cone,18DS100,8 ohm,Neodymium,Cylindrique,0.29,0.3,9.5,,Tissu,Fibre de verre,Aluminium,,1500.0,97.5,34.0,,4.5,14.5,278.0,113.0,155.0,1.95,4.4,1210.0,30.0,,,16.0,37.0,2.1
163,497.0,B&C Speakers,Haut parleur a cone,18DS115,4 ohm,Neodymium,Cylindrique,0.17,0.18,4.75,Aluminium,,Fibre de verre,Aluminium,,1700.0,97.0,30.0,14.4,3.3,16.5,348.0,167.0,177.0,2.55,2.8,1210.0,34.0,,,14.0,40.0,2.3
164,497.0,B&C Speakers,Haut parleur a cone,18DS115,8 ohm,Neodymium,Cylindrique,0.2,0.21,4.3,Aluminium,,Fibre de verre,Aluminium,,1700.0,98.0,30.0,14.4,5.0,16.5,330.0,143.0,168.0,2.08,3.85,1210.0,39.0,,,14.0,40.0,2.2
165,754.0,B&C Speakers,Haut parleur a cone,18IPAL,2 ohm,Neodymium,Cylindrique,0.14,0.14,4.2,Aluminium,,Fibre de verre,Aluminium,,1700.0,97.0,32.0,17.6,1.3,20.0,330.0,229.0,164.0,3.69,0.65,1210.0,24.5,,,12.0,44.0,3.3
166,311.0,B&C Speakers,Haut parleur a cone,18NBX100,4 ohm,Neodymium,Cylindrique,0.38,0.39,5.6,Aluminium,,Fibre de verre,Cuivre,,1200.0,96.0,35.0,9.3,5.2,10.0,217.0,90.0,198.0,2.09,1.85,1210.0,24.8,,,11.0,25.0,2.0
167,311.0,B&C Speakers,Haut parleur a cone,18NBX100,8 ohm,Neodymium,Cylindrique,0.38,0.4,5.6,Aluminium,,Fibre de verre,Cuivre,,1200.0,96.5,35.0,9.3,5.2,10.0,217.0,88.0,198.0,2.04,1.85,1210.0,24.8,157.0,,11.0,25.0,2.0
168,318.0,B&C Speakers,Haut parleur a cone,18NW100,16 ohm,Neodymium,Cylindrique,0.37,0.38,7.93,Aluminium,,Fibre de verre,Cuivre,,1000.0,98.0,34.0,,10.4,10.0,214.9,89.0,211.8,2.11,3.03,1210.0,35.18,,2000.0,,,2.05
169,302.0,B&C Speakers,Haut parleur a cone,18NW100,4 ohm,Neodymium,Cylindrique,0.27,0.28,6.2,Aluminium,,Fibre de verre,Cuivre,,1200.0,95.0,30.0,9.3,3.7,9.0,244.0,107.0,203.5,1.89,1.7,1210.0,24.7,,,12.0,25.0,1.95
170,302.0,B&C Speakers,Haut parleur a cone,18NW100,8 ohm,Neodymium,Cylindrique,0.26,0.27,4.2,Aluminium,,Fibre de verre,Cuivre,,1200.0,98.0,31.0,9.3,5.1,9.0,211.0,115.0,252.0,2.67,1.7,1210.0,28.0,,,12.0,25.0,2.7
171,251.0,B&C Speakers,Haut parleur a cone,18PS100,4 ohm,Ferrite,Cylindrique,0.39,0.41,9.78,Aluminium,Tissu,Fibre de verre,Cuivre,,700.0,95.5,30.0,10.5,3.0,9.0,227.5,73.0,251.8,1.6,1.18,1210.0,17.74,,,10.5,19.0,1.63
172,238.0,B&C Speakers,Haut parleur a cone,18PS100,8 ohm,Ferrite,Cylindrique,0.39,0.41,4.6,Aluminium,Tissu,Fibre de verre,Cuivre,,700.0,95.5,30.0,10.5,5.3,8.0,202.0,73.0,245.0,1.55,2.1,1210.0,22.5,,,11.0,21.0,1.6
173,240.0,B&C Speakers,Haut parleur a cone,18PS76,4 ohm,Ferrite,Cylindrique,0.31,0.32,6.34,Aluminium,,Fibre de verre,Cuivre,,700.0,99.0,49.0,10.7,3.0,7.0,160.8,153.0,139.0,4.91,1.91,1210.0,21.2,,,11.0,22.5,3.72
174,228.0,B&C Speakers,Haut parleur a cone,18PS76,8 ohm,Ferrite,Cylindrique,0.27,0.29,6.1,Aluminium,,Fibre de verre,Cuivre,,600.0,99.0,39.0,10.7,5.0,7.0,149.0,134.0,207.0,4.07,1.9,1210.0,25.8,,,11.0,24.0,4.0
175,271.0,B&C Speakers,Haut parleur a cone,18PZW100,8 ohm,Ferrite,Cylindrique,0.36,0.38,7.9,Aluminium,Tissu,Fibre de verre,Cuivre,,1000.0,97.6,37.0,12.2,5.1,8.0,209.0,97.0,186.0,2.39,1.58,1210.0,25.5,,2000.0,11.0,21.0,2.32
176,255.0,B&C Speakers,Haut parleur a cone,18RBX100,4 ohm,Ferrite,Cylindrique,0.4,0.41,8.0,Aluminium,,Fibre de verre,Cuivre,,1000.0,97.0,42.0,12.3,3.5,10.0,210.0,102.0,136.0,2.36,1.2,1225.0,22.0,210.0,,11.0,25.0,2.5
177,258.0,B&C Speakers,Haut parleur a cone,18RBX100,8 ohm,Ferrite,Cylindrique,0.34,0.36,7.3,Aluminium,,Fibre de verre,Cuivre,,1000.0,97.0,40.0,12.3,5.1,10.0,199.0,111.0,220.0,3.76,1.5,1225.0,25.1,,,11.0,25.0,2.2
178,384.0,B&C Speakers,Haut parleur a cone,18SW100,4 ohm,Neodymium,Cylindrique,0.36,0.4,5.91,Aluminium,,Fibre de verre,Cuivre,,1500.0,96.0,36.0,10.0,3.2,12.5,244.0,90.0,160.0,1.8,1.52,1210.0,22.0,,,14.0,32.0,1.92
179,384.0,B&C Speakers,Haut parleur a cone,18SW100,8 ohm,Neodymium,Cylindrique,0.38,0.4,5.9,Aluminium,,Fibre de verre,Cuivre,,1500.0,97.0,35.0,10.0,5.3,12.5,234.0,88.0,180.0,1.86,2.2,1210.0,26.1,,,14.0,32.0,1.9
180,513.0,B&C Speakers,Haut parleur a cone,18SW115,16 ohm,Neodymium,Cylindrique,0.45,0.48,7.21,Aluminium,,Fibre de verre,Cuivre,,1500.0,95.0,35.0,,12.8,14.0,263.8,73.0,163.8,1.41,3.18,1210.0,39.37,,3000.0,,,1.38
181,513.0,B&C Speakers,Haut parleur a cone,18SW115,4 ohm,Neodymium,Cylindrique,0.3,0.31,6.1,Aluminium,,Fibre de verre,Cuivre,,1700.0,96.0,34.0,11.9,3.3,14.0,304.0,110.0,149.1,1.82,1.36,1210.0,26.0,,,14.0,34.0,1.8
182,488.0,B&C Speakers,Haut parleur a cone,18SW115,8 ohm,Neodymium,Cylindrique,0.3,0.32,5.6,Aluminium,,Fibre de verre,Cuivre,,1700.0,97.0,32.0,11.9,5.3,14.0,275.0,100.0,187.0,1.84,1.9,1210.0,30.3,,,14.0,34.0,1.9
183,328.0,B&C Speakers,Haut parleur a cone,18TBW100,4 ohm,Ferrite,Cylindrique,0.32,0.34,6.23,Aluminium,,Fibre de verre,Cuivre,,1500.0,96.0,33.0,15.1,3.2,12.0,268.0,97.0,181.5,1.85,1.64,1210.0,22.8,,,15.0,31.0,1.8
184,311.0,B&C Speakers,Haut parleur a cone,18TBW100,8 ohm,Ferrite,Cylindrique,0.39,0.41,8.0,Aluminium,,Fibre de verre,Cuivre,,1500.0,96.0,35.0,17.0,5.3,12.0,245.0,85.0,175.0,1.76,2.45,1210.0,26.4,,,15.0,31.0,1.76
185,277.0,B&C Speakers,Haut parleur a cone,18TBX100,16 ohm,Ferrite,Cylindrique,0.5,0.54,8.0,Aluminium,,Fibre de verre,Cuivre,,1000.0,96.0,39.0,9.3,10.1,9.0,222.0,72.0,145.0,1.53,2.8,1210.0,32.5,,2000.0,,,1.6
186,264.0,B&C Speakers,Haut parleur a cone,18TBX100,4 ohm,Ferrite,Cylindrique,0.31,0.33,7.0,Aluminium,,Fibre de verre,Cuivre,,1200.0,94.0,30.0,13.0,3.7,9.0,230.0,91.0,256.0,2.02,1.73,1210.0,22.0,,,12.0,25.0,1.96
187,264.0,B&C Speakers,Haut parleur a cone,18TBX100,8 ohm,Ferrite,Cylindrique,0.35,0.37,7.2,Aluminium,,Fibre de verre,Cuivre,,1200.0,97.0,34.0,13.0,5.1,9.0,209.0,92.0,212.0,2.17,1.6,1210.0,25.5,,,12.0,25.0,2.2
188,563.0,B&C Speakers,Haut parleur a cone,21DS115,4 ohm,Neodymium,Cylindrique,0.21,0.2,11.0,Aluminium,,Fibre de verre,Aluminium,,1700.0,99.0,30.0,14.8,2.2,15.0,412.0,150.0,274.0,3.56,2.4,1680.0,28.8,,,14.0,36.0,3.4
189,563.0,B&C Speakers,Haut parleur a cone,21DS115,8 ohm,Neodymium,Cylindrique,0.23,0.24,10.0,Aluminium,,Fibre de verre,Aluminium,,1700.0,99.0,30.0,14.8,5.1,15.0,407.0,125.0,269.0,2.91,4.6,1680.0,40.8,,,14.0,36.0,3.0
190,576.0,B&C Speakers,Haut parleur a cone,21SW115,4 ohm,Neodymium,Cylindrique,0.36,0.37,7.7,Aluminium,,Fibre de verre,Cuivre,,1700.0,97.0,33.0,14.0,3.6,14.0,335.0,89.0,278.0,2.6,1.7,1680.0,24.8,,,14.0,34.0,2.6
191,547.0,B&C Speakers,Haut parleur a cone,21SW115,8 ohm,Neodymium,Cylindrique,0.37,0.39,10.9,Aluminium,,Fibre de verre,Cuivre,,1700.0,97.0,30.0,14.0,5.4,14.0,342.0,77.0,318.0,2.12,2.1,1680.0,30.1,,,14.0,34.0,2.2
192,682.0,B&C Speakers,Haut parleur a cone,21SW152,16 ohm,Neodymium,Cylindrique,0.43,0.46,6.79,Aluminium,,Fibre de verre,Cuivre,,2000.0,96.0,33.0,18.5,11.9,13.5,422.9,72.0,222.0,1.67,3.78,1680.0,47.31,,4000.0,,,1.61
193,648.0,B&C Speakers,Haut parleur a cone,21SW152,4 ohm,Neodymium,Cylindrique,0.3,0.31,7.0,Aluminium,,Fibre de verre,Cuivre,,2000.0,96.0,32.0,18.5,3.3,15.0,460.0,103.0,200.0,2.03,1.5,1680.0,32.5,,,12.0,30.0,2.2
194,682.0,B&C Speakers,Haut parleur a cone,21SW152,8 ohm,Neodymium,Cylindrique,0.36,0.38,6.4,Aluminium,,Fibre de verre,Cuivre,,2000.0,96.0,32.0,18.5,6.0,15.0,450.0,84.0,200.0,1.66,2.2,1680.0,39.0,,,12.0,32.0,1.9
195,129.0,B&C Speakers,Haut parleur a cone,250AMX,8 ohm,Ferrite,Cylindrique,0.28,0.3,5.3,Aluminium,,Fibre de verre,Aluminium,,250.0,98.0,66.0,5.2,5.3,2.4,28.0,220.0,30.0,2.76,1.2,320.0,14.2,,,8.0,12.0,2.8
196,117.0,B&C Speakers,Haut parleur bicone,320KC16A,16 ohm,Ferrite,Cylindrique,0.59,0.61,14.0,,,,Cuivre,,120.0,100.0,82.0,4.8,12.0,2.0,28.0,134.0,52.0,4.52,2.2,522.0,16.8,,,9.0,9.0,4.4
197,117.0,B&C Speakers,Haut parleur bicone,320KC8A,8 ohm,Ferrite,Cylindrique,0.5,0.52,13.3,,,,Cuivre,,120.0,101.0,82.0,4.8,5.4,2.0,27.0,158.0,53.0,5.4,1.1,522.0,12.2,,,9.0,9.0,5.4
198,42.0,B&C Speakers,Haut parleur a cone,35NDF26,8 ohm,Neodymium,Non cylindrique,0.55,0.58,8.8,Acier,,Kapton,Aluminium,,30.0,88.0,98.0,0.18,6.0,3.2,4.0,169.0,1.9,0.3,0.26,46.0,5.1,,,3.0,8.0,0.3
199,118.0,B&C Speakers,Haut-parleur coaxial a deux entrees,4CXN36,16+16 ohm,Neodymium,Non cylindrique,0.97,1.05,12.1,Acier,,Fibre de verre,Aluminium,,100.0,86.0,110.0,0.54,10.9,4.1,5.8,105.0,1.6,0.2,1.26,56.0,6.43,,200.0,6.0,11.2,0.19
200,118.0,B&C Speakers,Haut-parleur coaxial a deux entrees,4CXN36,8+16 ohm,Neodymium,Non cylindrique,0.76,0.8,15.75,Acier,,Fibre de verre,Aluminium,,100.0,86.0,94.0,0.54,5.4,4.0,6.8,118.0,1.9,0.19,0.75,56.0,5.25,,,6.0,11.0,0.19
201,111.0,B&C Speakers,Haut-parleur coaxial a deux entrees,4MCX36,8+8 ohm,Neodymium,Non cylindrique,0.91,1.2,3.9,Acier,Tissu,Fibre de verre,Aluminium,,100.0,87.0,150.0,0.57,5.6,4.0,6.2,125.0,0.8,0.22,0.87,56.0,5.27,,200.0,11.0,6.0,0.22
202,55.0,B&C Speakers,Haut parleur a cone,4NDF34,16 ohm,Neodymium,Non cylindrique,0.45,0.48,6.58,Acier,Polycoton,Fibre de verre,Cuivre,,100.0,91.0,136.0,,10.5,2.0,6.0,283.0,1.0,0.51,0.54,56.0,10.62,,200.0,,,
203,55.0,B&C Speakers,Haut parleur a cone,4NDF34,8 ohm,Neodymium,Non cylindrique,0.27,0.28,4.2,Acier,Polycoton,Fibre de verre,Cuivre,,100.0,92.0,110.0,,5.5,3.8,6.1,393.0,1.6,0.74,0.23,57.0,9.0,,,7.0,11.0,0.7
204,55.0,B&C Speakers,Haut parleur a cone,4NDS34,8 ohm,Neodymium,Non cylindrique,0.24,0.25,8.5,Acier,,Fibre de verre,Cuivre,,100.0,89.0,79.0,,5.5,3.8,7.2,316.0,2.6,0.5,0.21,57.0,8.8,,,7.0,11.0,0.5
205,121.0,B&C Speakers,Haut-parleur coaxial a deux entrees,5CXN36,8+8 ohm,Neodymium,Non cylindrique,0.96,1.05,11.5,Acier,Tissu,Fibre de verre,Aluminium,,100.0,88.5,95.0,0.62,5.9,4.1,8.5,90.0,4.1,0.33,1.0,95.0,5.35,,100.0,611.0,,0.33
206,167.0,B&C Speakers,Haut-parleur coaxial a deux entrees,5CXN44,8+8 ohm,Neodymium,Non cylindrique,0.45,0.47,9.6,Aluminium,,Kapton,Aluminium,,150.0,89.5,70.0,1.2,4.7,5.5,15.0,149.0,4.3,0.31,0.37,95.0,8.1,,,6.0,14.0,0.31
207,142.0,B&C Speakers,Haut-parleur coaxial a deux entrees,5FCX44,8+8 ohm,Ferrite + Neodymium,Non cylindrique,0.25,0.25,7.8,Aluminium,,Kapton,Aluminium,,100.0,91.0,61.0,1.9,5.6,3.0,12.0,244.0,7.0,0.62,0.8,95.0,10.5,,,6.0,9.0,0.6
208,91.0,B&C Speakers,Haut parleur a cone,5FG44,16 ohm,Ferrite,Non cylindrique,0.39,0.4,10.5,Aluminium,,Kapton,Cuivre,,100.0,90.0,70.0,1.6,11.1,3.0,12.0,175.0,5.1,0.42,0.8,92.0,11.6,,,6.0,9.0,0.42
209,91.0,B&C Speakers,Haut parleur a cone,5FG44,8 ohm,Ferrite,Non cylindrique,0.27,0.3,10.0,Aluminium,,Kapton,Cuivre,,100.0,92.0,63.0,1.6,5.8,3.0,12.0,210.0,6.3,0.51,0.8,95.0,10.0,,,6.0,9.0,0.55
210,105.0,B&C Speakers,Haut parleur a cone,5MDN38,16 ohm,Neodymium,Non cylindrique,0.48,0.57,3.0,Aluminium,,Fibre de verre,Aluminium,,100.0,96.0,230.0,0.85,11.7,3.5,8.0,404.0,0.8,1.64,0.7,95.0,15.0,,,6.0,10.0,1.7
211,105.0,B&C Speakers,Haut parleur a cone,5MDN38,8 ohm,Neodymium,Non cylindrique,0.45,0.54,2.6,Aluminium,,Fibre de verre,Aluminium,,100.0,96.0,240.0,0.85,5.6,3.5,9.0,444.0,0.6,1.48,0.4,95.0,11.5,,,6.0,10.0,1.7
212,107.0,B&C Speakers,Haut parleur a cone,5NDL38,16 ohm,Neodymium,Non cylindrique,0.41,0.43,7.15,Aluminium,Caoutchouc,Fibre de verre,Aluminium,,90.0,90.0,75.0,0.85,11.4,3.5,11.0,174.0,5.7,0.54,1.07,95.0,11.4,,,6.0,10.0,0.47
213,107.0,B&C Speakers,Haut parleur a cone,5NDL38,8 ohm,Neodymium,Non cylindrique,0.36,0.37,9.2,Aluminium,,Fibre de verre,Aluminium,,90.0,91.0,80.0,0.85,5.5,3.5,11.0,216.0,4.3,0.58,0.64,95.0,9.2,,,6.0,10.0,0.55
214,129.0,B&C Speakers,Haut parleur a cone,5NSM38,16 ohm,Neodymium,Non cylindrique,0.98,1.17,5.8,Aluminium,,,,,100.0,100.0,310.0,1.6,9.4,2.2,7.9,265.0,0.4,0.98,0.25,95.0,11.2,,,7.3,6.0,1.05
215,129.0,B&C Speakers,Haut parleur a cone,5NSM38,8 ohm,Neodymium,Non cylindrique,0.79,0.99,4.1,Aluminium,,Fibre de verre,Aluminium,,110.0,99.0,300.0,1.4,5.3,2.2,9.0,303.0,0.3,0.79,0.15,95.0,10.1,,,6.0,7.0,1.15
216,126.0,B&C Speakers,Haut parleur a cone,6CLA51,8 ohm,Neodymium,Non cylindrique,0.34,0.39,3.2,Acier,Tissu,Polyimide,Aluminium,,250.0,95.0,107.0,1.2,4.8,4.8,15.0,274.0,3.6,1.09,0.85,132.0,11.2,,500.0,8.0,13.5,1.15
217,126.0,B&C Speakers,Haut-parleur coaxial a deux entrees,6CXN36,8+8 ohm,Neodymium,Non cylindrique,0.92,1.19,4.0,Acier,Tissu,Fibre de verre,Aluminium,,100.0,90.0,90.0,0.74,5.8,4.1,9.7,76.0,7.9,0.47,0.93,132.0,5.2,,200.0,6.0,11.0,0.47
218,149.0,B&C Speakers,Haut-parleur coaxial a deux entrees,6FHX51,8+8 ohm,Ferrite + Neodymium,Non cylindrique,0.37,0.4,7.8,Aluminium,,Kapton,Aluminium,,150.0,93.0,85.0,2.7,5.5,5.0,16.0,213.0,5.0,0.74,1.0,132.0,11.3,,,6.0,13.0,0.83
219,205.0,B&C Speakers,Haut-parleur coaxial a deux entrees,6HCX51,8+8 ohm,Neodymium,Non cylindrique,0.38,0.4,7.5,Aluminium,,Kapton,Aluminium,,150.0,92.0,59.0,1.5,5.2,5.0,16.0,148.0,5.0,0.25,0.8,132.0,10.9,,,6.0,13.0,0.8
220,134.0,B&C Speakers,Haut parleur a cone,6MBX44,16 ohm,Neodymium,Non cylindrique,0.35,0.41,2.9,Aluminium,,Fibre de verre,Aluminium,,200.0,98.0,115.0,1.5,10.4,3.5,12.0,280.0,4.0,1.43,0.34,132.0,14.7,,,6.0,10.0,1.4
221,69.0,B&C Speakers,Haut parleur a cone,6MBX44,8 ohm,Neodymium,Non cylindrique,0.31,0.34,3.9,Aluminium,,Fibre de verre,Aluminium,,200.0,98.0,113.0,1.5,5.4,3.5,12.0,332.0,4.1,1.68,0.2,132.0,11.7,,,6.0,10.0,1.4
222,331.0,B&C Speakers,Haut parleur a cone,12BG100,4 ohm,Neodymium,Cylindrique,0.34,0.36,5.65,Aluminium,,Fibre de verre,Cuivre,,1000.0,92.0,38.0,8.2,3.1,11.0,164.3,106.0,41.2,0.61,1.08,522.0,18.38,,,11.0,26.5,0.6
223,331.0,B&C Speakers,Haut parleur a cone,12BG100,8 ohm,Neodymium,Cylindrique,0.33,0.35,6.8,Aluminium,,Fibre de verre,Cuivre,,1000.0,93.0,39.0,8.2,5.1,10.5,152.0,111.0,41.0,0.67,1.6,522.0,23.0,,,11.0,27.0,0.7
224,160.0,B&C Speakers,Haut parleur a cone,12PLB76,8 ohm,Ferrite,Cylindrique,0.23,0.24,5.3,Aluminium,,Fibre de verre,Aluminium,,350.0,99.0,50.0,7.4,5.0,5.0,51.0,208.0,75.0,3.75,1.2,522.0,18.6,,,11.0,16.0,3.8
225,270.0,B&C Speakers,Haut parleur a cone,15NDL88,16 ohm,Neodymium,Cylindrique,0.43,0.45,8.16,Aluminium,,Fibre de verre,Aluminium,,700.0,98.0,44.0,,11.0,8.0,98.7,98.0,137.9,2.51,2.09,855.0,25.64,126.0,1400.0,,,2.44
226,256.0,B&C Speakers,Haut parleur a cone,15NDL88,4 ohm,Neodymium,Cylindrique,0.28,0.29,7.5,Aluminium,,Fibre de verre,Aluminium,,700.0,99.0,41.0,5.9,3.0,8.0,102.0,141.0,154.0,3.52,0.9,855.0,16.5,126.0,,10.0,21.5,3.5
227,256.0,B&C Speakers,Haut parleur a cone,15NDL88,8 ohm,Neodymium,Cylindrique,0.34,0.36,6.1,Aluminium,,Fibre de verre,Aluminium,,700.0,99.0,45.0,5.9,5.0,8.0,102.0,125.0,126.0,3.07,1.25,855.0,20.1,126.0,,10.0,21.0,3.1
228,274.0,B&C Speakers,Haut parleur a cone,18PZB100,8 ohm,Ferrite,Cylindrique,0.24,0.25,8.8,Aluminium,,Fibre de verre,Cuivre,,700.0,97.0,30.0,12.1,5.3,8.0,170.0,120.0,297.0,3.08,2.1,1134.0,26.0,,,8.0,21.0,3.1
229,89.0,B&C Speakers,Haut parleur a cone,6MD38,16 ohm,Ferrite,Non cylindrique,0.5,0.61,2.8,Aluminium,,Fibre de verre,Aluminium,,120.0,95.0,150.0,2.2,11.7,3.5,11.0,246.0,2.3,1.23,0.4,132.0,14.5,,,6.0,9.0,1.4
230,89.0,B&C Speakers,Haut parleur a cone,6MD38,8 ohm,Ferrite,Non cylindrique,0.44,0.49,3.7,Aluminium,Tissu,Fibre de verre,Aluminium,,120.0,96.0,130.0,2.2,5.7,2.0,12.0,265.0,3.0,1.3,0.25,132.0,10.5,155.0,,6.0,9.0,1.4
231,105.0,B&C Speakers,Haut parleur a cone,6MDN44,16 ohm,Neodymium,Non cylindrique,0.47,0.56,3.0,Aluminium,,Fibre de verre,Aluminium,,200.0,97.0,138.0,1.0,11.8,3.0,12.0,246.0,2.8,1.27,0.56,132.0,14.5,,,6.0,10.0,1.76
232,105.0,B&C Speakers,Haut parleur a cone,6MDN44,8 ohm,Neodymium,Non cylindrique,0.4,0.46,2.8,Aluminium,,Fibre de verre,Aluminium,,200.0,96.5,140.0,1.0,5.4,2.5,11.0,304.0,2.7,1.55,0.47,132.0,11.0,,,6.0,10.0,1.6
233,112.0,B&C Speakers,Haut parleur a cone,6NDL38,16 ohm,Neodymium,Non cylindrique,0.5,0.53,10.29,Aluminium,,Kapton,Cuivre,,150.0,93.0,70.0,1.2,11.3,6.0,15.0,132.0,8.9,0.56,1.0,132.0,11.7,,,6.0,12.0,0.53
234,112.0,B&C Speakers,Haut parleur a cone,6NDL38,4 ohm,Neodymium,Non cylindrique,0.39,0.4,10.05,Aluminium,Caoutchouc,Kapton,Cuivre,,150.0,91.0,69.0,1.2,3.1,6.0,18.0,173.0,7.1,0.56,0.4,132.0,7.8,,300.0,6.0,12.0,0.55
235,106.0,B&C Speakers,Haut parleur a cone,6NDL38,8 ohm,Neodymium,Non cylindrique,0.42,0.44,11.5,Aluminium,,Kapton,Cuivre,,150.0,92.0,72.0,1.2,5.2,6.0,17.0,164.0,7.0,0.58,0.6,132.0,9.5,,,6.0,12.0,0.6
236,95.0,B&C Speakers,Haut parleur a cone,6NDL44,8 ohm,Neodymium,Non cylindrique,0.34,0.35,9.0,Aluminium,,Kapton,Cuivre,,200.0,91.5,68.0,1.2,5.0,6.0,17.8,194.0,7.5,0.65,0.57,132.0,10.3,,,6.25,12.5,0.65
237,103.0,B&C Speakers,Haut parleur a cone,6NSM51,8 ohm,Neodymium,Non cylindrique,0.6,0.68,5.4,Aluminium,,Fibre de verre,Aluminium,,250.0,100.0,280.0,,5.4,2.8,13.5,412.0,0.7,2.17,0.15,143.0,13.9,,,6.0,8.5,2.2
238,84.0,B&C Speakers,Haut parleur a cone,6PE13,8 ohm,Ferrite,Cylindrique,0.42,0.48,3.0,Aluminium,,Fibre de verre,Aluminium,,120.0,98.0,117.0,2.3,5.2,0.6,9.0,244.0,5.0,1.61,0.6,132.0,8.5,,,,,1.6
239,92.0,B&C Speakers,Haut parleur a cone,6PEV13,8 ohm,Ferrite,Cylindrique,0.36,0.39,4.6,Aluminium,,Fibre de verre,Aluminium,,120.0,99.0,126.0,2.4,5.2,2.5,6.0,323.0,6.0,2.96,0.6,132.0,8.2,,,6.0,7.0,3.0
240,101.0,B&C Speakers,Haut parleur a cone,6PS38,16 ohm,Neodymium,Non cylindrique,0.44,0.46,9.2,Aluminium,Caoutchouc,Kapton,Cuivre,,150.0,92.0,70.0,2.2,11.0,4.0,15.4,152.0,8.5,0.61,0.99,132.0,12.5,,,10.5,6.0,0.58
241,101.0,B&C Speakers,Haut parleur a cone,6PS38,4 ohm,Ferrite,Non cylindrique,0.31,0.32,9.0,Aluminium,,Fibre de verre,Aluminium,,150.0,93.0,68.0,2.2,3.0,4.0,17.5,213.0,8.5,0.81,0.42,132.0,8.2,,300.0,,,0.69
242,101.0,B&C Speakers,Haut parleur a cone,6PS38,8 ohm,Ferrite,Non cylindrique,0.3,0.31,11.7,Aluminium,,Fibre de verre,Aluminium,,150.0,94.0,75.0,2.2,5.4,6.0,14.0,242.0,8.0,1.05,0.6,132.0,10.8,,,6.0,12.0,1.0
243,97.0,B&C Speakers,Haut parleur a cone,6PS44,16 ohm,Neodymium,Non cylindrique,0.41,0.42,11.5,Aluminium,Caoutchouc,Kapton,Cuivre,,200.0,92.0,73.0,2.5,11.5,4.5,17.0,174.0,6.5,0.58,1.0,132.0,14.8,,,,,0.63
244,97.0,B&C Speakers,Haut parleur a cone,6PS44,8 ohm,Ferrite,Non cylindrique,0.33,0.34,12.5,Aluminium,,Fibre de verre,Cuivre,,200.0,93.0,71.0,2.5,5.3,4.5,18.0,209.0,7.0,0.71,0.7,132.0,11.0,,,6.0,12.0,0.7
245,85.0,B&C Speakers,Haut parleur bicone,6XT13,8 ohm,Ferrite,Cylindrique,0.6,0.7,4.1,Aluminium,Tissu,Fibre de verre,Aluminium,,120.0,96.0,98.0,2.3,5.4,1.0,10.0,140.0,7.0,0.91,0.6,132.0,6.8,,,6.0,8.0,0.9
246,123.0,B&C Speakers,Haut parleur a cone,8BG51,16 ohm,Neodymium,Cylindrique,0.41,0.43,9.1,Aluminium,Caoutchouc,Fibre de verre,Cuivre,,250.0,92.0,49.0,1.8,10.3,6.5,32.5,114.0,22.1,0.59,0.85,220.0,15.42,,,8.0,17.0,0.57
247,116.0,B&C Speakers,Haut parleur a cone,8BG51,8 ohm,Neodymium,Non cylindrique,0.4,0.42,12.3,Aluminium,Caoutchouc,Fibre de verre,Cuivre,,250.0,92.0,52.0,1.8,5.1,6.5,35.0,124.0,18.0,0.58,0.5,220.0,11.8,,,8.0,17.0,0.6
248,97.0,B&C Speakers,Haut parleur a cone,8CL51,16 ohm,Neodymium,Cylindrique,0.51,0.54,8.9,Acier,,Fibre de verre,Cuivre,,200.0,94.0,83.0,1.2,10.1,6.0,26.0,154.0,9.5,0.97,0.9,220.0,16.1,,,8.0,17.0,1.0
249,97.0,B&C Speakers,Haut parleur a cone,8CL51,4 ohm,Neodymium,Cylindrique,0.47,0.51,6.13,Acier,,Fibre de verre,Cuivre,,200.0,94.0,72.0,1.2,2.6,6.5,26.8,141.0,12.4,0.88,0.21,220.0,7.8,,400.0,,,0.87
250,92.0,B&C Speakers,Haut parleur a cone,8CL51,8 ohm,Neodymium,Cylindrique,0.41,0.44,5.6,Acier,,Fibre de verre,Cuivre,,200.0,94.0,69.0,1.2,5.1,6.5,29.0,157.0,12.5,0.9,0.5,220.0,12.0,,,8.0,17.0,0.9
251,126.0,B&C Speakers,Haut parleur a cone,8CLA64,8 ohm,Neodymium,Cylindrique,0.24,0.25,7.3,Acier,Tissu,Papier kraft,Aluminium,,250.0,96.0,71.0,1.7,5.6,5.3,27.0,284.0,12.5,1.72,1.0,220.0,16.4,,500.0,8.0,14.5,1.8
252,176.0,B&C Speakers,Haut-parleur coaxial a deux entrees,8CX21,8+8 ohm,Ferrite,Non cylindrique,0.36,0.39,4.1,Aluminium,,Kapton,Aluminium,,200.0,94.0,74.0,4.0,5.2,5.0,21.0,190.0,15.0,1.5,1.2,220.0,11.5,,,16.0,8.0,1.5
253,262.0,B&C Speakers,Haut-parleur coaxial a deux entrees,8CXN51,8+8 ohm,Neodymium,Non cylindrique,0.27,0.29,4.7,Aluminium,,Fibre de verre,Aluminium,,250.0,97.0,68.0,2.5,4.9,6.0,22.0,234.0,17.0,1.77,0.9,220.0,12.6,,,8.0,17.0,1.8
254,231.0,B&C Speakers,Haut-parleur coaxial a deux entrees,8CXT,8+8 ohm,Ferrite,Non cylindrique,0.34,0.36,5.0,Aluminium,,Kapton,Aluminium,,200.0,94.0,76.0,3.9,5.1,6.0,25.0,211.0,11.5,1.35,1.0,220.0,13.0,,,8.0,16.5,1.4
255,113.0,B&C Speakers,Haut parleur a cone,8FG51,16 ohm,Ferrite,Non cylindrique,0.39,0.42,7.38,Aluminium,Caoutchouc,Fibre de verre,Cuivre,,250.0,93.0,59.0,3.5,9.9,6.5,31.6,140.0,15.7,0.74,0.83,220.0,16.7,,,8.0,16.5,0.74
256,113.0,B&C Speakers,Haut parleur a cone,8FG51,8 ohm,Ferrite,Non cylindrique,0.32,0.34,9.0,Aluminium,,Fibre de verre,Cuivre,,250.0,93.0,49.0,3.5,5.1,6.5,35.0,144.0,20.0,0.67,0.5,220.0,12.9,,,8.0,17.0,0.7
257,132.0,B&C Speakers,Haut parleur a cone,8FG64,16 ohm,Ferrite,Non cylindrique,0.35,0.37,9.33,Aluminium,,Fibre de verre,Cuivre,,300.0,92.0,53.0,,11.9,7.5,36.0,143.0,16.9,0.66,2.9,220.0,16.8,,,10.0,20.0,0.67
258,109.0,B&C Speakers,Haut parleur a cone,8FMB51,16 ohm,Ferrite,Non cylindrique,0.39,0.43,4.1,Aluminium,Tissu,Fibre de verre,CCAW (alu recouvert de cuivre),,250.0,96.0,68.0,4.0,9.8,5.5,19.7,158.0,20.5,1.44,0.83,227.0,13.73,134.0,500.0,8.0,15.0,1.4
259,136.0,B&C Speakers,Haut parleur a cone,8FW51,16 ohm,Ferrite,Non cylindrique,0.23,0.24,4.51,Aluminium,Tissu,Kapton,Cuivre,,200.0,97.0,78.0,6.1,10.0,6.0,26.3,325.0,10.8,2.06,0.85,220.0,23.39,165.0,,10.0,16.5,2.07
260,136.0,B&C Speakers,Haut parleur a cone,8FW51,8 ohm,Ferrite,Non cylindrique,0.21,0.21,9.3,Aluminium,Tissu,Kapton,Cuivre,,200.0,97.0,74.0,5.3,5.2,6.0,27.0,352.0,12.0,2.23,0.56,220.0,17.7,165.0,,10.0,17.0,2.1
261,150.0,B&C Speakers,Haut parleur a cone,8MBX51,16 ohm,Neodymium,Non cylindrique,0.38,0.43,3.3,Aluminium,,Fibre de verre,Aluminium,,200.0,97.0,68.0,1.8,10.2,6.0,18.4,158.0,22.0,1.55,0.65,220.0,13.7,105.0,,7.0,15.0,1.5
262,150.0,B&C Speakers,Haut parleur a cone,8MBX51,8 ohm,Neodymium,Non cylindrique,0.29,0.31,5.6,Aluminium,,Fibre de verre,Aluminium,,200.0,96.5,60.0,1.8,4.9,6.0,20.0,194.0,23.0,1.54,0.4,220.0,11.4,,,7.0,15.0,1.7
263,146.0,B&C Speakers,Haut parleur a cone,8MDN51,16 ohm,Neodymium,Non cylindrique,0.27,0.29,5.2,Aluminium,,Kapton,Aluminium,,200.0,97.0,68.0,2.6,10.0,6.0,22.0,234.0,17.5,1.83,1.25,220.0,17.8,,,8.0,16.0,1.5
264,146.0,B&C Speakers,Haut parleur a cone,8MDN51,8 ohm,Neodymium,Non cylindrique,0.2,0.21,3.7,Aluminium,,Kapton,Aluminium,,200.0,97.0,70.0,2.6,5.1,6.0,23.0,333.0,16.0,2.51,0.8,220.0,15.3,,,8.0,16.0,2.4
265,121.0,B&C Speakers,Haut parleur a cone,8NDL51,16 ohm,Neodymium,Non cylindrique,0.47,0.51,5.88,Aluminium,,Fibre de verre,Cuivre,,200.0,94.0,70.0,1.8,10.6,7.0,26.0,137.0,13.4,0.87,0.6,220.0,15.2,,,8.0,17.0,0.9
266,121.0,B&C Speakers,Haut parleur a cone,8NDL51,4 ohm,Neodymium,Non cylindrique,0.57,0.64,5.22,Aluminium,,Fibre de verre,Cuivre,,150.0,94.0,75.0,1.8,2.6,7.0,27.0,117.0,10.9,0.69,0.15,220.0,7.3,,300.0,,,0.73
267,115.0,B&C Speakers,Haut parleur a cone,8NDL51,8 ohm,Neodymium,Non cylindrique,0.37,0.41,3.6,Aluminium,,Fibre de verre,Cuivre,,200.0,94.0,66.0,1.8,5.3,7.0,28.0,161.0,14.0,0.95,0.5,220.0,12.4,,,8.0,17.0,1.0
268,142.0,B&C Speakers,Haut parleur a cone,8NDL64,16 ohm,Neodymium,Non cylindrique,0.24,0.25,6.8,Aluminium,,Fibre de verre,Cuivre,,350.0,97.0,73.0,,11.2,4.5,27.0,292.0,11.8,1.77,1.03,220.0,24.0,,,8.0,14.0,1.8
269,135.0,B&C Speakers,Haut parleur a cone,8NDL64,8 ohm,Neodymium,Non cylindrique,0.25,0.25,10.91,Aluminium,,Fibre de verre,Cuivre,,350.0,97.0,80.0,2.8,5.4,4.5,28.0,320.0,9.6,1.89,0.62,220.0,17.5,,,8.0,14.0,1.88
270,255.0,B&C Speakers,Haut parleur a cone,8NSM64,16 ohm,Neodymium,Non cylindrique,0.43,0.45,10.2,Aluminium,,Fibre de verre,Aluminium,,250.0,100.0,245.0,4.9,10.9,2.0,19.0,544.0,1.5,4.71,1.9,220.0,28.0,,,10.0,14.0,4.7
271,242.0,B&C Speakers,Haut parleur a cone,8NSM64,8 ohm,Neodymium,Non cylindrique,0.34,0.35,9.3,Aluminium,,Fibre de verre,Aluminium,,250.0,100.0,245.0,4.9,5.7,2.0,19.0,700.0,1.5,6.06,0.6,220.0,22.0,,,10.0,13.0,4.5
272,172.0,B&C Speakers,Haut parleur a cone,8NW51,16 ohm,Neodymium,Non cylindrique,0.22,0.23,6.3,Aluminium,,Fibre de verre,Cuivre,,200.0,97.0,68.0,3.0,10.7,7.0,27.0,296.0,14.0,1.84,0.4,220.0,23.0,,,10.0,17.0,1.8
273,172.0,B&C Speakers,Haut parleur a cone,8NW51,4 ohm,Neodymium,Non cylindrique,0.25,0.26,5.3,Aluminium,Tissu,Fibre de verre,Cuivre,,200.0,97.0,76.0,3.0,2.5,6.0,27.0,292.0,10.6,1.72,0.2,220.0,11.2,,400.0,,,1.76
274,172.0,B&C Speakers,Haut parleur a cone,8NW51,8 ohm,Neodymium,Non cylindrique,0.17,0.19,2.7,Aluminium,,Fibre de verre,Cuivre,,200.0,96.5,74.0,3.0,5.2,6.0,28.0,389.0,11.0,2.26,0.4,220.0,18.9,,,10.0,19.0,2.4
275,109.0,B&C Speakers,Haut parleur a cone,8PE21,16 ohm,Ferrite,Non cylindrique,0.28,0.3,5.8,Aluminium,,Kapton,Cuivre,,200.0,98.0,101.0,4.2,10.8,1.0,18.0,337.0,10.0,3.3,0.75,220.0,20.2,,,9.0,9.5,3.2
276,103.0,B&C Speakers,Haut parleur a cone,8PE21,8 ohm,Ferrite,Non cylindrique,0.19,0.2,3.8,Aluminium,,Kapton,Cuivre,,200.0,98.0,87.0,4.2,5.6,3.5,18.0,435.0,13.0,4.11,0.5,220.0,16.6,,,8.0,9.0,4.1
277,107.0,B&C Speakers,Haut parleur a cone,8PS21,8 ohm,Ferrite,Non cylindrique,0.33,0.36,4.2,Aluminium,,Kapton,Cuivre,,200.0,94.0,73.0,3.4,5.4,5.0,23.0,203.0,14.0,1.46,0.5,220.0,12.6,,,8.0,16.0,1.5
278,411.0,B&C Speakers,Haut-parleur coaxial a deux entrees,ALT012CX328,8+8 ohm,Ferrite,Cylindrique,0.28,0.3,5.2,Aluminium,,,Aluminium,,350.0,99.0,57.0,12.1,5.1,4.0,38.0,190.0,79.0,4.69,1.2,522.0,15.3,,,,,4.7
279,462.0,BMS,Haut parleur a cone,15N830V2,8 ohm,Neodymium,Cylindrique,0.27,0.29,4.2,Aluminium,Tissu,,Cuivre,,1100.0,97.0,39.5,6.3,4.8,8.0,130.0,136.0,159.0,3.25,0.7,880.0,22.4,132.0,2200.0,10.0,26.0,
280,391.0,BMS,Haut-parleur coaxial a deux entrees,10C262,8+8 ohm,Ferrite,Cylindrique,0.37,0.4,4.6,Aluminium,Tissu,,CCAW (fil alu recouvert de cuivre),,400.0,96.0,65.0,,5.9,5.5,34.0,163.0,25.5,1.69,,320.0,14.3,156.0,800.0,8.0,19.0,
281,291.0,BMS,Haut-parleur coaxial a deux entrees,12C262,8+8 ohm,Ferrite,Cylindrique,0.24,0.25,5.4,Aluminium,Tissu,,CCAW (fil alu recouvert de cuivre),,400.0,98.0,47.3,8.6,5.7,2.5,63.0,189.0,60.6,2.47,,487.0,20.6,180.0,800.0,10.0,15.0,
282,366.0,BMS,Haut-parleur coaxial a deux entrees,12C362,8+8 ohm,Ferrite,Cylindrique,0.2,0.2,5.6,Aluminium,Tissu,,CCAW (fil alu recouvert de cuivre),,500.0,98.0,45.8,,5.7,4.5,67.0,229.0,60.6,2.8,,487.0,23.2,200.0,1000.0,10.0,19.0,
283,331.0,BMS,Haut-parleur coaxial a deux entrees,12C382,16+16 ohm,Ferrite,Cylindrique,0.29,0.3,5.6,Aluminium,Tissu,,CCAW (fil alu recouvert de cuivre),,500.0,98.0,52.0,,5.8,4.5,55.0,173.0,57.0,2.57,,487.0,18.6,180.0,1000.0,,,
284,521.0,BMS,Haut-parleur coaxial a deux entrees,12CN680,8+8 ohm,Neodymium,Cylindrique,0.26,0.27,5.8,Aluminium,Tissu,,CCAW (fil alu recouvert de cuivre),,500.0,98.0,46.0,5.5,5.7,5.5,69.0,170.0,58.0,2.01,,487.0,20.6,105.0,1000.0,8.0,19.0,
285,417.0,BMS,Haut-parleur coaxial a deux entrees,12CN682,8+8 ohm,Neodymium,Cylindrique,0.26,0.27,5.8,Aluminium,Tissu,,CCAW (fil alu recouvert de cuivre),,500.0,98.0,46.0,5.8,5.7,5.5,69.0,170.0,58.0,2.01,,487.0,20.6,105.0,1000.0,8.0,19.0,
286,245.0,BMS,Haut parleur a cone,12N610,8 ohm,Neodymium,Cylindrique,0.23,0.24,4.25,Aluminium,Tissu,,Cuivre,,400.0,99.0,44.7,3.5,5.7,3.5,74.0,186.0,67.6,2.42,1.08,531.0,22.22,105.0,800.0,8.0,15.0,
287,298.0,BMS,Haut parleur a cone,12N620,8 ohm,Neodymium,Cylindrique,0.25,0.26,5.1,Aluminium,Tissu,,Cuivre,,500.0,98.0,44.7,3.9,5.7,3.5,68.0,172.0,72.7,2.4,0.6,531.0,20.6,107.0,1000.0,8.0,19.0,
288,312.0,BMS,Haut parleur a cone,12N630,8 ohm,Neodymium,Cylindrique,0.33,0.35,6.24,Aluminium,Caoutchouc,,Cuivre,,600.0,96.0,28.6,4.5,6.0,8.0,127.0,82.0,85.5,0.55,0.68,498.0,19.8,107.0,1200.0,10.0,26.0,
289,382.0,BMS,Haut parleur a cone,12N802,8 ohm,Neodymium,Cylindrique,0.24,0.25,5.2,Aluminium,Tissu,,Cuivre,,1000.0,98.0,43.0,5.2,5.7,4.5,80.0,172.0,65.0,1.99,0.85,531.0,22.25,132.0,2000.0,10.0,19.0,
290,403.0,BMS,Haut parleur a cone,12N803,8 ohm,Neodymium,Cylindrique,0.24,0.25,5.2,Aluminium,Tissu,,Cuivre,,1000.0,97.0,41.0,5.6,5.7,6.0,78.0,164.0,77.0,2.04,0.61,531.0,21.35,132.0,2000.0,10.0,22.0,
291,424.0,BMS,Haut parleur a cone,12N804,8 ohm,Neodymium,Cylindrique,0.29,0.31,4.6,Aluminium,Tissu,,Cuivre,,1100.0,95.0,39.0,5.1,5.7,8.0,92.0,126.0,71.0,1.31,0.66,531.0,20.4,132.0,2200.0,10.0,26.0,
292,442.0,BMS,Haut parleur a cone,12N810,8 ohm,Neodymium,Cylindrique,0.16,0.17,5.1,Aluminium,Tissu,,Cuivre,,600.0,100.0,40.7,6.1,5.8,2.5,68.0,239.0,89.6,3.42,0.76,531.0,24.5,132.0,1200.0,10.0,15.0,
293,403.0,BMS,Haut parleur a cone,12N820,8 ohm,Neodymium,Cylindrique,0.16,0.16,5.3,Aluminium,Tissu,,Cuivre,,800.0,98.0,37.8,6.1,5.7,4.5,72.0,236.0,98.7,3.2,0.62,531.0,24.2,132.0,1600.0,10.0,19.0,
294,245.0,BMS,Haut parleur a cone,12S302,8 ohm,Ferrite,Cylindrique,0.25,0.27,5.0,Aluminium,Tissu,,Cuivre,,500.0,96.0,45.0,6.7,3.0,4.5,77.0,167.0,65.0,2.11,0.5,531.0,15.65,180.0,1000.0,10.0,19.0,
295,257.0,BMS,Haut parleur a cone,12S305,8 ohm,Ferrite,Cylindrique,0.27,0.228,5.8,Aluminium,Tissu,,Cuivre,,800.0,95.0,35.0,,5.4,11.0,95.0,154.0,82.0,1.49,0.7,515.0,20.14,180.0,1600.0,10.0,32.0,
296,261.0,BMS,Haut parleur a cone,12S320,8 ohm,Ferrite,Cylindrique,0.2,0.21,4.2,Aluminium,Tissu,,Cuivre,,500.0,98.0,45.4,8.9,5.7,4.5,69.0,216.0,69.5,2.98,0.75,531.0,23.3,200.0,1000.0,10.0,19.0,
297,261.0,BMS,Haut parleur a cone,12S330,8 ohm,Ferrite,Cylindrique,0.24,0.25,5.9,Aluminium,Caoutchouc,,Cuivre,,600.0,96.0,28.6,,6.0,8.0,127.0,114.0,85.5,0.77,0.7,498.0,23.0,180.0,1200.0,10.0,26.0,
298,307.0,BMS,Haut-parleur coaxial a deux entrees,15C262,8+8 ohm,Ferrite,Cylindrique,0.34,0.36,5.4,Aluminium,Tissu,,CCAW (fil alu recouvert de cuivre),,400.0,98.0,42.5,9.4,5.7,2.5,100.0,118.0,138.0,2.83,,834.0,20.6,180.0,800.0,10.0,15.0,
299,373.0,BMS,Haut-parleur coaxial a deux entrees,15C362,8+8 ohm,Ferrite,Cylindrique,0.28,0.29,5.5,Aluminium,Tissu,,CCAW (fil alu recouvert de cuivre),,500.0,98.0,41.5,11.8,5.7,4.5,105.0,143.0,138.0,3.27,,834.0,23.2,200.0,1000.0,10.0,19.0,
300,542.0,BMS,Haut-parleur coaxial a deux entrees,15CN680,8+8 ohm,Neodymium,Cylindrique,0.36,0.38,6.28,Aluminium,Tissu,,CCAW (fil alu recouvert de cuivre),,500.0,98.0,40.7,5.8,5.7,5.5,110.0,107.0,137.0,2.34,,834.0,20.6,105.0,1000.0,8.0,19.0,
301,542.0,BMS,Haut-parleur coaxial a deux entrees,15CN682,8+8 ohm,Neodymium,Cylindrique,0.36,0.38,6.28,Aluminium,Tissu,,CCAW (fil alu recouvert de cuivre),,500.0,98.0,40.7,6.2,5.7,8.0,110.0,107.0,137.0,2.34,,834.0,20.6,105.0,1000.0,8.0,19.0,
302,309.0,BMS,Haut parleur a cone,15N620,8 ohm,Neodymium,Cylindrique,0.35,0.37,5.9,Aluminium,Tissu,,Cuivre,,500.0,98.0,41.0,4.1,5.7,5.5,109.0,111.0,154.0,2.76,0.65,880.0,20.6,105.0,1000.0,8.0,19.0,
303,319.0,BMS,Haut parleur a cone,15N630,8 ohm,Neodymium,Cylindrique,0.42,0.45,6.74,Aluminium,Tissu,,Cuivre,,600.0,98.0,39.0,,6.0,8.0,121.0,87.0,152.0,1.93,0.7,880.0,19.8,107.0,1200.0,10.0,26.0,
304,454.0,BMS,Haut parleur a cone,15N820,8 ohm,Neodymium,Cylindrique,0.26,0.27,4.5,Aluminium,Tissu,,Cuivre,,900.0,98.0,39.2,,5.7,4.5,114.0,145.0,159.0,3.41,0.81,880.0,24.2,132.0,1800.0,19.0,20.0,
305,507.0,BMS,Haut parleur a cone,15N840,8 ohm,Neodymium,Cylindrique,0.3,0.32,5.75,Aluminium,Tissu,,Cuivre,,1200.0,95.0,35.6,,5.0,11.0,137.0,111.0,145.7,1.98,0.82,845.0,24.6,132.0,2400.0,19.0,32.0,
306,600.0,BMS,Haut parleur a cone,15N850,8 ohm,Neodymium,Cylindrique,0.33,0.34,7.38,Aluminium,Tissu,,Cuivre,,1200.0,95.0,37.0,9.6,5.6,12.0,167.0,109.0,110.96,1.59,1.43,845.0,25.2,144.0,2400.0,12.0,36.0,
307,266.0,BMS,Haut parleur a cone,15S320,8 ohm,Ferrite,Cylindrique,0.28,0.29,5.0,Aluminium,Tissu,,Cuivre,,500.0,98.0,41.0,,5.7,4.5,109.0,141.0,154.0,3.52,0.8,880.0,23.3,200.0,1000.0,10.0,19.0,
308,276.0,BMS,Haut parleur a cone,15S330,8 ohm,Ferrite,Cylindrique,0.32,0.34,6.6,Aluminium,Tissu,,Cuivre,,600.0,98.0,39.0,,6.0,8.0,115.0,115.0,152.0,2.55,0.72,880.0,23.0,180.0,1200.0,10.0,26.0,
309,351.0,BMS,Haut parleur a cone,15S435,8 ohm,Ferrite,Cylindrique,0.28,0.29,5.9,Aluminium,Tissu,,Cuivre,,1200.0,97.0,38.0,,5.4,8.0,136.0,131.0,129.0,2.35,0.86,845.0,24.4,220.0,2400.0,10.0,26.0,
310,495.0,BMS,Haut parleur a cone,18N830V2,8 ohm,Neodymium,Cylindrique,0.37,0.39,6.0,Aluminium,Tissu,,Cuivre,,1100.0,96.0,31.0,8.5,4.8,8.0,210.0,79.0,262.0,1.93,0.77,1212.0,22.4,132.0,2200.0,10.0,26.0,
311,655.0,BMS,Haut parleur a cone,18N850V2,8 ohm,Neodymium,Cylindrique,0.33,0.35,7.0,Aluminium,Tissu,,Cuivre,,1200.0,95.0,29.8,10.8,5.0,12.0,240.0,85.0,243.0,1.77,0.85,1213.0,25.4,144.0,2400.0,12.0,36.0,
312,709.0,BMS,Haut parleur a cone,18N862,8 ohm,Neodymium,Cylindrique,0.34,0.36,6.75,Aluminium,Tissu,,Cuivre,,1500.0,95.0,25.1,,5.56,19.0,267.0,70.0,312.0,1.32,0.81,1219.0,25.52,144.0,3000.0,12.0,50.0,
313,381.0,BMS,Haut parleur a cone,18S430V2,8 ohm,Ferrite,Cylindrique,0.34,0.36,6.0,Aluminium,Tissu,,Cuivre,,1200.0,96.0,31.0,,4.8,8.0,210.0,86.0,262.0,2.09,0.82,1213.0,23.5,220.0,2400.0,10.0,26.0,
314,507.0,BMS,Haut parleur a cone,18S450,8 ohm,Ferrite,Cylindrique,0.31,0.32,7.25,Aluminium,Tissu,,Cuivre,,1200.0,95.0,29.0,14.5,5.5,12.0,224.0,91.0,281.0,2.06,1.1,1213.0,26.5,220.0,2400.0,12.0,36.0,
315,152.0,BMS,Haut-parleur coaxial a deux entrees,5C150,16+16 ohm,Ferrite + Neodymium,Non cylindrique,0.43,0.48,3.8,Aluminium,Tissu,,CCAW (fil alu recouvert de cuivre),,130.0,90.0,99.4,1.8,11.9,5.0,8.0,207.0,2.4,0.48,0.5,75.0,11.4,110.0,90.0,5.0,15.0,
316,253.0,BMS,Haut-parleur coaxial a deux entrees,5CN140,16+16 ohm,Neodymium,Non cylindrique,0.69,0.87,3.4,Aluminium,Tissu,,CCAW (fil alu recouvert de cuivre),,120.0,91.0,138.0,1.1,12.2,3.5,9.0,159.0,1.03,0.3,,74.0,10.7,71.0,240.0,5.0,12.0,
317,255.0,BMS,Haut-parleur coaxial a deux entrees,5CN160,16+16 ohm,Neodymium,Non cylindrique,0.36,0.41,3.1,Aluminium,Tissu,,CCAW (fil alu recouvert de cuivre),,130.0,90.0,100.0,1.2,6.85,0.5,9.0,244.0,2.1,0.5,0.39,75.0,10.0,72.0,260.0,5.0,15.0,
318,274.0,BMS,Haut-parleur coaxial a deux entrees,5CN162,8+16 ohm,Neodymium,Non cylindrique,0.35,0.38,4.3,Aluminium,Tissu,,CCAW (fil alu recouvert de cuivre),,130.0,90.0,107.0,,6.45,5.0,9.7,282.0,1.8,0.56,0.36,75.0,10.47,88.5,260.0,5.0,15.0,
319,187.0,BMS,Haut parleur a cone,5N160,16 ohm,Neodymium,Non cylindrique,0.43,0.52,2.4,Aluminium,Tissu,,Cuivre,,130.0,91.0,113.0,0.85,11.4,5.0,8.3,217.0,2.57,0.69,0.51,85.0,11.3,72.0,260.0,5.0,15.0,
320,152.0,BMS,Haut parleur a cone,5S117,16 ohm,Ferrite,Non cylindrique,0.42,0.49,3.3,Aluminium,Tissu,,Cuivre,,130.0,91.0,95.0,1.7,11.4,5.0,8.9,194.0,3.25,0.55,0.58,85.0,11.3,110.0,260.0,5.0,15.0,
321,119.0,BMS,Haut-parleur coaxial a deux entrees,6C150,8+16 ohm,Ferrite + Neodymium,Non cylindrique,0.46,0.53,3.9,Aluminium,Tissu,,CCAW (fil alu recouvert de cuivre),,130.0,93.0,88.4,1.9,11.9,5.0,10.0,167.0,7.6,0.96,0.68,132.0,11.36,110.0,260.0,5.0,15.0,
322,258.0,BMS,Haut-parleur coaxial a deux entrees,6CN160,8+8 ohm,Neodymium,Non cylindrique,0.34,0.38,3.3,Aluminium,Tissu,,CCAW (fil alu recouvert de cuivre),,130.0,93.0,79.0,,6.85,5.0,11.0,208.0,8.9,1.11,0.51,132.0,10.0,72.0,260.0,5.0,15.0,
323,202.0,BMS,Haut parleur a cone,6N160,16 ohm,Neodymium,Non cylindrique,0.47,0.58,2.4,Aluminium,Tissu,,Cuivre,,130.0,93.0,89.0,,11.4,5.0,11.7,153.0,7.7,0.9,0.53,143.0,11.3,72.0,260.0,5.0,15.0,
324,150.0,BMS,Haut parleur a cone,6S117,16 ohm,Ferrite,Non cylindrique,0.43,0.49,3.3,Aluminium,Tissu,,Cuivre,,130.0,93.0,80.0,,11.4,5.0,11.0,163.0,10.4,1.05,0.64,143.0,11.3,110.0,260.0,5.0,15.0,
325,216.0,BMS,Haut-parleur coaxial a deux entrees,8C250,8+8 ohm,Ferrite,Cylindrique,0.52,0.61,4.85,Aluminium,Tissu,,CCAW (fil alu recouvert de cuivre),,200.0,93.0,79.1,,5.4,4.25,18.3,130.0,10.18,0.8,,201.0,9.95,134.0,400.0,6.5,15.0,
326,275.0,BMS,Haut-parleur coaxial a deux entrees,8CN552,8+16 ohm,Neodymium,Cylindrique,0.29,0.3,5.28,Aluminium,Tissu,,CCAW (fil alu recouvert de cuivre),,200.0,95.5,87.6,1.1,5.4,4.0,18.3,292.0,10.08,2.17,,200.0,13.44,100.0,400.0,7.0,15.0,
327,242.0,BMS,Haut parleur a cone,8N515,8 ohm,Neodymium,Cylindrique,0.3,0.32,4.34,Aluminium,Tissu,,Cuivre,,200.0,96.0,87.7,2.2,5.4,4.0,20.6,274.0,11.04,2.24,0.32,222.0,13.8,85.0,400.0,7.0,15.0,
328,249.0,BMS,Haut parleur a cone,8N519,8 ohm,Neodymium,Cylindrique,0.37,0.41,4.2,Aluminium,Tissu,,Cuivre,,250.0,94.0,74.9,,5.8,6.3,28.5,183.0,10.9,1.08,0.36,222.0,13.8,95.0,500.0,6.5,19.0,
329,166.0,BMS,Haut parleur a cone,8S215,8 ohm,Ferrite,Cylindrique,0.31,0.33,4.4,Aluminium,Tissu,,Cuivre,,200.0,96.0,87.7,3.6,5.4,4.25,20.6,266.0,11.04,2.17,0.2,222.0,13.6,134.0,400.0,6.5,15.0,
330,190.0,BMS,Haut parleur a cone,8S219,8 ohm,Ferrite,Cylindrique,0.41,0.45,4.8,Aluminium,Tissu,,Cuivre,,250.0,94.0,82.0,,5.8,6.3,26.6,182.0,9.7,1.15,0.52,222.0,13.3,134.0,500.0,6.5,19.0,
331,17.0,Celestion,Haut parleur a cone,AF3010,16 ohm,Ferrite,Non cylindrique,0.74,0.84,6.1,Acier,Caoutchouc,Polyimide,Cuivre,,35.0,87.0,128.9,0.58,10.48,1.5,3.55,153.0,0.67,0.17,0.26,33.18,5.98,,70.0,5.0,8.0,
332,19.0,Celestion,Haut parleur a cone,AF4010,16 ohm,Ferrite,Non cylindrique,0.81,0.95,5.31,Acier,Caoutchouc,Polyimide,Cuivre,,35.0,88.0,104.7,0.62,10.37,1.5,4.95,110.0,2.13,0.25,0.37,56.75,5.96,,70.0,5.0,8.0,
333,88.0,Celestion,Haut parleur a cone,BN10-200X,8 ohm,Neodymium,Cylindrique,0.31,0.34,3.57,Acier,Tissu,Polyimide,Cuivre,,200.0,96.0,65.0,,5.8,4.0,,191.0,31.15,2.42,0.68,346.19,15.03,,,8.0,16.0,
334,114.0,Celestion,Haut-parleur coaxial a deux entrees,FTX0820,8+8 ohm,Ferrite,Non cylindrique,0.28,0.31,2.8,Aluminium,Tissu,Fibre de verre,Cuivre,,200.0,94.0,78.8,,5.85,4.0,22.66,254.0,13.13,1.99,0.62,226.98,14.56,,400.0,8.0,12.0,
335,177.0,Celestion,Haut-parleur coaxial a deux entrees,FTX1225,8+8 ohm,Ferrite,Cylindrique,0.4,0.24,4.21,Aluminium,Polyimide,Fibre de verre,CCAW (alu recouvert de cuivre),,300.0,97.0,47.3,,5.39,6.0,53.5,197.0,84.59,3.59,3.36,530.93,14.0,,600.0,8.0,16.0,
336,55.0,Celestion,Haut parleur a cone,TF1020,8 ohm,Ferrite,Cylindrique,0.32,0.37,2.45,,Tissu,Polyimide,Cuivre,,150.0,97.0,69.4,,5.45,2.0,31.1,188.0,28.75,2.5,0.6,346.36,14.1,,,8.0,12.0,
337,75.0,Celestion,Haut parleur a cone,TF1525,8 ohm,Ferrite,Cylindrique,0.49,0.57,3.84,Acier,Tissu,Polyimide,Cuivre,,250.0,98.0,47.6,,5.15,4.5,77.93,84.0,148.41,2.7,0.9,855.3,14.57,,500.0,8.0,13.0,
338,44.0,Celestion,Haut-parleur coaxial a deux entrees,TFX0515,8+8 ohm,Ferrite + Neodymium,Non cylindrique,0.63,0.67,10.97,Acier,Caoutchouc,Polyimide,CCAW (alu recouvert de cuivre),Tissu,150.0,89.0,80.0,1.6,5.77,2.25,9.07,119.0,2.54,0.19,0.36,78.54,6.96,,300.0,6.0,10.5,
339,32.0,Celestion,Haut parleur a cone,Truvox 0615,8 ohm,Ferrite,Cylindrique,0.47,0.52,5.54,Acier,Tissu,Polyimide,Cuivre,,150.0,93.0,89.6,1.6,5.59,3.5,10.58,172.0,7.44,0.99,0.37,154.54,8.03,,300.0,6.0,10.0,
340,418.0,Celestion,Haut parleur a cone,TSQ1845,8 ohm,Neodymium,Cylindrique,0.29,0.3,8.71,Aluminium,Tissu,Fibre de verre,Cuivre,,1800.0,96.5,35.0,11.8,5.0,15.0,316.0,117.0,119.3,1.64,3.06,1134.0,33.8,,3600.0,12.0,36.0,1.8
341,486.0,Celestion,Haut parleur a cone,TSQ2145,8 ohm,Neodymium,Cylindrique,0.34,0.36,8.39,Aluminium,Tissu,Fibre de verre,Cuivre,,1800.0,97.0,30.0,13.8,5.0,15.0,435.2,83.0,253.8,1.83,3.91,1661.9,33.8,,3600.0,12.0,36.0,1.9
342,74.0,Celestion,Haut parleur a cone,CF0820BMB,8 ohm,Ferrite,Cylindrique,0.37,0.39,5.1,Aluminium,Caoutchouc,Fibre de verre,CCAW (alu recouvert de cuivre),,250.0,93.0,50.5,3.1,5.45,5.25,32.35,129.0,22.42,0.72,0.78,226.98,11.92,,500.0,8.0,18.5,
343,74.0,Celestion,Haut parleur a cone,CF0820M,8 ohm,Ferrite,Cylindrique,0.57,0.83,1.78,Aluminium,Tissu,Fibre de verre,CCAW (alu recouvert de cuivre),,250.0,98.0,202.0,3.4,5.39,1.5,21.38,243.0,2.12,2.03,0.12,226.98,13.27,,500.0,8.0,11.0,
344,248.0,Celestion,Haut parleur a cone,CF1230F,8 ohm,Ferrite,Cylindrique,0.32,0.34,4.33,Aluminium,Tissu,Fibre de verre,CCAW (alu recouvert de cuivre),,500.0,98.0,56.5,6.8,5.08,5.5,63.75,166.0,49.61,2.53,0.74,530.93,18.33,,1000.0,8.0,19.0,
345,114.0,Celestion,Haut parleur a cone,CN0515M,16 ohm,Neodymium,Non cylindrique,0.28,0.34,1.53,Aluminium,Tissu,Aluminium,CCAW (alu recouvert de cuivre),,100.0,98.0,189.2,1.1,11.47,1.5,9.11,556.0,0.68,1.31,0.4,78.54,19.19,,200.0,7.0,10.0,
346,127.0,Celestion,Haut parleur a cone,CN0617M,16 ohm,Neodymium,Non cylindrique,0.5,0.55,5.64,Aluminium,Mousse,Fibre de verre,CCAW (alu recouvert de cuivre),,200.0,99.0,197.5,1.1,12.85,1.2,10.75,359.0,2.03,2.73,0.26,153.94,17.65,,400.0,6.0,8.4,
347,192.0,Celestion,Haut parleur a cone,FTR12-4080DL,8 ohm,Ferrite,Cylindrique,0.3,0.35,2.47,Aluminium,Caoutchouc,Aluminium,Cuivre,,700.0,88.0,28.9,10.2,6.24,11.25,176.07,83.0,68.6,0.46,2.07,530.93,24.05,,1400.0,,,
348,187.0,Celestion,Haut parleur a cone,FTR12-4080DL,4 ohm,Ferrite,Cylindrique,0.43,0.51,2.68,Aluminium,Caoutchouc,Aluminium,Cuivre,,700.0,88.0,35.3,10.2,3.15,11.25,157.81,69.0,51.38,0.43,0.96,530.93,14.69,,1400.0,,,0.43
349,144.0,Celestion,Haut parleur a cone,FTR15-3070C,8 ohm,Ferrite,Cylindrique,0.38,0.43,3.51,Aluminium,Tissu,,,,400.0,99.0,41.4,,6.07,5.5,81.73,96.0,187.62,2.98,0.59,855.3,17.33,,800.0,10.0,16.0,
350,116.0,Celestion,Haut parleur a cone,NTR06-17X,8 ohm,Neodymium,Non cylindrique,0.32,0.34,7.25,Aluminium,Caoutchouc,Polyimide,CCAW (alu recouvert de cuivre),,150.0,,60.4,1.2,5.36,3.0,17.68,178.0,13.19,0.83,0.28,153.94,10.36,,300.0,6.0,12.0,
351,216.0,Celestion,Haut parleur a cone,PowerProX18,8 ohm,Ferrite,Cylindrique,0.38,0.43,3.15,Aluminium,Tissu,Fibre de verre,Cuivre,,1200.0,97.0,34.8,13.2,5.1,9.3,229.98,81.0,188.9,1.78,1.61,1210.0,24.38,,2400.0,12.75,25.0,1.8
352,60.0,Celestion,Haut parleur a cone,PULSEXL 10.20,8 ohm,Ferrite,Cylindrique,0.46,0.49,6.68,Acier,Tissu,Polyimide,Cuivre,,200.0,92.0,37.5,,5.8,4.13,39.8,77.0,76.92,0.8,1.2,346.4,10.51,,400.0,8.0,20.5,
353,72.0,Celestion,Haut parleur a cone,PULSEXL 12.20,8 ohm,Ferrite,Cylindrique,0.5,0.55,6.09,Acier,Tissu,Polyimide,Cuivre,,250.0,94.0,35.1,,5.8,4.13,53.55,64.0,153.3,1.16,0.31,530.9,11.21,,500.0,8.0,20.5,
354,88.0,Celestion,Haut parleur a cone,PULSEXL 15.25,8 ohm,Ferrite,Cylindrique,0.6,0.53,4.23,Acier,Tissu,Polyimide,Cuivre,,350.0,97.0,33.1,5.4,6.66,4.0,85.78,62.0,213.9,1.41,1.32,855.3,13.88,,700.0,8.0,20.0,
355,250.0,Ciare,Haut parleur a cone,12.00SW,4 ohm,Ferrite,Cylindrique,0.29,0.33,2.3,Aluminium,Caoutchouc,Kapton,Cuivre,,1000.0,92.0,29.0,11.1,3.3,13.5,201.0,88.0,55.0,0.4,1.6,523.0,19.5,220.0,2000.0,10.0,32.0,0.45
356,228.0,Ciare,Haut parleur a cone,12.00SW,8 ohm,Ferrite,Cylindrique,0.34,0.36,6.1,Aluminium,Caoutchouc,Kapton,Cuivre,,1000.0,89.5,30.0,11.1,6.7,14.0,183.0,83.0,59.0,0.43,2.35,523.0,25.3,220.0,2000.0,10.0,33.0,0.45
357,163.0,Ciare,Haut parleur a cone,12.75LW-22,2+2 ohm,Ferrite,Cylindrique,0.37,0.38,10.0,Aluminium,Tissu,Fibre de verre,Cuivre,,350.0,97.5,36.0,7.3,3.0,7.5,77.0,95.0,105.0,1.24,0.7,547.0,12.0,180.0,800.0,10.0,20.0,1.4
358,157.0,Ciare,Haut parleur a cone,12.75W1,8 ohm,Ferrite,Cylindrique,0.33,0.34,15.0,Aluminium,Tissu,Kapton,Cuivre,,350.0,97.0,49.0,7.4,5.9,6.0,65.0,144.0,67.0,2.23,1.6,543.0,18.9,180.0,700.0,10.0,20.0,2.4
359,270.0,Ciare,Haut parleur a cone,15.00SW,8 ohm,Ferrite,Cylindrique,0.41,0.44,5.6,Aluminium,Caoutchouc,Kapton,Cuivre,,1000.0,91.0,29.0,12.1,6.75,14.0,220.0,66.0,111.0,0.6,2.4,780.0,25.0,220.0,2000.0,10.0,33.0,0.65
360,270.0,Ciare,Haut parleur a cone,15.00SW,4 ohm,Ferrite,Cylindrique,0.41,0.44,5.4,Aluminium,Caoutchouc,Kapton,Cuivre,,1000.0,94.0,29.0,12.1,3.6,13.5,224.0,66.0,113.0,0.61,2.0,780.0,18.4,220.0,2000.0,10.0,32.0,0.62
361,359.0,Ciare,Haut parleur a cone,18.00SW,8 ohm,Ferrite,Cylindrique,0.5,0.55,6.7,Aluminium,Caoutchouc,Kapton,Cuivre,,1000.0,91.5,36.0,15.7,7.0,14.0,377.0,65.0,93.0,0.76,3.0,1134.0,32.5,220.0,2000.0,10.0,32.0,0.73
362,29.0,Ciare,Haut parleur bicone,CH170Z,4 ohm,Ferrite,Cylindrique,1.62,2.63,4.25,Acier,Caoutchouc,Aluminium,,,60.0,90.0,93.0,0.97,3.5,1.25,9.51,35.0,7.5,0.23,,133.0,2.73,94.0,150.0,5.0,,
363,16.0,Ciare,Haut parleur a cone,CM087,4 ohm,Ferrite,Cylindrique,0.64,0.8,3.2,Acier,Polyurethane,Aluminium,,,30.0,89.0,122.0,0.33,3.5,0.5,2.5,153.0,1.2,0.27,0.14,35.0,2.86,60.0,90.0,4.0,,
364,26.0,Ciare,Haut parleur a cone,CM100,4 ohm,Ferrite,Non cylindrique,0.43,0.52,2.75,Acier,Tissu,,,,60.0,89.0,160.0,0.65,3.4,0.6,4.0,308.0,1.8,1.37,0.18,48.0,4.09,72.0,150.0,5.0,6.2,0.45
365,29.0,Ciare,Haut parleur a cone,CM132,4 ohm,Ferrite,Non cylindrique,0.43,0.55,2.11,Acier,Tissu,Aluminium,,,90.0,90.0,115.0,,3.5,0.6,4.0,209.0,3.8,1.01,0.12,82.0,4.43,86.0,180.0,6.0,7.0,1.01
366,40.0,Ciare,Haut parleur a cone,CM133,4 ohm,Ferrite,Non cylindrique,0.54,0.71,2.21,Acier,Tissu,Aluminium,,,80.0,90.0,112.0,1.6,3.41,0.5,7.6,158.0,2.5,0.48,0.08,82.0,5.05,102.0,200.0,6.0,7.0,0.48
367,56.0,Ciare,Haut parleur a cone,CM161,4 ohm,Ferrite,Cylindrique,0.32,0.34,7.26,Acier,Tissu,Kapton,,,80.0,93.0,66.0,2.4,3.55,1.25,8.5,194.0,17.7,1.44,0.11,135.0,6.58,120.0,200.0,6.0,6.0,1.46
368,62.0,Ciare,Haut parleur a cone,CM200N,4 ohm,Ferrite,Cylindrique,0.46,0.52,3.82,Acier,Tissu,Aluminium,Cuivre,,120.0,96.0,94.0,3.0,3.41,3.75,18.87,181.0,8.8,1.35,0.42,216.0,8.55,134.0,250.0,7.0,11.0,0.36
369,34.0,Ciare,Haut parleur a cone,CME200,4 ohm,Ferrite,Cylindrique,0.37,0.39,7.0,Acier,Tissu,Aluminium,Cuivre,,130.0,99.5,76.0,2.5,3.0,3.5,14.2,195.0,18.0,1.95,0.45,206.0,7.3,120.0,260.0,8.0,11.0,
370,74.0,Ciare,Haut parleur a cone,CME201,4 ohm,Ferrite,Cylindrique,0.4,0.44,4.3,Acier,Tissu,Fibre de verre,Cuivre,,220.0,95.5,60.0,2.6,3.1,4.5,22.0,136.0,21.5,1.02,0.44,210.0,7.5,120.0,450.0,8.0,12.5,0.9
371,82.0,Ciare,Haut parleur a cone,CME250,4 ohm,Ferrite,Cylindrique,0.48,0.53,5.7,Acier,Tissu,Fibre de verre,Cuivre,,220.0,97.0,48.0,2.7,3.0,4.5,35.5,91.0,74.0,1.49,0.4,380.0,7.5,120.0,450.0,8.0,12.5,1.2
372,71.0,Ciare,Haut parleur a cone,CMI160,4 ohm,Ferrite,Cylindrique,0.41,0.45,4.6,Aluminium,Tissu,Kapton,Cuivre,,220.0,94.0,70.0,2.5,2.9,4.5,18.5,156.0,7.8,0.58,0.7,137.0,7.2,120.0,450.0,8.0,12.5,0.6
373,98.0,Ciare,Haut parleur a cone,CMI160ND,4 ohm,Neodymium,Cylindrique,0.41,0.45,4.0,Aluminium,Tissu,Kapton,Cuivre,,220.0,94.0,73.0,1.3,2.9,4.5,20.0,162.0,6.0,0.5,0.33,137.0,7.8,83.0,450.0,8.0,12.5,0.6
374,113.0,Ciare,Haut parleur a cone,CMI200ND,4 ohm,Neodymium,Cylindrique,0.37,0.39,7.5,Aluminium,Tissu,Fibre de verre,Cuivre,,220.0,98.5,80.0,2.1,3.0,4.5,20.5,205.0,12.5,1.58,0.38,0.37,8.8,110.0,450.0,8.0,12.5,1.6
375,96.0,Ciare,Haut parleur a cone,CMI250,4 ohm,Ferrite,Cylindrique,0.5,0.52,12.0,Aluminium,Tissu,Fibre de verre,Cuivre,,220.0,97.0,55.0,3.5,2.9,4.5,42.0,106.0,34.0,1.05,0.34,356.0,9.0,134.0,450.0,8.0,12.5,1.2
376,123.0,Ciare,Haut parleur a cone,CMI250ND,4 ohm,Neodymium,Cylindrique,0.5,0.52,10.8,Aluminium,Tissu,Fibre de verre,Cuivre,,220.0,97.5,59.0,2.3,3.0,4.5,38.0,113.0,34.0,1.29,0.39,356.0,9.0,110.0,450.0,8.0,12.5,1.3
377,47.0,Ciare,Haut parleur a cone,CS160,4+4 ohm,Ferrite,Cylindrique,0.5,0.6,3.05,Acier,Caoutchouc,Aluminium,,,40.0,90.0,62.0,1.4,3.6,2.5,11.0,103.0,15.0,0.58,0.15,133.0,3.66,102.0,120.0,6.0,11.0,0.61
378,596.0,Ciare,Haut parleur a cone,CSW7012EVO,2+2 ohm,Ferrite,Cylindrique,0.33,0.34,9.4,Aluminium,Caoutchouc,Aluminium,Aluminium,,700.0,91.5,47.0,19.2,3.9,23.0,280.0,138.0,15.0,0.44,3.2,511.0,30.5,220.0,1400.0,15.0,52.0,0.45
379,645.0,Ciare,Haut parleur a cone,CSW7015EVO,2+2 ohm,Ferrite,Cylindrique,0.42,0.44,8.2,Aluminium,Caoutchouc,Aluminium,Aluminium,,700.0,92.6,42.0,19.6,3.9,23.0,410.0,95.0,33.0,0.54,3.32,830.0,30.5,220.0,1400.0,15.0,52.0,0.55
380,596.0,Ciare,Haut parleur a cone,CSW7112EVO,1+1 ohm,Ferrite,Cylindrique,0.36,0.37,9.2,Aluminium,Caoutchouc,Aluminium,Aluminium,,700.0,95.0,48.0,19.2,1.8,23.0,270.0,130.0,15.0,0.44,1.25,511.0,19.9,220.0,1400.0,15.0,51.0,0.45
381,645.0,Ciare,Haut parleur a cone,CSW7115EVO,1+1 ohm,Ferrite,Cylindrique,0.44,0.46,7.7,Aluminium,Caoutchouc,Aluminium,Aluminium,,700.0,96.0,42.0,19.6,1.8,23.0,399.0,91.0,36.0,0.56,1.18,830.0,20.1,220.0,1400.0,15.0,51.0,0.55
382,17.0,Ciare,Haut parleur a cone,CW100Z,4 ohm,Ferrite,Non cylindrique,0.78,1.1,2.63,Acier,Caoutchouc,Aluminium,,,40.0,87.0,107.0,0.44,3.5,1.1,4.2,97.0,1.9,0.21,,50.0,2.99,72.0,100.0,4.0,6.2,
383,18.0,Ciare,Haut parleur a cone,CW130Z,4 ohm,Ferrite,Non cylindrique,0.81,1.15,2.68,Acier,Caoutchouc,Aluminium,,,50.0,88.0,75.0,0.49,3.5,1.1,6.42,65.0,6.5,0.23,,82.0,3.03,72.0,100.0,4.0,6.2,
384,39.0,Ciare,Haut parleur a cone,CW131,4 ohm,Ferrite,Non cylindrique,0.39,0.45,2.7,Acier,Caoutchouc,Aluminium,,,70.0,89.0,65.0,1.4,3.65,2.5,9.7,144.0,5.3,0.32,0.43,79.0,5.68,102.0,180.0,6.0,11.0,0.32
385,46.0,Ciare,Haut parleur a cone,CW161N,4 ohm,Ferrite,Cylindrique,0.35,0.42,2.24,Acier,Caoutchouc,Aluminium,,,80.0,90.0,52.0,1.4,3.6,4.0,13.05,124.0,17.4,0.56,0.44,133.0,6.07,102.0,180.0,6.0,11.0,0.58
386,58.0,Ciare,Haut parleur a cone,CW162,4 ohm,Ferrite,Cylindrique,0.21,0.23,2.22,Acier,Caoutchouc,Aluminium,,,90.0,91.0,40.0,2.4,3.0,4.5,18.0,174.0,26.0,0.7,0.57,133.0,7.37,120.0,200.0,6.0,17.0,0.54
387,59.0,Ciare,Haut parleur a cone,CW169,4 ohm,Ferrite,Cylindrique,0.32,0.39,1.81,Acier,Caoutchouc,Aluminium,,,90.0,90.0,46.0,,3.33,3.5,14.19,118.0,21.2,0.51,0.32,133.0,5.94,102.0,180.0,6.0,13.0,0.52
388,40.0,Ciare,Haut parleur a cone,CW170,4 ohm,Ferrite,Cylindrique,0.47,0.56,3.0,Acier,Caoutchouc,Aluminium,,,60.0,90.0,55.0,1.0,3.3,3.0,10.3,98.0,18.0,0.52,0.27,129.0,4.62,86.0,150.0,5.0,11.0,0.55
389,23.0,Ciare,Haut parleur a cone,CW170Z,4 ohm,Ferrite,Cylindrique,1.23,1.93,3.39,Acier,Caoutchouc,Aluminium,,,50.0,89.0,74.0,0.72,3.5,1.75,8.64,38.0,13.1,0.27,,133.0,2.71,80.0,120.0,4.0,7.5,
390,37.0,Ciare,Haut parleur a cone,CW200Z,4 ohm,Ferrite,Cylindrique,0.53,0.71,2.17,Acier,Caoutchouc,Aluminium,,,80.0,93.0,49.0,1.1,3.5,2.5,17.43,69.0,38.3,0.61,,214.0,5.17,90.0,160.0,6.0,11.0,
391,67.0,Ciare,Haut parleur a cone,CW202,4 ohm,Ferrite,Cylindrique,0.41,0.48,2.96,Acier,Caoutchouc,Aluminium,,,120.0,90.0,40.0,2.4,3.9,4.35,23.0,83.0,48.0,0.62,0.52,222.0,6.53,120.0,240.0,6.0,16.0,0.5
392,115.0,Ciare,Haut parleur a cone,CW260SPL,4 ohm,Ferrite,Cylindrique,0.19,0.19,14.24,Aluminium,Tissu,Fibre de verre,Cuivre,,300.0,96.5,40.0,5.4,2.54,6.0,42.56,211.0,66.3,2.15,0.48,356.0,11.97,156.0,600.0,8.0,16.0,2.16
393,242.0,Ciare,Haut parleur a cone,CW387,4 ohm,Ferrite,Cylindrique,0.31,0.32,10.35,Aluminium,Tissu,Kapton,Aluminium,,500.0,99.0,37.0,12.1,3.39,3.75,103.0,116.0,183.0,2.79,0.6,855.0,15.87,220.0,1000.0,10.0,17.5,2.81
394,37.0,Ciare,Haut-parleur coaxial a une entree,CX102,4 ohm,Ferrite,Non cylindrique,0.43,0.51,3.02,Acier,Caoutchouc,Aluminium,,,40.0,89.0,125.0,0.73,3.13,0.6,3.8,245.0,1.5,0.56,,50.0,4.29,72.0,100.0,5.0,6.2,0.55
395,40.0,Ciare,Haut-parleur coaxial a une entree,CX131,4 ohm,Ferrite,Non cylindrique,0.43,0.49,3.45,Acier,Caoutchouc,Aluminium,,,60.0,89.0,83.0,0.98,3.4,2.0,5.9,169.0,6.8,0.77,,88.0,4.59,86.0,150.0,4.0,9.0,0.76
396,41.0,Ciare,Haut-parleur coaxial a une entree,CX171,4 ohm,Ferrite,Cylindrique,0.55,0.65,3.41,Acier,Caoutchouc,Aluminium,,,60.0,90.0,67.0,1.1,3.2,3.0,10.0,103.0,13.6,0.61,,90.0,4.6,86.0,150.0,5.0,11.0,0.62
397,28.0,Ciare,Haut-parleur coaxial a une entree,CXE104,4 ohm,Ferrite,,0.93,1.21,4.01,Acier,Caoutchouc,Aluminium,,,40.0,91.0,119.0,0.46,3.4,2.1,4.21,98.0,2.38,0.32,,50.0,2.96,,80.0,4.0,6.2,
398,113.0,Ciare,Haut-parleur coaxial a deux entrees,CXPA-4,8+4 ohm,Neodymium,Non cylindrique,0.73,0.86,4.9,Acier,Caoutchouc,Fibre de verre,Cuivre,,100.0,,198.0,0.81,5.3,2.75,6.15,230.0,0.39,0.34,0.38,51.53,6.85,,200.0,,,0.34
399,120.0,Ciare,Haut-parleur coaxial a deux entrees,CXPA-5,8+4 ohm,Neodymium,Non cylindrique,0.32,0.33,7.2,Acier,Caoutchouc,Kapton,Cuivre,,100.0,,129.0,0.95,5.27,3.5,7.3,391.0,1.95,1.22,0.36,81.7,9.7,,200.0,,,1.22
400,162.0,Ciare,Haut-parleur coaxial a deux entrees,CXPA-6,8+4 ohm,Neodymium,Cylindrique,0.39,0.41,6.17,Acier,Caoutchouc,Kapton,Cuivre,,150.0,,100.0,1.8,5.76,5.5,11.3,244.0,5.71,1.34,0.54,134.8,9.96,,300.0,,,1.34
401,21.0,Ciare,Haut-parleur coaxial a une entree,CZ087,4 ohm,Ferrite,Non cylindrique,1.76,2.57,5.56,Acier,Caoutchouc,Aluminium,,,30.0,,177.0,0.35,3.5,1.6,2.0,69.0,0.6,0.13,,33.0,1.74,60.0,80.0,3.0,,
402,23.0,Ciare,Haut-parleur coaxial a une entree,CZ140,4 ohm,Ferrite,Elliptique,1.38,1.73,6.8,Acier,Caoutchouc,Aluminium,,,40.0,,159.0,0.48,3.5,1.1,3.63,92.0,2.3,0.52,,77.0,2.71,72.0,90.0,4.0,,
403,24.0,Ciare,Haut-parleur coaxial a une entree,CZ170,4 ohm,Ferrite,Cylindrique,1.47,2.16,4.59,Acier,Caoutchouc,Aluminium,,,50.0,,104.0,0.71,3.5,1.1,7.05,48.0,8.2,0.41,,133.0,2.73,80.0,100.0,4.0,6.2,
404,145.0,Ciare,Haut parleur a cone,FXH15.75W,8 ohm,Ferrite,Cylindrique,0.4,0.42,11.1,Aluminium,Tissu,,Aluminium,,350.0,97.5,41.0,7.8,5.9,5.5,96.0,98.0,156.0,2.46,1.6,855.0,0.4,180.0,800.0,,17.0,2.5
405,98.0,Ciare,Haut parleur a cone,FXI10.50W,8 ohm,Ferrite,Cylindrique,0.38,0.41,4.3,Aluminium,Tissu,,Aluminium,,220.0,96.0,58.0,3.4,5.8,4.5,34.5,141.0,38.5,1.76,0.85,356.0,13.3,134.0,450.0,8.0,12.7,1.8
406,103.0,Ciare,Haut parleur a cone,FXI12.50W,8 ohm,Ferrite,Cylindrique,0.44,0.49,3.87,Aluminium,Tissu,,Aluminium,,220.0,97.5,55.0,3.8,5.5,5.0,50.0,112.0,70.0,2.29,0.95,547.0,13.9,134.0,450.0,8.0,13.5,2.7
407,51.0,Ciare,Haut parleur a cone,FXI6.38MR,8 ohm,Ferrite,Non cylindrique,0.51,0.62,2.9,Aluminium,Tissu,Kapton,Cuivre,,130.0,96.0,155.0,1.7,4.8,3.0,13.0,250.0,2.5,1.45,1.1,147.0,9.9,120.0,300.0,6.0,9.0,1.5
408,71.0,Ciare,Haut parleur a cone,FXI6.50W,8 ohm,Ferrite,Cylindrique,0.33,0.37,3.2,Aluminium,Tissu,Kapton,Aluminium,,220.0,92.5,70.0,2.5,5.5,5.5,17.1,189.0,8.0,0.72,0.7,137.0,10.6,120.0,450.0,8.0,14.5,0.72
409,74.0,Ciare,Haut parleur a cone,FXI8.50W,8 ohm,Ferrite,Cylindrique,0.29,0.32,3.4,Aluminium,Tissu,Aluminium,Aluminium,,220.0,96.5,81.0,3.2,5.7,4.5,19.5,253.0,13.0,2.08,0.7,214.0,13.3,134.0,450.0,8.0,12.7,2.1
410,18.0,Ciare,Haut parleur a cone,HM087,8 ohm,Ferrite,Carre,1.39,2.02,4.4,Acier,,Aluminium,,,30.0,89.0,270.0,0.37,7.3,1.1,2.79,134.0,0.2,0.19,0.2,35.0,4.14,60.0,90.0,4.0,,0.2
411,27.0,Ciare,Haut parleur a cone,HM100,8 ohm,Ferrite,Carre,0.7,0.98,2.42,Acier,Tissu,Aluminium,,,60.0,88.0,160.0,0.69,6.6,0.9,4.45,163.0,1.1,0.45,0.3,52.0,5.09,72.0,150.0,5.0,6.8,0.28
412,120.0,Ciare,Haut parleur a cone,HS251,8+8 ohm,Ferrite,Cylindrique,0.4,0.43,7.21,Aluminium,Caoutchouc,Kapton,,,100.0,89.0,30.0,4.2,5.8,10.0,79.13,70.0,63.2,0.39,4.03,346.0,19.91,120.0,200.0,8.0,24.0,
413,105.0,Ciare,Haut parleur a cone,HSG160-44,4+4 ohm,Ferrite,Cylindrique,0.29,0.31,5.1,Aluminium,Caoutchouc,Fibre de verre,Cuivre,,220.0,88.5,38.0,2.6,5.2,5.5,24.0,123.0,16.5,0.29,1.6,127.0,9.8,120.0,450.0,8.0,15.0,
414,146.0,Ciare,Haut parleur a cone,HSG200-22,2+2 ohm,Ferrite,Cylindrique,0.31,0.33,4.8,Aluminium,Caoutchouc,Fibre de verre,Cuivre,,350.0,91.0,38.0,5.0,3.1,7.5,62.0,115.0,19.0,0.31,1.4,219.0,11.8,156.0,800.0,10.0,20.0,
415,146.0,Ciare,Haut parleur a cone,HSG200-44,4+4 ohm,Ferrite,Cylindrique,0.36,0.39,4.7,Aluminium,Caoutchouc,Fibre de verre,Cuivre,,350.0,88.0,39.0,5.0,6.0,7.5,59.5,100.0,19.0,0.28,1.5,219.0,14.9,156.0,800.0,10.0,20.0,
416,29.0,Ciare,Haut parleur a cone,HW100,8 ohm,Ferrite,Carre,0.31,0.37,2.0,Acier,Caoutchouc,Aluminium,,,50.0,88.0,70.0,0.97,6.0,3.0,4.26,189.0,4.3,0.39,0.37,50.0,5.6,86.0,150.0,5.0,11.0,0.31
417,25.0,Ciare,Haut parleur a cone,HW129,8 ohm,Ferrite,Non cylindrique,0.55,0.76,2.07,Acier,Caoutchouc,Aluminium,,,50.0,89.0,75.0,0.75,5.6,2.65,7.77,99.0,6.1,0.33,0.5,87.0,5.22,72.0,150.0,5.0,10.3,0.32
418,33.0,Ciare,Haut parleur a cone,HW131,8 ohm,Ferrite,Non cylindrique,0.39,0.46,2.75,Acier,Caoutchouc,Aluminium,,,70.0,89.0,68.0,1.4,6.4,2.85,8.4,148.0,5.6,0.37,0.56,82.0,7.03,102.0,180.0,6.0,11.7,0.36
419,33.0,Ciare,Haut parleur a cone,HW159,8 ohm,Ferrite,Cylindrique,0.49,0.61,2.56,Acier,Caoutchouc,Aluminium,,,60.0,90.0,53.0,1.1,6.3,4.5,11.43,87.0,19.4,0.46,0.51,133.0,6.32,86.0,150.0,5.0,14.0,0.45
420,46.0,Ciare,Haut parleur a cone,HW161N,8 ohm,Ferrite,Cylindrique,0.37,0.46,2.01,Acier,Caoutchouc,Aluminium,,,80.0,90.0,47.0,1.4,6.1,3.0,13.99,102.0,19.9,0.44,0.69,133.0,7.42,102.0,180.0,6.0,12.9,0.45
421,51.0,Ciare,Haut parleur a cone,HW162,8 ohm,Ferrite,Cylindrique,0.33,0.39,2.29,Acier,Caoutchouc,Aluminium,,,80.0,90.0,44.0,1.4,6.1,3.0,13.0,113.0,24.8,0.53,0.65,133.0,7.5,102.0,180.0,6.0,12.0,0.53
422,68.0,Ciare,Haut parleur a cone,HW172,8 ohm,Ferrite,Cylindrique,0.37,0.45,2.24,Acier,Caoutchouc,Aluminium,,,80.0,90.0,46.0,1.6,6.0,3.0,14.5,102.0,20.0,0.42,0.4,133.0,7.59,102.0,180.0,6.0,12.0,0.44
423,51.0,Ciare,Haut parleur a cone,HW202,8 ohm,Ferrite,Cylindrique,0.44,0.52,3.0,Acier,Mousse,Aluminium,,,80.0,90.0,30.0,1.5,6.0,5.0,21.0,58.0,83.0,0.42,0.66,214.0,6.74,102.0,180.0,6.0,16.0,0.41
424,61.0,Ciare,Haut parleur a cone,HW203,8 ohm,Ferrite,Cylindrique,0.42,0.49,3.1,Acier,Caoutchouc,Aluminium,,,80.0,91.0,39.0,2.3,6.0,3.0,22.08,80.0,48.9,0.57,0.47,216.0,8.13,120.0,180.0,6.0,12.0,0.57
425,37.0,Ciare,Haut parleur a cone,HW210,8 ohm,Ferrite,Cylindrique,0.84,1.04,4.4,Acier,Caoutchouc,Aluminium,,,60.0,90.0,41.0,1.1,6.0,4.25,18.09,39.0,57.6,0.37,0.55,222.0,5.18,80.0,150.0,4.0,12.5,0.36
426,66.0,Ciare,Haut parleur a cone,HW250,8 ohm,Ferrite,Cylindrique,0.48,0.58,3.0,Acier,Mousse,Aluminium,,,90.0,90.0,23.0,1.8,6.0,5.0,29.0,40.0,275.0,0.56,0.6,340.0,6.55,102.0,180.0,6.0,16.0,0.55
427,117.0,Ciare,Haut parleur a cone,HW251N,8 ohm,Ferrite,Cylindrique,0.35,0.38,5.55,Acier,Caoutchouc,Aluminium,,,120.0,91.0,30.0,2.8,6.5,6.0,50.77,79.0,88.0,0.61,1.75,346.0,13.02,102.0,240.0,8.0,15.3,0.66
428,132.0,Ciare,Haut parleur a cone,HW321,8 ohm,Ferrite,Cylindrique,0.33,0.37,3.04,Aluminium,Caoutchouc,Aluminium,,,150.0,93.0,27.0,4.9,5.7,5.25,67.0,73.0,205.0,1.05,0.9,547.0,13.17,156.0,400.0,8.0,18.5,1.05
429,66.0,Ciare,Haut parleur a cone,HWB130,8 ohm,Ferrite,Cylindrique,0.3,0.32,5.7,Aluminium,Caoutchouc,Kapton,Cuivre,,80.0,89.0,48.0,1.6,5.8,4.5,9.5,150.0,12.5,0.42,1.3,87.0,7.2,102.0,160.0,6.0,12.0,0.42
430,66.0,Ciare,Haut parleur a cone,HWB130-4,4 ohm,Ferrite,Cylindrique,0.28,0.29,5.9,Aluminium,Caoutchouc,Kapton,Cuivre,,80.0,92.0,46.0,1.6,3.0,4.5,10.5,159.0,12.5,0.41,1.2,87.0,5.6,102.0,160.0,6.0,12.0,0.41
431,71.0,Ciare,Haut parleur a cone,HWB160,8 ohm,Ferrite,Cylindrique,0.37,0.41,4.7,Aluminium,Caoutchouc,Kapton,Cuivre,,80.0,91.0,43.0,1.6,5.8,4.5,13.9,105.0,28.0,0.53,1.3,141.0,7.3,102.0,160.0,6.0,12.0,0.52
432,76.0,Ciare,Haut parleur a cone,HWB200,8 ohm,Ferrite,Cylindrique,0.39,0.41,7.5,Aluminium,Caoutchouc,Kapton,Cuivre,,130.0,90.0,32.0,2.8,5.5,7.0,29.5,78.0,59.0,0.46,0.42,223.0,8.9,120.0,260.0,8.0,16.0,0.47
433,76.0,Ciare,Haut parleur a cone,HWB200-4,4 ohm,Ferrite,Cylindrique,0.38,0.39,10.2,Aluminium,Caoutchouc,Kapton,Cuivre,,130.0,92.5,32.0,2.8,3.4,7.0,30.0,82.0,57.0,0.46,0.62,224.0,7.3,120.0,260.0,8.0,16.0,0.48
434,95.0,Ciare,Haut parleur a cone,HWG130,8 ohm,Ferrite,Cylindrique,0.29,0.3,4.8,Aluminium,Caoutchouc,Kapton,Cuivre,,130.0,88.0,40.0,1.7,5.4,6.5,13.1,133.0,12.5,0.26,0.7,87.0,7.8,102.0,260.0,8.0,17.0,0.3
435,95.0,Ciare,Haut parleur a cone,HWG130-4,4 ohm,Ferrite,Cylindrique,0.34,0.36,4.8,Aluminium,Caoutchouc,Kapton,Cuivre,,130.0,90.5,40.0,1.7,2.7,6.5,12.8,111.0,12.5,0.22,0.6,87.0,5.0,102.0,260.0,8.0,16.0,0.27
436,107.0,Ciare,Haut parleur a cone,HWG160,8 ohm,Ferrite,Cylindrique,0.27,0.28,4.9,Aluminium,Caoutchouc,Kapton,Cuivre,,130.0,91.0,39.0,2.9,5.4,6.5,16.2,139.0,27.0,0.55,1.4,141.0,8.9,120.0,260.0,8.0,17.0,0.6
437,107.0,Ciare,Haut parleur a cone,HWG160-4,4 ohm,Ferrite,Cylindrique,0.33,0.35,4.9,Aluminium,Caoutchouc,Kapton,Cuivre,,130.0,92.5,39.0,2.9,2.7,6.5,16.1,111.0,27.0,0.44,1.3,141.0,5.6,120.0,260.0,8.0,16.0,0.55
438,210.0,Ciare,Haut parleur a cone,NDH15-3LW-44,4+4 ohm,Neodymium,Cylindrique,0.29,0.3,10.6,Aluminium,Tissu,,,,350.0,98.0,36.0,5.5,6.04,7.5,106.0,120.0,181.0,2.71,1.1,850.0,22.5,146.0,800.0,10.0,20.0,2.9
439,320.0,Ciare,Haut parleur a cone,NDH15-4S,8 ohm,Neodymium,Cylindrique,0.25,0.26,11.19,Aluminium,Tissu,,,,1000.0,96.0,28.0,8.0,6.04,11.5,143.0,108.0,220.0,1.79,1.07,850.0,24.19,150.0,2000.0,,30.0,1.78
440,348.0,Ciare,Haut parleur a cone,NDH18-4S,8 ohm,Neodymium,Cylindrique,0.32,0.33,9.8,Aluminium,Tissu,,,,1000.0,96.5,31.0,8.0,6.1,11.5,212.0,94.0,239.0,2.08,1.9,1164.0,27.7,150.0,2000.0,14.0,30.0,2.1
441,123.0,Ciare,Haut parleur a cone,NDI10.50W,8 ohm,Neodymium,Cylindrique,0.43,0.48,4.9,Aluminium,Tissu,Fibre de verre,Aluminium,,220.0,95.5,59.0,2.3,3.0,4.5,35.5,123.0,35.0,1.44,0.75,356.0,12.5,110.0,450.0,8.0,12.7,1.5
442,84.0,Ciare,Haut parleur a cone,NDI6.38MR,8 ohm,Neodymium,Non cylindrique,0.46,0.54,3.0,Aluminium,Tissu,Kapton,Cuivre,,150.0,97.0,150.0,1.4,4.8,3.0,13.2,278.0,2.5,1.5,1.0,147.0,10.5,83.0,300.0,6.0,9.0,1.5
443,98.0,Ciare,Haut parleur a cone,NDI6.50W,8 ohm,Neodymium,Cylindrique,0.29,0.32,3.3,Aluminium,Tissu,Kapton,Aluminium,,220.0,93.5,71.0,1.3,5.5,5.5,15.4,222.0,8.5,0.92,0.6,137.0,10.8,83.0,450.0,8.0,14.5,0.95
444,113.0,Ciare,Haut parleur a cone,NDI8.50W,8 ohm,Neodymium,Cylindrique,0.33,0.36,3.5,Aluminium,Tissu,Aluminium,Aluminium,,220.0,96.0,81.0,2.3,5.8,4.5,19.5,225.0,13.0,1.85,0.6,214.0,12.8,110.0,450.0,8.0,12.7,1.9
445,14.0,Ciare,Haut parleur a cone,PA065,8 ohm,Ferrite,Carre,1.3,1.9,4.12,Acier,Mousse,Aluminium,,,10.0,88.0,154.0,,6.8,1.0,1.01,81.0,0.7,0.13,0.15,22.0,1.87,45.0,30.0,3.0,,0.13
446,24.0,Ciare,Haut parleur a cone,PA087,8 ohm,Ferrite,Carre,0.62,0.71,5.13,Acier,Caoutchouc,Kapton,,,40.0,88.0,74.0,0.6,5.6,2.0,3.22,104.0,2.2,0.13,0.27,33.0,3.45,72.0,80.0,5.0,,0.12
447,33.0,Ciare,Haut parleur a cone,PA100,8 ohm,Ferrite,Carre,0.59,0.7,3.84,Acier,Caoutchouc,Kapton,,,40.0,89.0,100.0,0.84,5.5,2.5,3.93,143.0,2.5,0.35,0.14,52.0,4.39,86.0,80.0,5.0,7.5,0.32
448,92.0,Ciare,Haut parleur a cone,CMI200,4 ohm,Ferrite,Cylindrique,0.34,0.36,8.0,Aluminium,Tissu,Fibre de verre,Cuivre,,220.0,98.5,80.0,3.2,3.1,4.5,21.0,222.0,12.0,1.64,0.35,214.0,9.6,134.0,450.0,8.0,12.5,1.7
449,105.0,Ciare,Haut parleur a cone,HSG160-22,2+2 ohm,Ferrite,Cylindrique,0.27,0.28,5.23,Aluminium,Caoutchouc,Fibre de verre,Cuivre,,220.0,91.0,37.0,2.6,3.0,5.5,25.5,132.0,16.5,0.29,1.5,127.0,8.0,120.0,450.0,8.0,15.0,
450,71.0,Ciare,Haut parleur a cone,HWB160-4,4 ohm,Ferrite,Cylindrique,0.36,0.38,7.7,Aluminium,Caoutchouc,Kapton,Cuivre,,80.0,93.0,46.0,1.6,3.3,4.5,13.9,121.0,19.5,0.48,0.9,141.0,6.5,102.0,160.0,6.0,12.0,0.5
451,34.0,Ciare,Haut parleur a cone,PA101,16 ohm,Ferrite,Carre,1.03,1.39,4.0,Acier,Tissu,,,,60.0,88.5,207.0,0.84,10.85,3.0,4.37,149.0,0.5,0.31,0.08,52.0,6.7,86.0,120.0,5.0,8.5,0.29
452,56.0,Ciare,Haut parleur a cone,PM160,8 ohm,Ferrite,Cylindrique,0.31,0.32,6.0,Acier,Tissu,Kapton,,,80.0,93.0,66.0,2.4,5.9,0.75,8.5,206.0,17.7,1.53,0.18,135.0,8.0,120.0,200.0,6.0,6.5,1.47
453,62.0,Ciare,Haut parleur a cone,PM200N,8 ohm,Ferrite,Cylindrique,0.5,0.59,3.43,Aluminium,Tissu,Aluminium,,,120.0,94.0,99.0,3.0,6.01,3.5,19.77,168.0,7.7,1.22,0.42,216.0,11.17,134.0,250.0,7.0,10.5,1.2
454,73.0,Ciare,Haut parleur a cone,PM203,8 ohm,Ferrite,Cylindrique,0.54,0.64,3.28,Acier,Tissu,Aluminium,Aluminium,,150.0,94.0,91.0,2.6,5.6,2.5,20.2,142.0,10.0,1.14,0.58,214.0,10.09,120.0,300.0,8.0,12.7,1.1
455,105.0,Ciare,Haut parleur a cone,PW252,8 ohm,Ferrite,Cylindrique,0.26,0.3,2.17,Aluminium,Tissu,Aluminium,,,15.0,97.0,55.0,4.9,6.0,4.5,33.0,183.0,43.4,2.32,0.93,346.0,15.23,156.0,400.0,8.0,18.0,2.27
456,146.0,Ciare,Haut parleur a cone,PW257,8 ohm,Ferrite,Cylindrique,0.3,0.33,3.2,Aluminium,Tissu,Aluminium,,,400.0,96.0,57.0,5.0,5.21,3.5,44.9,173.0,31.0,1.68,0.94,353.0,15.86,156.0,800.0,10.0,16.0,1.65
457,200.0,Ciare,Haut parleur a cone,PW396,8 ohm,Ferrite,Cylindrique,0.41,0.41,24.73,Aluminium,Tissu,Kapton,,,400.0,99.0,43.0,8.8,6.0,6.25,107.0,105.0,129.0,2.41,1.3,850.0,20.5,190.0,800.0,10.0,18.0,2.45
458,286.0,Ciare,Haut parleur a cone,PW455,8 ohm,Ferrite,Cylindrique,0.24,0.24,26.06,Aluminium,Tissu,Kapton,Aluminium,,900.0,100.0,36.0,12.9,5.47,7.5,132.6,150.0,274.0,5.12,1.7,1158.0,26.18,220.0,1800.0,10.0,20.0,5.22
459,72.0,Ciare,Haut parleur a cone,PWA10.50,8 ohm,Ferrite,Cylindrique,0.4,0.45,3.74,Acier,Tissu,Fibre de verre,Aluminium,,250.0,96.5,57.0,,5.0,5.8,32.0,127.0,39.9,1.58,0.66,346.4,11.4,,500.0,7.0,15.0,1.64
460,95.0,Ciare,Haut parleur a cone,PWA10.64,8 ohm,Ferrite,Cylindrique,0.38,0.4,8.45,Acier,Tissu,Fibre de verre,Cuivre,,300.0,,73.0,4.0,5.2,4.5,34.0,183.0,23.0,2.15,0.85,346.4,14.4,,600.0,8.0,13.0,2.2
461,107.0,Ciare,Haut parleur a cone,PWA12.64,8 ohm,Ferrite,Cylindrique,0.35,0.36,15.6,Acier,Tissu,Fibre de verre,Cuivre,,300.0,97.8,55.0,4.2,5.7,4.5,57.0,153.0,58.0,2.58,0.85,531.0,17.6,,600.0,8.0,13.0,2.3
462,125.0,Ciare,Haut parleur a cone,PWA12.75,8 ohm,Ferrite,Cylindrique,0.3,0.32,4.1,Acier,Tissu + Caoutchouc,Fibre de verre,Cuivre,,450.0,97.5,53.0,4.2,5.4,5.8,70.0,166.0,52.0,2.33,1.06,531.0,19.6,,900.0,10.0,16.5,2.3
463,171.0,Ciare,Haut parleur a cone,PWA15.75,8 ohm,Ferrite,Cylindrique,0.39,0.41,8.61,Acier,Tissu,Fibre de verre,Cuivre,,500.0,97.9,44.0,6.8,5.3,7.0,103.0,107.0,135.0,2.7,1.16,881.0,19.3,,1000.0,10.0,19.0,2.8
464,272.0,Ciare,Haut parleur a cone,PWA18.100,8 ohm,Ferrite,Cylindrique,0.41,0.43,10.52,Aluminium,Tissu,Fibre de verre,Cuivre,,1000.0,97.5,40.0,11.8,5.4,8.0,229.0,93.0,145.0,2.08,1.1,1225.0,26.2,,2000.0,11.0,21.5,2.13
465,54.0,Ciare,Haut parleur a cone,PWA5.38,8 ohm,Ferrite,Non cylindrique,0.38,0.41,4.7,Acier,Caoutchouc,,CCAW (alu recouvert de cuivre),,125.0,91.0,73.0,1.8,5.6,3.9,12.0,178.0,5.0,0.46,0.37,95.0,8.5,,250.0,6.0,11.0,0.5
466,56.0,Ciare,Haut parleur a cone,PWA6.38,8 ohm,Ferrite,Non cylindrique,0.56,0.62,7.3,Acier,Caoutchouc,Fibre de verre,Cuivre,,150.0,90.5,77.0,1.8,4.9,4.0,18.0,124.0,5.6,0.4,0.38,132.7,8.7,,300.0,6.5,11.5,0.4
467,68.0,Ciare,Haut parleur a cone,PWA8.50,8 ohm,Ferrite,Cylindrique,0.38,0.4,5.5,Acier,Tissu,Fibre de verre,Cuivre,,250.0,95.0,74.0,2.7,5.0,6.8,28.0,185.0,12.0,1.17,0.82,227.0,12.7,,500.0,7.0,17.0,1.12
468,214.0,Eighteen Sound,Haut parleur a cone,10M600,8 ohm,Ferrite,Cylindrique,0.23,0.25,4.5,,,,,,400.0,102.0,70.0,7.4,5.2,4.0,32.0,280.0,25.6,3.38,1.28,350.0,17.6,,500.0,,,
469,177.0,Eighteen Sound,Haut parleur a cone,10MB400,8 ohm,Ferrite,Cylindrique,0.33,0.37,3.5,,,,,,250.0,100.5,70.0,4.7,5.1,2.5,21.0,189.0,41.0,3.65,1.05,350.0,12.0,,320.0,,,
470,206.0,Eighteen Sound,Haut parleur a cone,10MB600,8 ohm,Ferrite,Cylindrique,0.22,0.23,5.5,,,,,,450.0,98.0,58.0,7.2,5.7,6.5,38.0,252.0,33.4,2.73,1.6,350.0,18.6,,700.0,,,
471,206.0,Eighteen Sound,Haut parleur a cone,10MB600,16 ohm,Ferrite,Cylindrique,0.33,0.35,7.06,,,,,,450.0,98.0,64.0,7.2,11.6,6.5,37.0,183.0,27.6,1.99,2.77,350.0,22.3,,700.0,,,
472,516.0,Eighteen Sound,Haut-parleur coaxial a deux entrees,10NCX750,8+8 ohm,Neodymium,Cylindrique,0.25,0.26,7.9,Aluminium,Titanium,,CCAW (fil alu recouvert de cuivre),,350.0,97.5,64.0,4.3,5.3,5.5,46.0,246.0,23.0,2.23,0.54,346.0,20.0,130.0,700.0,7.6,15.0,2.2
473,538.0,Eighteen Sound,Haut-parleur coaxial a deux entrees,10NCX750H,8+8 ohm,Neodymium,Cylindrique,0.23,0.24,5.2,Aluminium,Titanium,,CCAW (fil alu recouvert de cuivre),,400.0,97.2,57.0,4.3,5.4,5.5,46.0,238.0,28.5,2.12,0.5,346.0,19.5,130.0,800.0,,,2.2
474,317.0,Eighteen Sound,Haut parleur a cone,10NDA610,8 ohm,Neodymium,Non cylindrique,0.23,0.24,7.1,,,,,,400.0,103.0,89.0,3.5,5.5,2.5,30.0,371.0,18.0,5.08,0.06,350.0,20.3,,600.0,,,
475,214.0,Eighteen Sound,Haut parleur a cone,10NMB420,8 ohm,Neodymium,Cylindrique,0.25,0.26,5.0,,,,,,350.0,99.0,56.0,3.0,5.0,4.0,29.5,215.0,40.0,2.6,0.37,346.0,14.5,,500.0,,,
476,214.0,Eighteen Sound,Haut parleur a cone,10NMB420,16 ohm,Neodymium,Cylindrique,0.33,0.36,4.6,,,,,,350.0,99.0,65.0,3.0,10.5,4.0,31.5,181.0,30.0,2.2,0.4,346.0,19.5,,500.0,,,
477,258.0,Eighteen Sound,Haut parleur a cone,10NMBA520,8 ohm,Neodymium,Cylindrique,0.23,0.24,4.2,,,,,,300.0,100.5,60.0,3.0,5.0,4.0,28.0,250.0,42.0,3.63,0.01,350.0,14.6,,600.0,,,
478,184.0,Eighteen Sound,Haut parleur a cone,10NTLS2000,8 ohm,Neodymium,Cylindrique,0.26,0.27,4.9,,,,,,350.0,97.0,50.0,1.8,5.2,7.4,47.0,185.0,38.0,1.69,0.74,346.0,16.7,,700.0,,,1.6
479,184.0,Eighteen Sound,Haut parleur a cone,10NTLW2000,8 ohm,Neodymium,Cylindrique,0.2,0.22,7.6,Aluminium,Tissu,,Aluminium,,350.0,98.5,57.0,1.9,5.2,4.4,38.0,259.0,31.0,2.51,0.63,346.0,17.9,85.0,700.0,8.5,13.0,2.8
480,228.0,Eighteen Sound,Haut parleur a cone,10NTLW2500,8 ohm,Neodymium,Cylindrique,0.33,0.34,11.2,Aluminium,Tissu,,,,500.0,96.5,65.0,3.1,5.0,7.6,49.0,191.0,21.0,1.63,0.45,346.4,17.4,93.0,1000.0,9.0,19.7,1.6
481,228.0,Eighteen Sound,Haut parleur a cone,10NTLW2500,16 ohm,Neodymium,Cylindrique,0.37,0.36,11.8,Aluminium,Tissu,,,,500.0,96.5,66.0,3.1,9.9,7.6,44.0,183.0,21.8,1.68,0.67,346.4,21.6,93.0,1000.0,9.0,19.7,1.6
482,332.0,Eighteen Sound,Haut parleur a cone,10NTLW3500,16 ohm,Neodymium,Cylindrique,0.45,0.46,10.8,Aluminium,Tissu,,,,800.0,94.0,64.0,,11.4,6.4,58.0,139.0,18.1,1.0,0.69,346.0,23.9,117.0,1600.0,12.5,19.0,1.0
483,192.0,Eighteen Sound,Haut parleur a cone,10NW650,16 ohm,Neodymium,Cylindrique,0.27,0.28,5.0,,,,,,300.0,95.5,51.0,2.7,12.2,7.0,34.1,182.0,50.0,2.28,1.55,346.0,21.0,,600.0,,,
484,251.0,Eighteen Sound,Haut parleur a cone,10NW750,8 ohm,Neodymium,Cylindrique,0.31,0.32,5.74,,,,,,450.0,94.0,53.0,4.0,5.8,7.5,45.0,166.0,34.0,1.52,0.6,340.0,16.4,,900.0,,,
485,251.0,Eighteen Sound,Haut parleur a cone,10NW750,16 ohm,Neodymium,Cylindrique,0.36,0.4,4.36,,,,,,450.0,94.0,52.0,4.0,11.0,7.1,42.0,130.0,38.0,1.29,0.9,346.0,20.0,,900.0,,,
486,153.0,Eighteen Sound,Haut parleur a cone,10W500,8 ohm,Ferrite,Cylindrique,0.29,0.31,4.22,,,,,,280.0,98.0,53.0,4.7,6.0,5.5,33.0,171.0,45.2,2.09,0.72,350.0,14.6,,400.0,,,
487,184.0,Eighteen Sound,Haut parleur a cone,10W650,8 ohm,Ferrite,Cylindrique,0.48,0.51,9.6,,,,,,250.0,96.0,67.0,4.3,5.1,5.7,36.6,131.0,26.0,1.48,0.59,350.0,12.4,,500.0,,,
488,184.0,Eighteen Sound,Haut parleur a cone,10W650,16 ohm,Ferrite,Cylindrique,0.41,0.43,8.4,,,,,,250.0,96.0,64.0,4.3,10.2,5.7,39.0,149.0,27.0,1.59,1.0,350.0,19.2,,500.0,,,1.5
489,317.0,Eighteen Sound,Haut parleur a cone,12LW1400,8 ohm,Ferrite,Cylindrique,0.3,0.32,5.0,,,,,,900.0,96.0,45.0,10.9,5.2,8.25,88.0,141.0,55.0,1.51,1.5,531.0,20.0,,1400.0,,,
490,236.0,Eighteen Sound,Haut parleur a cone,12LW801,8 ohm,Ferrite,Cylindrique,0.33,0.34,9.0,Aluminium,Caoutchouc,,Cuivre,,500.0,96.0,54.0,8.1,5.0,8.0,84.0,159.0,41.0,1.83,1.7,531.0,20.3,200.0,800.0,,,
491,251.0,Eighteen Sound,Haut parleur a cone,12MB1000,8 ohm,Ferrite,Cylindrique,0.18,0.2,6.0,,,,,,600.0,102.0,54.0,9.6,5.8,2.5,55.5,270.0,60.0,4.54,1.46,531.0,23.5,,800.0,,,
492,190.0,Eighteen Sound,Haut parleur a cone,12MB600,8 ohm,Ferrite,Cylindrique,0.18,0.19,3.9,,,,,,450.0,101.0,44.0,8.0,5.0,4.5,43.0,232.0,115.0,4.95,1.32,531.0,18.0,,600.0,,,
493,221.0,Eighteen Sound,Haut parleur a cone,12MB700,8 ohm,Ferrite,Cylindrique,0.19,0.2,4.7,,,,,,450.0,101.5,49.0,8.0,5.0,4.5,41.0,245.0,101.0,5.71,0.9,531.0,17.8,,600.0,,,
494,221.0,Eighteen Sound,Haut parleur a cone,12MB700,16 ohm,Ferrite,Cylindrique,0.25,0.26,7.27,,,,,,450.0,100.5,46.0,8.0,9.5,4.5,46.0,177.0,100.0,3.6,1.84,531.0,22.1,,600.0,,,
495,531.0,Eighteen Sound,Haut-parleur coaxial a deux entrees,12NCX910,8+8 ohm,Neodymium,Cylindrique,0.3,0.31,10.0,Aluminium,Tissu,,Aluminium,,450.0,99.5,57.0,,5.3,6.9,53.0,184.0,58.0,3.33,0.78,531.0,18.1,148.0,900.0,,,3.4
496,582.0,Eighteen Sound,Haut-parleur coaxial a deux entrees,12NCX910N,8+8 ohm,Neodymium,Cylindrique,0.3,0.31,10.0,Aluminium,Tissu,,Aluminium,,450.0,99.5,57.0,6.0,5.3,6.9,53.0,184.0,58.0,3.33,0.78,531.0,18.1,148.0,900.0,,,3.4
497,309.0,Eighteen Sound,Haut parleur a cone,12ND610,8 ohm,Neodymium,Cylindrique,0.14,0.15,4.3,,,,,,450.0,102.0,46.0,3.4,5.9,3.5,49.0,307.0,94.4,5.89,1.17,531.0,24.0,,700.0,,,
498,309.0,Eighteen Sound,Haut parleur a cone,12ND610,16 ohm,Neodymium,Cylindrique,0.21,0.22,4.56,,,,,,450.0,101.0,50.0,4.7,11.9,3.5,45.0,227.0,85.0,4.64,0.76,530.0,27.9,,700.0,,,
499,265.0,Eighteen Sound,Haut parleur a cone,12ND730,16 ohm,Neodymium,,0.32,0.34,6.46,,,,Cuivre,,300.0,98.0,55.4,3.8,10.5,6.5,57.4,163.0,56.4,2.71,2.89,531.0,24.8,,,,,
500,284.0,Eighteen Sound,Haut parleur a cone,12ND830,4 ohm,Neodymium,Cylindrique,0.24,0.25,6.48,,,,,,450.0,99.0,58.0,4.0,2.8,6.5,47.0,232.0,63.0,4.73,0.96,531.0,13.7,,700.0,,,
501,284.0,Eighteen Sound,Haut parleur a cone,12ND830,8 ohm,Neodymium,Cylindrique,0.28,0.3,5.15,,,,,,450.0,99.0,55.0,4.0,5.7,6.5,46.0,183.0,72.0,3.84,1.5,531.0,17.6,,700.0,,,
502,287.0,Eighteen Sound,Haut parleur a cone,12ND930,8 ohm,Neodymium,Cylindrique,0.21,0.22,5.64,,,,,,500.0,98.0,50.0,4.0,5.5,6.5,57.0,227.0,70.0,3.82,1.65,531.0,21.2,,800.0,,,
503,361.0,Eighteen Sound,Haut parleur a cone,12NLW9300,8 ohm,Neodymium,Cylindrique,0.42,0.45,5.5,,,,,,800.0,97.0,47.0,6.2,4.7,8.0,82.0,104.0,56.0,1.25,0.53,531.0,17.0,,1200.0,,,
504,361.0,Eighteen Sound,Haut parleur a cone,12NLW9410,8 ohm,Neodymium,Cylindrique,0.26,0.27,6.2,Aluminium,Tissu,,,,1000.0,95.0,42.0,7.3,4.5,11.0,105.0,156.0,55.0,1.45,1.07,531.0,21.7,158.0,2000.0,12.0,28.0,1.5
505,309.0,Eighteen Sound,Haut parleur a cone,12NMB1000,8 ohm,Neodymium,Cylindrique,0.19,0.19,8.4,Aluminium,Tissu,Fibre de verre,Cuivre,Papier,600.0,102.0,54.0,5.6,5.5,3.5,61.0,284.0,58.0,4.62,0.69,531.0,24.4,137.0,1200.0,,,4.5
506,214.0,Eighteen Sound,Haut parleur a cone,12NMB420,8 ohm,Neodymium,Cylindrique,0.28,0.3,3.6,,,,,,300.0,100.5,53.0,2.8,5.2,4.0,33.5,177.0,105.0,5.01,0.2,531.0,13.9,,450.0,,,
507,251.0,Eighteen Sound,Haut parleur a cone,12NTLW2500,8 ohm,Neodymium,Cylindrique,0.38,0.39,8.4,Aluminium,Tissu,,Cuivre,,500.0,98.5,60.0,3.6,5.0,7.6,62.0,154.0,45.0,2.4,0.44,531.0,17.4,93.0,1000.0,9.0,19.7,2.4
508,346.0,Eighteen Sound,Haut parleur a cone,12NTLW3500,4 ohm,Neodymium,Cylindrique,0.33,0.34,13.1,,,,,,900.0,97.0,54.0,,3.1,8.0,85.0,159.0,41.0,1.83,0.29,531.0,16.3,,1800.0,,,1.8
509,346.0,Eighteen Sound,Haut parleur a cone,12NTLW3500,4 ohm,Neodymium,Cylindrique,0.34,0.36,7.8,Aluminium,Caoutchouc,,Aluminium,,750.0,94.5,41.0,4.7,3.1,7.9,92.0,114.0,63.0,1.16,0.39,531.0,14.5,117.0,1500.0,12.5,22.0,1.2
510,346.0,Eighteen Sound,Haut parleur a cone,12NTLW3500,8 ohm,Neodymium,Cylindrique,0.33,0.35,8.0,,,,,,900.0,97.0,53.0,4.8,5.1,9.0,80.0,151.0,45.0,1.84,0.46,531.0,19.5,,1800.0,,,1.8
511,346.0,Eighteen Sound,Haut parleur a cone,12NTLW3500,8 ohm,Neodymium,Cylindrique,0.41,0.43,8.5,Aluminium,Caoutchouc,,Aluminium,,750.0,93.5,41.0,4.7,5.8,7.9,92.0,95.0,65.0,1.01,0.55,531.0,17.8,117.0,1500.0,12.5,22.0,1.0
512,295.0,Eighteen Sound,Haut parleur a cone,12NW350,8 ohm,Neodymium,Cylindrique,0.34,0.35,12.0,Aluminium,Tissu,Fibre de verre,CCAW (alu recouvert de cuivre),,800.0,98.0,54.0,,5.0,8.3,75.0,154.0,46.0,1.99,0.85,531.0,19.2,126.0,1600.0,11.0,22.0,2.0
513,165.0,Eighteen Sound,Haut parleur a cone,12W500,4 ohm,Ferrite,Cylindrique,0.35,0.37,6.1,,,,,,350.0,98.5,49.0,4.5,2.7,4.0,36.5,132.0,101.0,3.09,0.67,531.0,9.6,,500.0,,,
514,165.0,Eighteen Sound,Haut parleur a cone,12W500,8 ohm,Ferrite,Cylindrique,0.36,0.38,6.02,,,,,,350.0,99.5,46.0,4.5,5.2,4.0,36.5,121.0,123.0,3.03,1.12,531.0,12.1,,500.0,,,
515,228.0,Eighteen Sound,Haut parleur a cone,12W700,8 ohm,Ferrite,Cylindrique,0.36,0.37,3.93,,,,,,450.0,98.0,58.0,8.2,5.7,6.5,51.0,157.0,55.0,2.79,1.48,531.0,17.7,,700.0,,,
516,214.0,Eighteen Sound,Haut parleur a cone,12W750,8 ohm,Ferrite,Cylindrique,0.28,0.3,7.0,,,,,,600.0,97.0,49.0,7.5,5.2,8.0,57.0,163.0,73.0,2.75,0.95,531.0,18.0,,1200.0,,,
517,324.0,Eighteen Sound,Haut parleur a cone,15LW1401,4 ohm,Ferrite,Cylindrique,0.26,0.27,7.21,,,,,,1000.0,98.0,39.0,12.4,3.5,9.0,125.0,144.0,127.0,2.68,1.02,850.0,22.0,,1400.0,,,
518,324.0,Eighteen Sound,Haut parleur a cone,15LW1401,8 ohm,Ferrite,Cylindrique,0.27,0.28,5.36,,,,,,1000.0,98.0,42.0,12.4,5.0,9.0,125.0,150.0,131.0,3.33,2.15,850.0,24.2,,1400.0,,,
519,332.0,Eighteen Sound,Haut parleur a cone,15LW2400,4 ohm,Ferrite,Cylindrique,0.23,0.24,4.2,,,,,,1200.0,97.0,34.0,11.2,2.7,9.5,135.0,142.0,191.0,3.01,0.79,850.0,18.0,,2400.0,,,
520,332.0,Eighteen Sound,Haut parleur a cone,15LW2400,8 ohm,Ferrite,Cylindrique,0.3,0.32,4.75,,,,,,1200.0,97.0,40.0,11.2,5.3,10.0,138.0,125.0,131.0,2.52,1.25,850.0,24.0,,2400.0,,,
521,324.0,Eighteen Sound,Haut parleur a cone,15MB1000,8 ohm,Ferrite,Cylindrique,0.31,0.32,6.0,,,,,,850.0,98.0,48.0,11.4,5.5,6.0,85.0,150.0,132.5,4.4,1.5,850.0,21.0,,1200.0,,,
522,236.0,Eighteen Sound,Haut parleur a cone,15MB606,8 ohm,Ferrite,Cylindrique,0.35,0.37,6.2,,,,,,400.0,101.0,43.0,6.7,5.0,4.5,63.0,116.0,223.0,4.61,1.3,850.0,15.1,,600.0,,,
523,211.0,Eighteen Sound,Haut parleur a cone,15MB700,8 ohm,Ferrite,Cylindrique,0.29,0.31,4.6,,,,,,400.0,103.0,42.0,8.3,5.0,5.5,73.0,135.0,202.0,4.64,1.2,850.0,17.6,,600.0,,,
524,589.0,Eighteen Sound,Haut-parleur coaxial a deux entrees,15NCX750H,8+8 ohm,Ferrite,Cylindrique,0.37,0.4,6.32,Aluminium,Polycoton,,Aluminium,,400.0,97.0,49.0,5.3,5.4,5.5,80.6,123.0,141.0,3.99,0.66,881.0,18.5,,800.0,,,4.1
525,619.0,Eighteen Sound,Haut-parleur coaxial a deux entrees,15NCX910NH,8+8 ohm,Neodymium,Cylindrique,0.33,0.34,8.2,Aluminium,Tissu + Caoutchouc,,,,450.0,100.5,55.0,6.5,5.0,7.0,86.0,162.0,107.0,5.03,1.1,881.0,21.0,,900.0,,,5.0
526,273.0,Eighteen Sound,Haut parleur a cone,15ND730,8 ohm,Neodymium,Cylindrique,0.29,0.3,8.1,,,,,,400.0,99.0,44.0,3.9,5.5,6.5,86.0,147.0,156.0,4.26,1.35,900.0,21.0,,600.0,,,
527,545.0,Eighteen Sound,Haut parleur a cone,15NLW4500,4 ohm,Neodymium,Cylindrique,0.2,0.21,6.38,Aluminium,Tissu,,,,1500.0,96.6,35.0,11.4,3.0,14.5,198.0,167.0,126.0,2.47,1.1,881.0,24.4,,3000.0,,,2.13
528,454.0,Eighteen Sound,Haut parleur a cone,15NLW4500,8 ohm,Neodymium,Cylindrique,0.26,0.27,7.8,,,,,,1500.0,96.3,35.0,11.4,5.4,14.5,201.0,130.0,111.0,1.7,1.62,881.0,29.7,,3000.0,,,1.7
529,391.0,Eighteen Sound,Haut parleur a cone,15NLW9300,8 ohm,Neodymium,Cylindrique,0.26,0.27,6.7,,,,,,800.0,97.0,39.0,6.8,6.0,8.0,107.0,144.0,170.0,3.59,0.95,850.0,24.4,,1200.0,,,
530,354.0,Eighteen Sound,Haut parleur a cone,15NLW9401,4 ohm,Neodymium,Cylindrique,0.25,0.26,6.14,,,,,,1200.0,97.5,40.0,7.5,2.8,10.0,150.0,154.0,114.0,2.7,1.23,850.0,20.0,,2400.0,,,
531,354.0,Eighteen Sound,Haut parleur a cone,15NLW9401,8 ohm,Neodymium,Cylindrique,0.26,0.28,4.13,,,,,,1200.0,97.5,39.0,7.5,5.2,10.0,140.0,139.0,134.0,2.73,1.9,850.0,25.4,,2400.0,,,
532,464.0,Eighteen Sound,Haut parleur a cone,15NLW9500,4 ohm,Neodymium,Cylindrique,0.29,0.3,7.84,,,,,,1000.0,96.0,34.0,7.0,2.7,9.0,172.0,113.0,147.5,1.86,0.58,850.0,18.2,,1400.0,,,
533,464.0,Eighteen Sound,Haut parleur a cone,15NLW9500,8 ohm,Neodymium,Cylindrique,0.32,0.34,6.7,,,,,,1000.0,96.0,35.0,7.0,4.9,9.0,146.0,103.0,163.0,1.98,0.8,850.0,21.6,,1400.0,,,
534,324.0,Eighteen Sound,Haut parleur a cone,15NMB1000,8 ohm,Neodymium,Cylindrique,0.24,0.24,8.3,,,,,,900.0,101.0,46.0,6.0,5.3,6.5,100.0,192.0,124.0,4.83,0.89,855.0,25.2,,1800.0,,,4.7
535,383.0,Eighteen Sound,Haut parleur a cone,15NTLW3500,4 ohm,Neodymium,Cylindrique,0.4,0.41,9.4,Aluminium,Tissu,,,Papier,900.0,98.0,46.0,6.0,3.1,8.3,115.0,112.0,115.0,2.63,0.29,881.0,15.8,117.0,1800.0,,,2.5
536,383.0,Eighteen Sound,Haut parleur a cone,15NTLW3500,8 ohm,Neodymium,Cylindrique,0.39,0.4,8.7,Aluminium,Tissu,,,Papier,900.0,98.0,45.0,6.0,5.2,8.3,106.0,113.0,131.0,2.87,0.46,881.0,19.5,117.0,1800.0,,,2.8
537,449.0,Eighteen Sound,Haut parleur a cone,15TLW3000,4 ohm,Ferrite,Cylindrique,0.39,0.41,9.8,,,,,,1500.0,95.0,44.0,12.5,2.5,9.0,177.0,107.0,80.0,1.6,1.0,881.0,18.0,,3000.0,,,1.6
538,449.0,Eighteen Sound,Haut parleur a cone,15TLW3000,8 ohm,Ferrite,Cylindrique,0.44,0.46,10.5,Aluminium,,,Aluminium,,1500.0,95.5,42.0,12.5,6.0,9.0,157.0,91.0,140.0,2.17,1.78,881.0,23.4,220.0,3000.0,,,
539,184.0,Eighteen Sound,Haut parleur a cone,15W500,8 ohm,Ferrite,Cylindrique,0.52,0.55,9.64,,,,,,350.0,100.5,50.0,4.3,5.2,4.0,55.0,91.0,189.0,4.13,1.04,850.0,12.6,,500.0,,,
540,221.0,Eighteen Sound,Haut parleur a cone,15W700,4 ohm,Ferrite,Cylindrique,0.27,0.29,4.03,,,,,,450.0,97.0,41.0,8.5,2.8,6.5,86.0,141.0,180.0,4.11,0.54,850.0,14.7,,700.0,,,
541,221.0,Eighteen Sound,Haut parleur a cone,15W700,8 ohm,Ferrite,Cylindrique,0.3,0.33,3.8,,,,,,450.0,99.0,38.0,8.5,5.7,6.5,80.0,115.0,217.0,3.47,1.57,850.0,18.4,,700.0,10.0,18.0,
542,239.0,Eighteen Sound,Haut parleur a cone,15W750,4 ohm,Ferrite,Cylindrique,0.37,0.39,9.34,,,,,,600.0,97.0,39.0,7.6,5.1,8.0,88.0,100.0,218.0,3.19,1.1,850.0,17.6,,1200.0,,,
543,239.0,Eighteen Sound,Haut parleur a cone,15W750,8 ohm,Ferrite,Cylindrique,0.37,0.39,9.34,,,,,,600.0,97.0,39.0,7.6,5.1,8.0,88.0,100.0,218.0,3.19,1.1,850.0,17.6,,1200.0,,,
544,774.0,Eighteen Sound,Haut parleur a cone,18ID200,2 ohm,Neodymium,Cylindrique,0.17,0.18,7.0,Aluminium,Tissu,,CCAW (alu recouvert de cuivre),,1800.0,95.0,29.0,16.0,1.3,18.0,444.0,161.0,136.0,1.77,0.93,1225.0,24.4,,3600.0,18.0,45.0,2.0
545,324.0,Eighteen Sound,Haut parleur a cone,18LW1251,8 ohm,Ferrite,Cylindrique,0.27,0.28,8.0,,,,,,1000.0,98.0,35.0,13.0,5.0,9.0,142.0,125.0,268.0,3.94,2.73,1134.0,23.6,,1400.0,,,
546,349.0,Eighteen Sound,Haut parleur a cone,18LW1400,4 ohm,Ferrite,Cylindrique,0.32,0.31,6.6,,,,,,1000.0,98.0,31.0,13.3,3.6,9.0,190.0,100.0,210.0,1.94,1.5,1225.0,22.1,,1400.0,,,
547,349.0,Eighteen Sound,Haut parleur a cone,18LW1400,8 ohm,Ferrite,Cylindrique,0.29,0.31,7.2,,,,,,1000.0,98.0,31.0,13.3,5.0,9.0,190.0,100.0,297.0,2.75,2.3,1225.0,24.7,,1400.0,,,
548,337.0,Eighteen Sound,Haut parleur a cone,18LW2400,4 ohm,Ferrite,Cylindrique,0.32,0.33,6.4,,,,,,1200.0,98.0,33.0,11.9,2.6,9.5,200.0,100.0,235.0,2.46,0.9,1225.0,18.0,,2400.0,,,
549,337.0,Eighteen Sound,Haut parleur a cone,18LW2400,8 ohm,Ferrite,Cylindrique,0.31,0.32,7.2,,,,,,1200.0,98.0,35.0,11.9,5.0,9.5,192.0,109.0,230.0,2.96,1.35,1225.0,25.6,,2400.0,,,
550,337.0,Eighteen Sound,Haut parleur a cone,18LW2420,8 ohm,Ferrite,Cylindrique,0.31,0.33,7.0,,,,,,1300.0,97.0,33.0,12.4,5.0,10.0,192.0,100.0,255.0,2.67,1.8,1225.0,24.6,,2600.0,,,2.7
551,383.0,Eighteen Sound,Haut parleur a cone,18LW2600,4 ohm,Ferrite,Cylindrique,0.28,0.29,12.9,Aluminium,Tissu,,Cuivre,,1500.0,96.5,30.0,16.1,2.6,14.0,336.0,103.0,186.0,1.67,1.79,1225.0,23.4,220.0,3000.0,,,1.6
552,383.0,Eighteen Sound,Haut parleur a cone,18LW2600,8 ohm,Ferrite,Cylindrique,0.29,0.3,11.7,,,,,,1500.0,96.8,31.0,16.1,4.9,14.8,303.0,103.0,187.0,1.79,3.42,1225.0,31.0,,3000.0,,,1.8
553,464.0,Eighteen Sound,Haut parleur a cone,18NLW4100,4 ohm,Neodymium,Cylindrique,0.27,0.28,11.9,Aluminium,Tissu,,,,1500.0,97.0,29.0,,2.5,15.0,314.0,104.0,207.0,1.74,1.55,1225.0,22.8,,3000.0,,,1.7
554,464.0,Eighteen Sound,Haut parleur a cone,18NLW4100,8 ohm,Neodymium,Cylindrique,0.34,0.35,11.2,Aluminium,,,,,1500.0,96.5,31.0,10.0,4.9,15.0,307.0,89.0,180.0,1.48,2.29,1225.0,29.0,,3000.0,,,1.5
555,648.0,Eighteen Sound,Haut parleur a cone,18NLW9000,4 ohm,Neodymium,Cylindrique,0.21,0.22,5.0,Aluminium,Tissu,,Cuivre,,1800.0,97.0,32.0,12.5,3.1,14.0,228.0,145.0,247.0,3.54,1.2,1222.0,25.0,170.0,3600.0,,,
556,376.0,Eighteen Sound,Haut parleur a cone,18NLW9400,4 ohm,Neodymium,Cylindrique,0.22,0.23,6.1,,,,,,1200.0,98.0,32.0,8.7,2.6,9.5,185.0,139.0,278.0,3.81,1.25,1225.0,20.5,,2400.0,,,
557,376.0,Eighteen Sound,Haut parleur a cone,18NLW9400,8 ohm,Neodymium,Cylindrique,0.26,0.28,6.1,,,,,,1200.0,98.0,33.0,8.7,5.0,9.5,180.0,118.0,268.0,3.31,1.9,1225.0,26.0,,2400.0,,,
558,656.0,Eighteen Sound,Haut parleur a cone,18NLW9601,4 ohm,Neodymium,Cylindrique,0.28,0.29,6.0,,,,,,1800.0,96.0,38.0,12.8,2.7,14.0,255.0,131.0,111.0,2.02,1.53,1295.0,25.0,,3600.0,,,
559,656.0,Eighteen Sound,Haut parleur a cone,18NLW9601,8 ohm,Neodymium,Cylindrique,0.28,0.3,5.7,,,,,,1800.0,96.0,39.0,12.8,4.7,14.0,255.0,130.0,120.0,2.28,2.19,1130.0,31.0,,3600.0,,,
560,678.0,Eighteen Sound,Haut parleur a cone,18NTLW5000,4 ohm,Neodymium,Cylindrique,0.3,0.31,9.5,,,,,,1800.0,95.0,32.0,12.0,3.1,17.5,306.0,103.0,165.0,1.68,1.23,1225.0,25.0,,4000.0,,,1.8
561,678.0,Eighteen Sound,Haut parleur a cone,18NTLW5000,8 ohm,Neodymium,Cylindrique,0.32,0.33,8.52,Aluminium,Polycoton,,Aluminium,,1800.0,95.0,32.0,12.0,5.5,17.5,295.0,97.0,176.0,1.68,1.85,1156.0,31.3,,4000.0,,,
562,435.0,Eighteen Sound,Haut parleur a cone,18TLW3000,4 ohm,Ferrite,Cylindrique,0.35,0.36,13.8,,,,,,1800.0,94.0,32.0,13.2,2.4,12.0,280.0,89.0,185.0,1.62,1.2,1225.0,20.0,,3600.0,,,
563,435.0,Eighteen Sound,Haut parleur a cone,18TLW3000,8 ohm,Ferrite,Cylindrique,0.41,0.42,13.0,,,,,,1800.0,95.0,33.0,13.2,4.6,12.0,266.0,79.0,185.0,1.52,1.8,1225.0,24.5,,3600.0,,,
564,324.0,Eighteen Sound,Haut parleur a cone,18W1001,8 ohm,Ferrite,Cylindrique,0.23,0.24,7.1,,,,,,1000.0,99.0,35.0,12.9,5.8,7.0,139.0,146.0,268.0,4.6,2.45,1134.0,27.6,,1400.0,,,
565,168.0,Eighteen Sound,Haut parleur a cone,18W1300,8 ohm,Ferrite,Cylindrique,0.33,0.35,5.0,Aluminium,Tissu,Fibre de verre,Aluminium,,850.0,99.5,35.0,13.0,5.0,8.5,129.0,100.0,336.0,3.96,1.48,1225.0,20.4,,1200.0,,,
566,324.0,Eighteen Sound,Haut parleur a cone,18W2001,8 ohm,Ferrite,Cylindrique,0.25,0.26,7.29,,,,,,1200.0,99.0,37.0,11.5,5.8,7.0,143.0,142.0,230.0,4.31,1.9,1134.0,27.1,,2400.0,,,
567,700.0,Eighteen Sound,Haut parleur a cone,21NLW4000,4 ohm,Neodymium,Cylindrique,0.38,0.39,16.3,,,,,,1600.0,94.0,27.0,11.6,2.6,15.0,355.0,69.0,380.0,1.85,1.3,1660.0,20.0,,3200.0,,,1.9
568,700.0,Eighteen Sound,Haut parleur a cone,21NLW4000,8 ohm,Neodymium,Cylindrique,0.37,0.38,22.0,,,,,,1600.0,97.0,29.0,11.6,4.9,15.0,380.0,76.0,305.0,1.88,2.8,1660.0,30.0,,3200.0,,,
569,707.0,Eighteen Sound,Haut parleur a cone,21NLW9001,8 ohm,Neodymium,Cylindrique,0.31,0.34,4.5,,,,,,1800.0,95.0,32.0,13.4,5.9,14.0,390.0,94.0,244.0,2.26,3.1,1662.0,37.0,,3600.0,,,
570,508.0,Eighteen Sound,Haut parleur a cone,21NLW9601C,4 ohm,Neodymium,Cylindrique,0.29,0.31,6.28,,,,,,1800.0,94.5,38.0,13.6,2.9,,484.0,123.0,140.0,2.38,1.61,1662.0,33.2,,3600.0,,,
571,752.0,Eighteen Sound,Haut parleur a cone,21NTLW5000,4 ohm,Neodymium,Cylindrique,0.32,0.33,12.3,,,,,,1800.0,97.0,30.0,12.5,3.0,17.5,372.0,91.0,300.0,2.36,1.3,1662.0,25.0,,4000.0,,,
572,752.0,Eighteen Sound,Haut parleur a cone,21NTLW5000,8 ohm,Neodymium,Cylindrique,0.36,0.38,5.2,,,,,,1800.0,97.0,31.0,12.5,5.3,17.5,372.0,82.0,270.0,2.04,1.6,1662.0,32.0,,4000.0,,,
573,57.0,Eighteen Sound,Haut parleur a cone,5W430,8 ohm,Ferrite,Non cylindrique,0.32,0.36,2.77,,,,,,80.0,89.0,52.0,,5.4,6.0,8.2,144.0,15.0,0.57,0.49,90.0,6.3,,120.0,,,
574,99.0,Eighteen Sound,Haut parleur a cone,6M44,8 ohm,Ferrite,Non cylindrique,0.29,0.31,4.4,Aluminium,Tissu,,CCAW (alu recouvert de cuivre),,200.0,95.0,102.0,3.4,5.3,2.25,16.0,329.0,3.8,1.25,0.32,132.0,13.4,134.0,350.0,8.0,7.0,1.2
575,133.0,Eighteen Sound,Haut parleur a cone,6ND410,8 ohm,Neodymium,Non cylindrique,0.24,0.27,2.2,,,,,,180.0,102.0,120.0,1.3,5.9,2.0,8.2,444.0,6.2,3.81,0.67,143.0,11.6,,240.0,,,
576,133.0,Eighteen Sound,Haut parleur a cone,6ND410,16 ohm,Neodymium,Non cylindrique,0.48,0.55,4.14,,,,,,180.0,102.0,149.0,1.3,10.6,2.0,8.8,271.0,6.2,3.58,0.14,143.0,13.0,,240.0,,,
577,125.0,Eighteen Sound,Haut parleur a cone,6ND430,4 ohm,Ferrite,Non cylindrique,0.24,0.25,6.5,,,,,,200.0,92.5,64.0,1.3,2.9,5.0,13.9,256.0,12.2,1.23,0.17,133.0,7.8,,260.0,,,
578,125.0,Eighteen Sound,Haut parleur a cone,6ND430,8 ohm,Ferrite,Non cylindrique,0.27,0.28,6.5,,,,,,200.0,92.5,61.0,1.3,5.5,5.0,13.3,218.0,12.6,0.99,0.28,133.0,10.0,,260.0,,,
579,125.0,Eighteen Sound,Haut parleur a cone,6ND430,16 ohm,Ferrite,Non cylindrique,0.3,0.32,6.32,,,,,,200.0,94.0,66.0,1.3,10.6,5.0,10.3,206.0,12.6,1.09,0.42,133.0,12.0,,260.0,,,
580,133.0,Eighteen Sound,Haut parleur a cone,6NMB420,8 ohm,Neodymium,Non cylindrique,0.33,0.38,2.7,,,,,,200.0,100.0,110.0,1.3,5.3,3.0,8.5,289.0,6.1,2.06,0.1,130.0,9.0,,260.0,,,
581,133.0,Eighteen Sound,Haut parleur a cone,6NMB420,16 ohm,Neodymium,Non cylindrique,0.4,0.46,3.42,,,,,,200.0,100.0,112.0,1.3,10.6,3.0,8.5,243.0,5.9,1.73,0.15,130.0,9.0,,260.0,,,
582,155.0,Eighteen Sound,Haut parleur a cone,6NMB900,16 ohm,Neodymium,Non cylindrique,0.34,0.38,3.1,,,,,,200.0,96.0,100.0,1.3,10.1,3.0,9.0,263.0,6.65,1.68,0.19,130.0,12.4,,260.0,,,
583,155.0,Eighteen Sound,Haut parleur a cone,6NMB900,8 ohm,Neodymium,Non cylindrique,0.32,0.36,2.87,,,,,,200.0,97.0,95.0,1.3,5.2,3.0,7.4,264.0,10.3,2.36,0.1,130.0,8.5,,260.0,,,
584,155.0,Eighteen Sound,Haut parleur a cone,6NTLW2000,8 ohm,Neodymium,Non cylindrique,0.35,0.38,5.0,Aluminium,,,,,320.0,93.0,86.0,,5.1,5.9,19.0,226.0,4.6,0.74,0.22,133.0,11.6,,600.0,8.5,16.0,0.7
585,155.0,Eighteen Sound,Haut parleur a cone,6NTLW2000,16 ohm,Neodymium,Non cylindrique,0.38,0.43,3.38,Aluminium,,,,,320.0,93.0,86.0,,9.0,5.9,17.5,200.0,4.8,0.69,0.34,133.0,14.1,,600.0,8.5,16.0,0.7
586,236.0,Eighteen Sound,Haut-parleur coaxial a deux entrees,8CX401F,8+8 ohm,Ferrite,Cylindrique,0.34,0.38,3.23,,,,,,280.0,95.0,56.0,4.4,5.0,5.8,18.0,147.0,23.9,1.07,0.96,227.0,9.3,,400.0,,,
587,140.0,Eighteen Sound,Haut parleur a cone,8M400F,8 ohm,Ferrite,Cylindrique,0.26,0.28,4.03,Aluminium,Tissu,Fibre de verre,Aluminium,,250.0,100.5,89.0,4.9,5.1,3.0,16.9,318.0,13.7,3.32,0.07,227.0,13.1,156.0,320.0,,,
588,125.0,Eighteen Sound,Haut parleur a cone,8MB500,4 ohm,Ferrite,Cylindrique,0.36,0.42,2.56,Aluminium,Tissu,,Aluminium,,280.0,95.0,73.0,3.4,2.6,6.0,18.0,174.0,18.4,1.64,0.34,230.0,7.2,134.0,400.0,,,
589,125.0,Eighteen Sound,Haut parleur a cone,8MB500,8 ohm,Ferrite,Cylindrique,0.43,0.51,2.66,Aluminium,Tissu,,Aluminium,,280.0,95.0,74.0,3.4,5.1,6.0,17.0,145.0,21.5,1.64,0.6,230.0,9.0,134.0,400.0,,,
590,125.0,Eighteen Sound,Haut parleur a cone,8MB500,16 ohm,Ferrite,Cylindrique,0.5,0.58,3.44,Aluminium,Tissu,,Aluminium,,280.0,95.0,73.0,3.4,9.8,6.0,16.0,126.0,21.3,1.38,0.86,230.0,11.0,134.0,400.0,,,
591,383.0,Eighteen Sound,Haut parleur a cone,8NM610,16 ohm,Neodymium,Non cylindrique,0.23,0.28,1.2,,,,,,400.0,104.0,260.0,3.9,10.0,3.0,17.0,929.0,1.6,9.65,0.5,220.0,31.0,,600.0,,,
592,147.0,Eighteen Sound,Haut parleur a cone,8NMB420,4 ohm,Neodymium,Cylindrique,0.31,0.34,3.81,,,,,,280.0,95.0,59.0,1.7,2.6,5.8,16.9,174.0,31.0,1.8,0.27,227.0,7.0,,400.0,,,
593,147.0,Eighteen Sound,Haut parleur a cone,8NMB420,8 ohm,Neodymium,Cylindrique,0.28,0.31,4.0,,,,,,280.0,95.0,61.0,1.7,5.0,5.8,14.9,197.0,33.0,2.32,0.35,230.0,10.0,,400.0,,,
594,147.0,Eighteen Sound,Haut parleur a cone,8NMB420,16 ohm,Neodymium,Cylindrique,0.41,0.47,3.2,,,,,,280.0,95.0,66.0,1.7,9.8,5.8,17.0,140.0,24.53,1.45,0.61,227.0,12.0,,400.0,,,
595,255.0,Eighteen Sound,Haut parleur a cone,8NMB750,8 ohm,Neodymium,Cylindrique,0.27,0.28,6.1,,,,,,350.0,96.5,88.0,3.5,5.2,6.1,35.0,314.0,6.9,1.62,0.29,230.0,18.7,,700.0,,,1.5
596,255.0,Eighteen Sound,Haut parleur a cone,8NMB750,16 ohm,Neodymium,Cylindrique,0.37,0.39,5.9,,,,,,350.0,93.5,91.0,3.5,10.2,6.3,30.0,233.0,7.3,1.36,0.3,230.0,21.5,,700.0,,,
597,184.0,Eighteen Sound,Haut parleur a cone,8NTLS2000,8 ohm,Neodymium,Cylindrique,0.19,0.19,11.8,Aluminium,Caoutchouc,,,,350.0,93.5,40.0,,5.4,7.4,42.0,211.0,27.5,0.89,0.69,227.0,17.2,,700.0,8.5,19.0,0.9
598,162.0,Eighteen Sound,Haut parleur a cone,8NTLW2000,8 ohm,Neodymium,Cylindrique,0.21,0.21,8.1,Aluminium,Tissu,,CCAW (alu recouvert de cuivre),,350.0,97.5,71.0,,5.2,4.4,28.0,338.0,13.0,2.13,0.63,227.0,17.5,85.0,700.0,8.5,13.0,2.2
599,162.0,Eighteen Sound,Haut parleur a cone,8NTLW2000,16 ohm,Neodymium,Cylindrique,0.26,0.27,12.9,Aluminium,Tissu,,CCAW (alu recouvert de cuivre),,350.0,74.0,74.0,,11.1,4.4,27.0,274.0,11.3,1.63,1.34,227.0,22.4,,700.0,8.5,13.0,1.8
600,169.0,Eighteen Sound,Haut parleur a cone,8NW650,8 ohm,Neodymium,Cylindrique,0.25,0.27,3.7,,,,,,300.0,96.0,63.0,2.2,6.1,5.5,26.0,233.0,17.8,1.59,0.71,230.0,15.2,,600.0,,,
601,169.0,Eighteen Sound,Haut parleur a cone,8NW650,16 ohm,Neodymium,Cylindrique,0.25,0.26,4.13,,,,,,300.0,95.0,62.0,2.2,9.9,5.5,25.0,238.0,18.99,1.68,1.14,230.0,19.1,,600.0,,,
602,228.0,Eighteen Sound,Haut parleur a cone,12MB710,8 ohm,Neodymium,Cylindrique,0.2,0.2,10.3,Aluminium,Tissu,,,,500.0,100.0,46.0,,5.0,5.0,59.0,230.0,81.0,3.79,0.79,531.0,20.5,200.0,1000.0,10.0,15.0,3.8
603,280.0,Eighteen Sound,Haut parleur a cone,15ND830,4 ohm,Neodymium,Cylindrique,0.34,0.36,7.2,,,,,,450.0,98.0,42.0,4.1,3.0,6.5,85.0,117.0,157.0,3.11,0.62,850.0,14.0,,700.0,,,
604,280.0,Eighteen Sound,Haut parleur a cone,15ND830,8 ohm,Neodymium,Cylindrique,0.32,0.35,3.9,,,,,,450.0,98.0,39.0,4.1,5.7,6.5,80.0,111.0,213.0,3.47,1.54,850.0,18.0,,700.0,,,
605,597.0,Eighteen Sound,Haut parleur a cone,18NLS4000,4 ohm,Neodymium,Cylindrique,0.35,0.36,13.7,Aluminium,Mousse,Fibre de verre,CCAW (alu recouvert de cuivre),,1200.0,88.0,27.0,12.0,2.9,,433.0,75.0,168.0,0.89,2.6,1225.0,24.2,136.0,2400.0,15.0,52.0,25.0
606,759.0,Eighteen Sound,Haut parleur a cone,21NLW9601,4 ohm,Neodymium,Cylindrique,0.32,0.33,10.56,,,,,,1800.0,95.0,41.0,14.0,3.0,14.0,450.0,124.0,123.0,2.47,2.18,1662.0,32.7,,3600.0,,,
607,759.0,Eighteen Sound,Haut parleur a cone,21NLW9601,8 ohm,Neodymium,Cylindrique,0.29,0.31,5.5,Aluminium,,,,,1800.0,96.0,37.0,14.0,5.9,14.0,408.0,119.0,175.0,2.75,3.1,1662.0,43.0,170.0,3600.0,,,
608,715.0,Eminence,Haut parleur a cone,,8 ohm,Neodymium,Cylindrique,0.38,0.39,8.46,Aluminium,Tissu,Fibre de verre,Cuivre,,1600.0,96.6,36.0,9.5,5.86,15.21,237.0,92.0,164.49,1.89,1.54,1217.0,28.24,,3200.0,12.7,,
609,394.0,Eminence,Haut parleur a cone,,8 ohm,Ferrite,Cylindrique,0.39,0.39,22.89,Aluminium,Tissu,Fibre de verre,Cuivre,,1600.0,96.0,38.0,14.1,5.3,14.1,240.0,97.0,143.93,1.95,1.5,1217.0,27.97,,3200.0,15.0,,
610,98.0,Eminence,Haut parleur a cone,820H,4 ohm,Ferrite,Cylindrique,0.88,0.92,18.78,Acier,Papier,Polyimide,Cuivre,,20.0,96.1,144.0,1.4,3.64,1.6,9.0,157.0,9.62,3.0,0.33,230.9,5.74,,40.0,6.4,,
611,91.0,Eminence,Haut parleur a cone,ALPHA-10A,8 ohm,Ferrite,Cylindrique,0.59,0.66,5.21,Acier,Tissu,Polyimide,Cuivre,,150.0,95.6,50.0,2.0,5.31,3.2,22.0,76.0,2.9,0.06,0.66,355.4,7.5,,300.0,6.4,,
612,109.0,Eminence,Haut parleur a cone,ALPHA-12A,8 ohm,Ferrite,Cylindrique,0.77,0.88,6.53,Acier,Tissu,Polyimide,Cuivre,,150.0,95.6,49.0,2.4,6.3,2.4,33.0,56.0,4.29,0.06,0.79,519.5,8.5,,300.0,6.5,,
613,130.0,Eminence,Haut parleur a cone,ALPHA-15A,8 ohm,Ferrite,Cylindrique,1.26,1.53,7.23,Acier,Tissu,Polyimide,Cuivre,,200.0,97.0,41.0,3.0,5.88,3.8,59.0,27.0,9.18,0.04,0.84,856.3,7.7,,400.0,6.4,,
614,25.0,Eminence,Haut parleur a cone,ALPHA-3,32 ohm,Ferrite,Non cylindrique,0.74,0.85,5.87,Acier,Caoutchouc,Polyimide,Cuivre,Polypropylene,35.0,88.0,117.0,0.41,22.43,2.6,2.0,138.0,0.98,0.18,0.23,28.6,6.46,,70.0,2.0,,
615,25.0,Eminence,Haut parleur a cone,ALPHA-3A,8 ohm,Ferrite,Non cylindrique,0.5,0.53,7.94,Acier,Caoutchouc,Polyimide,Cuivre,Polypropylene,30.0,88.6,118.0,0.41,5.12,2.4,2.0,223.0,0.95,0.29,0.11,28.6,3.93,,60.0,2.5,,
616,52.0,Eminence,Haut parleur a cone,ALPHA-4A,8 ohm,Ferrite,Cylindrique,0.75,0.84,6.83,Acier,Tissu,Polyimide,Cuivre,,55.0,88.0,123.0,0.68,6.73,2.6,4.0,146.0,1.94,0.42,0.28,57.7,4.94,,110.0,3.7,,
617,52.0,Eminence,Haut parleur a cone,ALPHA-4C,4 ohm,Ferrite,Cylindrique,0.63,0.7,6.41,Acier,Tissu,Polyimide,Cuivre,,55.0,88.0,120.0,0.68,3.42,2.6,5.0,171.0,1.76,0.42,0.18,57.7,4.12,,,3.7,,
618,68.0,Eminence,Haut parleur a cone,ALPHA-5A,8 ohm,Ferrite,Non cylindrique,0.54,0.56,11.81,Acier,Tissu,Polyimide,Aluminium,Papier,125.0,89.4,87.0,1.4,5.0,5.92,8.0,155.0,6.14,0.7,0.29,102.6,6.22,,250.0,5.8,,
619,70.0,Eminence,Haut parleur a cone,ALPHA-6A,8 ohm,Ferrite,Cylindrique,0.54,0.6,5.68,Acier,Tissu,Polyimide,Cuivre,Papier,100.0,93.6,103.0,1.9,7.2,3.5,7.0,172.0,5.8,1.02,0.19,126.7,8.0,,200.0,6.4,,
620,72.0,Eminence,Haut parleur a cone,ALPHA-6CBMRA,8 ohm,Ferrite,Cylindrique,1.35,1.74,6.04,Acier,Tissu,Polyimide,Cuivre,Papier,100.0,97.8,407.0,1.7,5.26,1.5,8.0,234.0,0.45,1.68,0.38,126.7,7.86,,200.0,6.4,,
621,74.0,Eminence,Haut parleur a cone,ALPHA-8A,8 ohm,Ferrite,Cylindrique,0.59,0.68,4.6,Acier,Tissu,Polyimide,Cuivre,Papier,125.0,94.0,73.0,2.0,5.3,3.2,17.0,107.0,17.7,0.98,0.44,210.0,7.8,,250.0,6.4,,
622,99.0,Eminence,Haut parleur a cone,ALPHA-8MRA,8 ohm,Ferrite,Cylindrique,1.42,2.08,4.48,Acier,Papier,Polyimide,Cuivre,Papier,125.0,100.9,514.0,2.0,7.32,1.6,7.0,247.0,0.8,5.02,0.34,205.9,8.9,,250.0,6.4,,
623,121.0,Eminence,Haut parleur a cone,BASSLI S2010,8 ohm,Neodymium,Cylindrique,0.31,0.34,4.16,Acier,Tissu,Polyimide,Cuivre,,150.0,96.2,46.0,1.6,5.02,4.0,33.0,135.0,63.4,1.75,0.47,350.1,11.9,,300.0,7.1,,
624,121.0,Eminence,Haut parleur a cone,BASSLITE SC10 C,16 ohm,Neodymium,Cylindrique,0.45,0.56,2.23,Acier,Tissu,Polyimide,Cuivre,,150.0,94.3,46.0,1.6,12.21,4.4,26.0,82.0,78.27,1.31,0.89,350.1,12.79,,300.0,7.1,,
625,94.0,Eminence,Haut parleur a cone,BETA-10A,8 ohm,Ferrite,Cylindrique,0.49,0.52,8.14,Acier,Tissu,Polyimide,Aluminium,,250.0,97.0,53.0,3.1,5.75,3.0,25.0,102.0,60.1,1.66,0.67,344.9,9.6,,500.0,7.9,,
626,94.0,Eminence,Haut parleur a cone,BETA-10B,16 ohm,Ferrite,Cylindrique,0.51,0.58,4.33,Acier,,Polyimide,Aluminium,,250.0,94.1,51.6,3.1,15.1,3.0,25.0,89.0,61.37,1.4,1.33,344.9,15.14,,500.0,7.9,,
627,111.0,Eminence,Haut parleur a cone,BETA-12A-2,8 ohm,Ferrite,Cylindrique,0.46,0.5,6.0,Acier,Tissu,Polyimide,Cuivre,,125.0,98.0,47.0,3.4,5.0,8.8,40.0,94.0,120.1,2.4,0.64,538.9,10.8,,250.0,7.9,,
628,131.0,Eminence,Haut parleur a cone,BETA-15A,8 ohm,Ferrite,Cylindrique,0.58,0.63,8.1,Acier,Tissu,Polyimide,Cuivre,,300.0,98.2,35.0,4.0,6.32,4.0,60.0,56.0,334.6,2.19,1.1,823.7,11.5,,600.0,7.9,,
629,80.0,Eminence,Haut parleur a cone,BETA-6A,8 ohm,Ferrite,Cylindrique,0.56,0.66,3.46,Acier,Tissu,Polyimide,Aluminium,Papier,175.0,94.0,123.0,2.5,5.18,4.5,11.0,186.0,3.51,0.96,0.43,129.9,8.13,,350.0,6.4,,
630,82.0,Eminence,Haut parleur a cone,BETA-8A,8 ohm,Ferrite,Cylindrique,0.38,0.42,4.95,Acier,Tissu,Polyimide,Aluminium,,225.0,95.1,65.0,3.0,5.99,3.0,16.0,155.0,23.3,1.47,0.49,210.0,9.6,,450.0,7.9,,
631,269.0,Eminence,Haut parleur a cone,CANNABASS 3015N,8 ohm,Neodymium,Cylindrique,0.39,0.43,3.6,Aluminium,Tissu,Fibre de verre,Cuivre,,500.0,98.1,40.67,3.7,5.5,7.22,96.75,95.0,162.87,2.45,0.59,856.3,17.76,,1000.0,9.27,,
632,248.0,Eminence,Haut parleur a cone,CANNABASS CB3010N,8 ohm,Neodymium,Cylindrique,0.25,0.25,7.95,Aluminium,Tissu,Fibre de verre,Cuivre,Papier,450.0,94.0,41.62,3.2,5.62,6.48,51.42,166.0,55.22,1.53,0.62,376.9,17.22,,900.0,9.27,,
633,111.0,Eminence,Haut parleur a cone,CANNABIS REX,8 ohm,Ferrite,Cylindrique,0.58,0.6,15.4,Acier,Papier,Papier,Cuivre,Tissu,50.0,99.3,130.0,3.3,6.35,0.79,20.0,217.0,13.02,4.58,0.49,366.1,13.16,,,8.0,,
634,113.0,Eminence,Haut parleur a cone,CANNABIS REX,16 ohm,Ferrite,Cylindrique,0.75,0.82,9.95,Acier,Papier,Papier,Cuivre,,50.0,101.8,101.0,3.7,13.1,0.8,27.0,123.0,36.4,4.4,0.75,532.4,16.7,,100.0,7.9,,
635,113.0,Eminence,Haut parleur a cone,CANNABIS REX,8 ohm,Ferrite,Cylindrique,0.64,0.69,9.28,Acier,Papier,Papier,Cuivre,,50.0,101.8,96.0,3.7,6.56,0.8,24.0,139.0,45.48,5.6,0.44,532.4,11.8,,100.0,7.9,,
636,90.0,Eminence,Haut parleur a cone,COPPERHEAD,8 ohm,Ferrite,Cylindrique,0.98,1.05,13.27,Acier,Papier,Polyimide,Cuivre,,75.0,98.8,105.0,2.0,7.59,,16.0,100.0,27.0,2.86,0.37,366.1,8.8,,,7.9,,
637,116.0,Eminence,Haut parleur a cone,CV-75,8 ohm,Ferrite,Cylindrique,0.42,0.43,15.07,Acier,Papier,Nomex,Cuivre,,75.0,102.2,79.0,4.9,6.89,1.24,28.0,184.0,52.45,5.78,,519.5,15.0,,,8.0,,
638,116.0,Eminence,Haut parleur a cone,CV-7516,16 ohm,Ferrite,Cylindrique,0.48,0.49,21.33,Acier,Tissu,Nomex,Cuivre,,75.0,101.9,80.0,4.9,14.23,1.24,28.0,163.0,56.2,5.64,0.85,519.5,20.05,,,8.0,,
639,121.0,Eminence,Haut parleur a cone,DELTA-10A-2,8 ohm,Ferrite,Cylindrique,0.44,0.48,5.79,Acier,Tissu,Polyimide,Aluminium,,425.0,96.7,69.7,4.9,5.52,6.4,29.5,145.0,29.73,2.02,0.58,344.9,12.19,,800.0,9.5,,
640,118.0,Eminence,Haut parleur a cone,DELTA-10B,16 ohm,Ferrite,Cylindrique,0.33,0.35,8.34,Acier,Tissu,Polyimide,Cuivre,,350.0,98.0,65.0,4.9,11.6,3.5,28.0,186.0,36.0,2.72,0.79,344.9,19.5,,700.0,9.5,,
641,116.0,Eminence,Haut parleur a cone,DELTA-12A,8 ohm,Ferrite,Cylindrique,0.43,0.46,5.27,Acier,Tissu,Polyimide,Aluminium,,400.0,98.3,55.0,5.2,6.3,2.4,39.0,120.0,81.3,2.83,0.74,519.5,13.5,,800.0,9.5,,
642,116.0,Eminence,Haut parleur a cone,DELTA-12B,16 ohm,Ferrite,Cylindrique,0.48,0.52,7.04,Acier,Tissu,Polyimide,Cuivre,,400.0,98.3,58.0,5.2,11.4,2.7,32.0,112.0,87.0,3.14,0.77,519.5,16.0,,800.0,9.5,,
643,130.0,Eminence,Haut parleur a cone,DELTA-12LFA,8 ohm,Ferrite,Cylindrique,0.47,0.51,7.28,Acier,Tissu,Polyimide,Cuivre,,500.0,94.6,51.0,5.4,6.06,4.8,51.0,100.0,67.9,1.7,1.45,506.7,14.1,,1000.0,9.5,,
644,130.0,Eminence,Haut parleur a cone,DELTA-12LFC,4 ohm,Ferrite,Cylindrique,0.44,0.47,8.21,Acier,Tissu,Kapton,Cuivre,,500.0,93.1,52.0,5.4,3.2,4.8,53.0,111.0,63.7,1.83,0.94,506.7,10.9,,1000.0,9.5,,
645,135.0,Eminence,Haut parleur a cone,DELTA-15A,8 ohm,Ferrite,Cylindrique,0.53,0.57,8.05,Acier,Tissu,Polyimide,Aluminium,,400.0,100.0,40.0,5.6,6.3,2.7,62.0,70.0,270.7,2.92,0.64,864.6,13.2,,800.0,9.5,,
646,135.0,Eminence,Haut parleur a cone,DELTA-15B,16 ohm,Ferrite,Cylindrique,0.61,0.67,6.54,Acier,Tissu,Polyimide,Cuivre,,400.0,100.0,45.0,5.6,11.3,1.6,64.0,67.0,204.0,2.67,1.35,856.3,17.6,,800.0,9.5,,
647,143.0,Eminence,Haut parleur a cone,DELTA-15LFA,8 ohm,Ferrite,Cylindrique,0.48,0.52,6.3,Acier,Tissu,Polyimide,Cuivre,,500.0,96.0,39.0,5.8,6.11,4.8,75.0,75.0,241.0,2.64,1.37,873.0,14.6,,1000.0,9.5,,
648,143.0,Eminence,Haut parleur a cone,DELTA-15LFC,4 ohm,Ferrite,Cylindrique,0.49,0.53,6.22,Acier,Tissu,Polyimide,Cuivre,Papier,600.0,95.0,40.0,5.8,3.37,6.0,66.0,75.0,253.93,2.95,0.76,873.0,10.32,,1200.0,9.5,,
649,142.0,Eminence,Haut parleur a cone,DELTA PRO-12A,8 ohm,Ferrite,Cylindrique,0.35,0.37,7.56,Aluminium,Tissu,Polyimide,Aluminium,,400.0,99.2,51.0,7.4,5.71,4.6,48.0,138.0,81.7,2.82,,532.4,15.3,,800.0,9.5,,
650,167.0,Eminence,Haut parleur a cone,DELTA PRO-15A,8 ohm,Ferrite,Cylindrique,0.4,0.44,4.73,Aluminium,Tissu,Polyimide,Aluminium,,400.0,101.6,42.0,7.7,5.71,4.3,61.0,95.0,243.5,3.94,0.83,856.3,14.5,,800.0,9.5,,
651,163.0,Eminence,Haut parleur a cone,DELTALITE II 2510,8 ohm,Neodymium,Cylindrique,0.42,0.45,5.76,Aluminium,Tissu,Polyimide,Aluminium,,250.0,97.3,53.0,2.1,5.06,4.2,31.0,118.0,52.5,1.67,0.4,350.1,10.6,,500.0,7.0,,
652,181.0,Eminence,Haut parleur a cone,DELTALITE II 2512,8 ohm,Neodymium,Cylindrique,0.52,0.64,2.94,Aluminium,Tissu,Polyimide,Aluminium,,250.0,99.6,53.1,2.3,5.28,4.9,48.58,83.0,67.44,1.52,0.31,519.5,11.6,,500.0,7.0,,
653,231.0,Eminence,Haut parleur a cone,DOUBLE-T 12,8 ohm,Neodymium,Cylindrique,0.3,0.3,19.59,Aluminium,Tissu,Polyimide,Cuivre,Papier,300.0,100.2,53.0,2.2,5.6,2.36,54.0,177.0,63.69,3.04,0.57,519.5,18.23,,600.0,9.1,,
654,120.0,Eminence,Haut parleur a cone,DOUBLE-T 15,4 ohm,Neodymium,Cylindrique,0.33,0.34,9.71,Aluminium,Tissu,Polyimide,Cuivre,Papier,300.0,101.0,56.0,3.5,3.18,1.4,74.0,165.0,111.97,5.56,0.4,856.3,15.76,,,9.1,,
655,151.0,Eminence,Haut parleur a cone,DV-77 Mick Thomson Signature Speaker,8 ohm,Ferrite,Cylindrique,0.43,0.45,11.46,Acier,Papier,Nomex,Cuivre,Tissu,70.0,100.6,70.0,4.7,6.47,0.8,27.0,156.0,71.19,5.21,0.49,519.5,13.18,,,7.95,,
656,151.0,Eminence,Haut parleur a cone,DV-77 Mick Thomson Signature Speaker,16 ohm,Ferrite,Cylindrique,0.52,0.54,13.48,Acier,Papier,Nomex,Cuivre,Tissu,70.0,100.6,74.0,4.7,13.27,0.8,27.0,137.0,71.19,5.13,0.74,519.5,13.18,,,7.95,,
657,70.0,Eminence,Haut parleur a cone,EM6184-U,4 ohm,Ferrite,Cylindrique,0.45,0.49,6.12,Acier,Tissu,Polyimide,Cuivre,Papier,100.0,93.3,107.0,1.9,3.2,3.5,9.0,218.0,5.7,1.37,0.28,126.7,6.4,,200.0,6.4,,
658,121.0,Eminence,Haut parleur a cone,ERIC JOHNSON 1250,8 ohm,Ferrite,Cylindrique,0.62,0.65,12.41,Acier,Papier,Nomex,Cuivre,,50.0,101.4,89.98,3.6,7.19,1.2,26.55,138.0,44.96,4.84,0.62,519.5,12.91,,,8.0,,
659,252.0,Eminence,Haut parleur a cone,GA-SC59,8 ohm,Alnico,Cylindrique,0.61,0.63,19.73,Acier,Papier,Papier,Cuivre,,40.0,100.0,89.0,3.8,7.4,1.61,28.0,141.0,41.21,4.43,0.61,519.5,13.55,,,7.95,,
660,118.0,Eminence,Haut parleur a cone,GA-SC64,8 ohm,Ferrite,Cylindrique,0.58,0.6,16.82,Acier,Papier,Papier,Cuivre,,40.0,100.5,88.0,3.4,7.63,1.23,27.0,147.0,44.96,4.91,0.67,519.5,13.8,,,8.0,,
661,113.0,Eminence,Haut parleur a cone,GA-SCX 12,8 ohm,Neodymium,Cylindrique,0.66,0.7,10.99,Acier,Papier,Papier,Cuivre,,60.0,100.9,90.7,2.0,7.1,1.27,25.63,130.0,44.96,4.61,0.51,519.5,12.19,,,6.99,,
662,147.0,Eminence,Haut parleur a cone,GA10-SC59,8 ohm,Alnico,Cylindrique,1.54,1.67,19.66,Acier,Papier,Papier,Cuivre,,20.0,97.0,102.0,1.3,7.58,1.59,17.0,61.0,27.91,1.71,0.44,366.1,6.94,,,6.35,,
663,108.0,Eminence,Haut parleur a cone,GA10-SC64,8 ohm,Ferrite,Cylindrique,1.28,1.38,16.89,Acier,Papier,Papier,Cuivre,,20.0,98.2,100.0,1.5,7.58,1.59,14.0,72.0,33.49,2.33,0.48,366.1,7.05,,,6.4,,
664,90.0,Eminence,Haut parleur a cone,GA10-SC64,16 ohm,Ferrite,Cylindrique,1.28,1.38,16.89,Acier,Papier,Papier,Cuivre,,20.0,98.2,91.08,1.5,10.22,1.59,14.0,66.0,33.49,1.77,0.48,366.1,7.05,,,,,
665,322.0,Eminence,Haut parleur a cone,IMPERO 18A,8 ohm,Ferrite,Cylindrique,0.43,0.44,14.02,Aluminium,Tissu,Fibre de verre,Cuivre,,1200.0,95.9,33.17,12.4,5.41,8.0,139.52,75.0,317.02,2.53,1.47,1159.0,18.9,,2400.0,12.7,,
666,163.0,Eminence,Haut parleur a cone,KAPPA-15A,8 ohm,Ferrite,Cylindrique,0.32,0.33,8.9,Acier,Tissu,Polyimide,Cuivre,,450.0,100.5,33.0,8.0,5.22,4.0,76.0,100.0,321.3,3.36,1.05,856.3,15.7,,900.0,9.5,,
667,163.0,Eminence,Haut parleur a cone,KAPPA-15C,4 ohm,Ferrite,Cylindrique,0.25,0.25,10.14,Acier,Tissu,Polyimide,Cuivre,,450.0,98.1,31.0,8.0,3.68,2.4,77.0,124.0,329.9,3.78,0.88,856.3,14.7,,900.0,9.5,,
668,175.0,Eminence,Haut parleur a cone,KAPPA-15LFA,8 ohm,Ferrite,Cylindrique,0.38,0.41,6.08,Acier,Tissu,Polyimide,Cuivre,,600.0,99.0,39.0,9.1,5.4,5.5,105.0,95.0,159.0,2.21,1.27,856.3,18.6,,1200.0,9.5,,
669,149.0,Eminence,Haut parleur a cone,KAPPA PRO-10A,8 ohm,Ferrite,Cylindrique,0.2,0.2,10.1,Aluminium,Tissu,Polyimide,Cuivre,,500.0,97.0,46.0,6.9,6.5,3.2,38.0,230.0,52.2,2.44,1.15,344.9,18.8,,1000.0,9.5,,
670,179.0,Eminence,Haut parleur a cone,KAPPA PRO 10LF,8 ohm,Ferrite,Cylindrique,0.28,0.29,8.97,Aluminium,Tissu,Polyimide,Aluminium,Papier,600.0,91.6,39.0,7.8,5.47,7.2,46.0,134.0,72.97,1.44,0.97,376.9,14.46,,1200.0,9.5,,
671,159.0,Eminence,Haut parleur a cone,KAPPA PRO-12A,8 ohm,Ferrite,Cylindrique,0.24,0.25,6.93,Aluminium,Tissu,Polyimide,Cuivre,,500.0,97.1,37.0,7.5,5.46,4.8,59.0,148.0,121.0,2.36,1.22,519.5,17.3,,1000.0,9.5,,
672,167.0,Eminence,Haut parleur a cone,KAPPA PRO-15A,8 ohm,Ferrite,Cylindrique,0.38,0.4,8.01,Aluminium,Tissu,Polyimide,Aluminium,,500.0,101.0,47.0,7.7,5.23,3.2,72.0,118.0,167.7,4.18,1.01,856.3,16.6,,1000.0,9.5,,
673,193.0,Eminence,Haut parleur a cone,KAPPA PRO-15LF-2,8 ohm,Ferrite,Cylindrique,0.3,0.32,7.3,Aluminium,Tissu,Polyimide,Cuivre,Papier,600.0,97.8,35.0,10.1,6.5,6.7,102.0,109.0,198.8,2.56,1.4,856.2,21.6,,1200.0,9.5,,
674,231.0,Eminence,Haut parleur a cone,KAPPA PRO-18LF2,8 ohm,Ferrite,Cylindrique,0.34,0.34,10.66,Aluminium,Tissu,Kapton,Cuivre,Papier,800.0,98.0,32.0,11.1,5.39,16.0,119.0,94.0,391.61,3.63,1.21,1159.0,19.39,,1600.0,9.5,,
675,260.0,Eminence,Haut parleur a cone,KAPPALITE 3010LF,8 ohm,Neodymium,Cylindrique,0.31,0.33,6.95,Aluminium,Tissu,Polyimide,Cuivre,,450.0,92.0,45.0,3.2,7.03,8.52,53.0,136.0,47.33,1.26,0.87,376.9,17.98,,900.0,9.3,,
676,229.0,Eminence,Haut-parleur coaxial a une entree,KAPPALITE 3012CX,8 ohm,Neodymium,Cylindrique,0.3,0.31,8.37,Aluminium,Tissu,Fibre de verre,Cuivre,Tissu,400.0,95.4,42.0,3.3,5.7,7.47,54.0,135.0,111.5,2.56,0.61,545.4,16.02,,800.0,9.3,,
677,238.0,Eminence,Haut parleur a cone,KAPPALITE 3012HO,8 ohm,Neodymium,Cylindrique,0.32,0.33,8.39,Aluminium,Tissu,Kapton,Aluminium,,400.0,100.5,52.0,3.2,5.5,6.2,47.0,158.0,81.1,3.32,0.57,532.4,15.9,,800.0,9.3,,
678,250.0,Eminence,Haut parleur a cone,KAPPALITE 3012LF,8 ohm,Neodymium,Cylindrique,0.32,0.34,6.94,Aluminium,Tissu,Kapton,Cuivre,Papier,450.0,95.5,37.0,3.5,5.6,9.1,72.0,109.0,106.65,1.53,0.98,545.4,16.7,,900.0,9.3,,
679,260.0,Eminence,Haut parleur a cone,KAPPALITE 3015,8 ohm,Neodymium,Cylindrique,0.34,0.36,6.7,Aluminium,Tissu,Polyimide,Cuivre,,450.0,100.8,45.0,3.6,5.27,5.9,84.0,125.0,153.0,3.72,0.64,856.0,18.6,,900.0,9.3,,
680,278.0,Eminence,Haut parleur a cone,KAPPALITE 3015LF,8 ohm,Neodymium,Cylindrique,0.46,0.48,8.97,Aluminium,Tissu,Kapton,Cuivre,,450.0,98.4,44.0,3.9,5.5,9.6,93.0,92.0,150.9,2.58,0.93,881.1,17.0,,900.0,9.3,,
681,293.0,Eminence,Haut parleur a cone,KILOMAX PRO 18A,8 ohm,Ferrite,Cylindrique,0.47,0.49,10.15,Aluminium,Tissu,Kapton,Cuivre,,1250.0,95.8,32.0,12.4,5.07,10.0,143.0,65.0,331.5,2.13,1.59,1159.0,17.2,,2500.0,9.5,,
682,99.0,Eminence,Haut parleur a cone,LA6-CBMR,8 ohm,Ferrite,Non cylindrique,0.89,1.24,3.13,Aluminium,Tissu,Polyimide,Cuivre,,150.0,97.8,460.0,3.0,6.3,0.2,9.0,371.0,0.4,3.02,0.33,133.1,11.1,,300.0,7.9,,
683,238.0,Eminence,Haut parleur a cone,LAB12C,4 ohm,Ferrite,Cylindrique,0.33,0.34,11.7,Aluminium,Mousse,Polyimide,Cuivre,Papier,500.0,88.9,23.0,10.0,3.11,13.0,136.0,68.0,128.31,0.45,1.09,506.7,13.36,,1000.0,9.5,,
684,304.0,Eminence,Haut parleur a cone,LAB15,6 ohm,Ferrite,Cylindrique,0.35,0.37,5.36,Aluminium,Mousse,Aluminium,Cuivre,Papier,600.0,88.5,28.0,10.8,4.9,11.8,308.0,76.0,103.61,0.6,3.23,823.7,26.7,,1200.0,9.5,,
685,128.0,Eminence,Haut parleur a cone,LEGEND 1028K,8 ohm,Alnico,Cylindrique,1.47,1.61,17.96,Acier,Papier,Polyimide,Cuivre,,35.0,97.4,95.0,1.3,5.8,2.1,15.0,59.0,31.5,1.62,0.51,344.9,5.7,,,6.4,,
686,113.0,Eminence,Haut parleur a cone,LEGEND 1218,8 ohm,Ferrite,Cylindrique,0.89,0.95,15.51,Acier,Tissu,Polyimide,Cuivre,Papier,150.0,98.7,100.0,3.8,6.95,0.8,29.0,105.0,31.2,3.16,0.69,506.7,11.6,,,7.9,,
687,116.0,Eminence,Haut parleur a cone,LEGEND 1258,8 ohm,Ferrite,Cylindrique,0.99,1.18,6.15,Acier,Tissu,Polyimide,Cuivre,Papier,75.0,100.1,94.0,3.5,7.44,0.48,32.0,80.0,32.5,2.2,0.7,506.7,10.9,,,7.9,,
688,130.0,Eminence,Haut parleur a cone,LEGEND 1275,8 ohm,Ferrite,Cylindrique,1.02,1.09,15.07,Acier,Tissu,Polyimide,Cuivre,Papier,75.0,101.1,111.0,3.2,7.36,0.47,30.0,102.0,29.61,3.57,0.55,552.0,11.95,,,8.0,,
689,142.0,Eminence,Haut parleur a cone,LEGEND 1518,8 ohm,Ferrite,Cylindrique,0.93,1.02,10.12,Acier,Tissu,Polyimide,Cuivre,Tissu,150.0,103.4,82.0,5.5,7.16,0.8,55.0,80.0,65.4,3.4,0.86,823.7,14.1,,,7.9,,
690,109.0,Eminence,Haut parleur a cone,LEGEND B810,32 ohm,Ferrite,Cylindrique,0.65,0.68,13.91,Acier,Tissu,Kapton,Cuivre,Tissu,150.0,92.7,52.0,3.0,27.5,4.7,24.0,76.0,66.4,1.32,2.72,350.1,17.7,,300.0,7.9,,
691,101.0,Eminence,Haut parleur a cone,LEGEND BP102,8 ohm,Ferrite,Cylindrique,0.43,0.47,5.36,Acier,Tissu,Polyimide,Cuivre,Tissu,200.0,91.8,35.0,,5.59,6.2,38.0,74.0,91.2,0.8,0.83,334.5,10.0,,400.0,7.9,,
692,101.0,Eminence,Haut parleur a cone,LEGEND BP102,4 ohm,Ferrite,Cylindrique,0.38,0.4,10.61,Acier,Tissu,Polyimide,Cuivre,Tissu,200.0,90.5,35.0,,2.7,6.2,34.0,88.0,103.8,1.07,0.68,344.9,7.1,,400.0,7.9,,
693,125.0,Eminence,Haut parleur a cone,LEGEND BP122,8 ohm,Ferrite,Cylindrique,0.54,0.57,9.26,Acier,Tissu,Polyimide,Cuivre,,250.0,94.1,35.0,4.1,5.66,6.2,50.0,61.0,157.4,1.14,0.84,532.4,10.55,,500.0,7.9,,
694,155.0,Eminence,Haut parleur a cone,LEGEND BP1525,8 ohm,Ferrite,Cylindrique,0.48,0.5,11.21,Acier,Tissu,Polyimide,Cuivre,,350.0,96.6,32.0,5.4,6.65,6.2,65.0,64.0,397.0,2.5,1.12,856.3,13.07,,700.0,7.9,,
695,153.0,Eminence,Haut parleur a cone,LEGEND CA1059,8 ohm,Ferrite,Non cylindrique,0.26,0.28,3.27,Aluminium,Tissu,Polyimide,Aluminium,,250.0,98.77,48.0,5.1,5.53,4.72,27.0,171.0,71.47,2.71,0.11,350.1,12.54,,500.0,8.0,,
696,157.0,Eminence,Haut parleur a cone,LEGEND CA154,4 ohm,Ferrite,Cylindrique,0.49,0.54,4.94,Acier,Tissu,Polyimide,Cuivre,,300.0,96.9,51.0,5.4,2.92,5.0,86.0,94.0,108.2,2.56,0.8,823.7,12.21,,600.0,9.7,,
697,181.0,Eminence,Haut parleur a cone,LEGEND CB158,8 ohm,Ferrite,Cylindrique,0.34,0.36,5.9,Aluminium,Tissu,Polyimide,Cuivre,,300.0,98.0,34.0,7.9,6.15,4.8,70.0,94.0,336.0,3.53,0.33,856.3,16.0,,600.0,9.53,,
698,161.0,Eminence,Haut parleur a cone,LEGEND EM12,8 ohm,Ferrite,Cylindrique,0.28,0.29,7.39,Aluminium,Tissu,Polyimide,Aluminium,Papier,200.0,101.1,49.0,7.4,6.6,1.27,40.0,169.0,102.31,3.99,0.49,532.4,16.9,,,9.5,,
699,191.0,Eminence,Haut parleur a cone,LEGEND EM12N,8 ohm,Neodymium,Cylindrique,0.34,0.35,7.74,Aluminium,Tissu,Polyimide,Aluminium,Papier,200.0,99.9,51.0,3.0,7.38,2.22,38.0,146.0,102.31,3.73,0.49,532.4,16.0,,,9.5,,
700,106.0,Eminence,Haut parleur a cone,LEGEND GB128,8 ohm,Ferrite,Cylindrique,0.65,0.67,19.54,Acier,Papier,Papier,Cuivre,Tissu,50.0,101.3,86.0,3.7,6.37,0.8,28.0,128.0,43.9,4.01,0.64,506.7,12.0,,,7.9,,
701,108.0,Eminence,Haut parleur a cone,LIL' BUDDY,8 ohm,Ferrite,Cylindrique,0.84,0.93,9.06,Acier,Papier,Papier,Cuivre,Tissu,50.0,98.8,149.0,2.9,6.31,0.8,22.0,160.0,10.0,3.42,0.46,366.1,11.7,,,7.9,,
702,121.0,Eminence,Haut parleur a cone,LIL TEXAS,8 ohm,Neodymium,Cylindrique,0.65,0.69,11.29,Acier,Papier,Polyimide,Cuivre,Tissu,125.0,101.2,90.0,1.9,7.2,1.27,28.0,130.0,43.3,4.4,0.42,519.5,12.8,,,7.1,,
703,116.0,Eminence,Haut parleur a cone,MAN O WAR,8 ohm,Ferrite,Cylindrique,0.68,0.72,11.66,Acier,Papier,Polyimide,Cuivre,Tissu,120.0,101.6,91.0,3.7,6.2,0.8,31.0,126.0,38.0,3.82,0.43,519.5,12.3,,,7.9,,
704,225.0,Eminence,Haut parleur a cone,OMEGA PRO-12-2KW,8 ohm,Ferrite,Cylindrique,0.39,0.4,14.88,Aluminium,Tissu,Fibre de verre,Cuivre,,1000.0,93.33,48.14,9.9,6.04,7.1,91.96,120.0,49.55,1.33,1.13,545.4,20.4,,2000.0,9.5,,
705,266.0,Eminence,Haut parleur a cone,OMEGA PRO-15-2KW,8 ohm,Ferrite,Cylindrique,0.44,0.46,13.9,Aluminium,Tissu,Fibre de verre,Cuivre,,1000.0,94.9,39.67,10.0,5.95,7.4,111.87,86.0,142.51,1.86,1.13,3856.3,19.07,,2000.0,9.5,,
706,199.0,Eminence,Haut parleur a cone,OMEGA PRO-15A,8 ohm,Ferrite,Cylindrique,0.32,0.33,5.69,Aluminium,Tissu,Polyimide,Cuivre,Papier,800.0,97.3,33.0,10.3,5.28,4.8,94.0,100.0,258.5,2.71,1.04,856.3,17.5,,1600.0,9.5,,
707,237.0,Eminence,Haut parleur a cone,OMEGA PRO-18A,8 ohm,Ferrite,Cylindrique,0.31,0.32,8.18,Aluminium,,Polyimide,Cuivre,Papier,800.0,97.0,25.0,11.4,5.2,4.8,137.0,78.0,548.7,2.58,1.67,1159.0,18.8,,1600.0,9.5,,
708,215.0,Eminence,Haut parleur a cone,PF-400 Signature,8 ohm,Ferrite,Cylindrique,0.5,0.55,6.37,Aluminium,Tissu,Polyimide,Aluminium,Papier,400.0,102.0,58.0,10.3,7.45,0.79,67.0,105.0,120.85,4.12,,889.6,18.33,,,7.2,,
709,94.0,Eminence,Haut parleur a cone,PRIVATE JACK,16 ohm,Ferrite,Cylindrique,1.02,1.11,12.69,Acier,Papier,Papier,Cuivre,Tissu,50.0,100.3,101.0,3.6,14.0,1.2,27.0,91.0,35.9,3.2,0.77,519.5,14.6,,100.0,7.92,,
710,106.0,Eminence,Haut parleur a cone,RAGIN CAJUN,8 ohm,Ferrite,Cylindrique,0.51,0.54,11.42,Acier,Papier,Polyimide,Cuivre,Tissu,75.0,100.5,84.0,2.9,7.01,0.48,20.0,156.0,34.1,3.6,0.38,366.1,11.8,,,7.9,,
711,106.0,Eminence,Haut parleur a cone,RAGIN CAJUN,16 ohm,Ferrite,Cylindrique,0.51,0.54,11.42,Acier,Papier,Polyimide,Cuivre,Tissu,75.0,100.5,87.0,2.9,14.27,0.48,20.0,161.0,34.1,4.0,0.38,366.1,11.8,,,7.9,,
712,104.0,Eminence,Haut parleur a cone,RAMROD,8 ohm,Ferrite,Cylindrique,0.64,0.68,10.8,Acier,Papier,Polyimide,Cuivre,Tissu,75.0,100.2,101.0,2.9,7.3,0.48,19.0,149.0,24.6,3.58,0.39,366.1,11.5,,,7.9,,
713,118.0,Eminence,Haut parleur a cone,RED WHITE AND BLUES,8 ohm,Ferrite,Cylindrique,0.79,0.89,7.19,Acier,Papier,Polyimide,Cuivre,Tissu,120.0,101.0,110.0,3.7,6.42,0.8,30.0,124.0,30.8,4.43,0.43,532.4,12.3,,,7.9,,
714,226.0,Eminence,Haut parleur a cone,SIGMA PRO 18A-2,8 ohm,Ferrite,Cylindrique,0.29,0.3,8.28,Aluminium,Tissu,Polyimide,Cuivre,Papier,650.0,99.0,28.0,11.1,6.29,6.1,130.0,93.0,441.2,3.1,1.9,1140.0,22.1,,1300.0,9.5,,
715,130.0,Eminence,Haut parleur a cone,SWAMP THANG,8 ohm,Ferrite,Cylindrique,0.53,0.55,14.43,Acier,Papier,Polyimide,Cuivre,Tissu,150.0,102.0,97.0,5.0,6.92,0.8,26.0,176.0,41.3,6.58,0.42,532.4,14.2,,,7.9,,
716,130.0,Eminence,Haut parleur a cone,SWAMP THANG,16 ohm,Ferrite,Cylindrique,0.62,0.67,8.6,Acier,Papier,Polyimide,Cuivre,Tissu,150.0,102.3,113.0,5.0,14.7,0.8,30.0,169.0,26.4,5.46,0.67,532.4,21.8,,,7.9,,
717,113.0,Eminence,Haut parleur a cone,TEXAS HEAT,8 ohm,Ferrite,Cylindrique,0.65,0.68,13.88,Acier,Papier,Polyimide,Cuivre,Tissu,150.0,99.4,79.0,3.8,7.3,0.8,31.0,116.0,50.9,3.55,0.54,519.5,12.8,,,7.9,,
718,113.0,Eminence,Haut parleur a cone,TEXAS HEAT,4 ohm,Ferrite,Cylindrique,0.68,0.7,21.11,Acier,Papier,Polyimide,Cuivre,Tissu,150.0,99.0,89.0,3.8,3.78,0.8,30.0,127.0,39.0,3.78,0.5,519.5,9.5,,,7.9,,
719,113.0,Eminence,Haut parleur a cone,TEXAS HEAT 16,16 ohm,Ferrite,Cylindrique,0.81,0.87,12.48,Acier,Papier,Polyimide,Cuivre,Tissu,150.0,100.2,91.0,3.8,14.7,0.8,26.0,105.0,44.5,3.71,0.9,519.5,16.0,,,7.9,,
720,123.0,Eminence,Haut parleur a cone,THE GOVERNOR,16 ohm,Ferrite,Cylindrique,0.56,0.59,11.41,Acier,Papier,Nomex,Cuivre,Tissu,75.0,102.3,101.0,4.9,6.81,1.24,32.0,171.0,30.1,5.05,0.41,519.5,15.3,,,7.9,,
721,123.0,Eminence,Haut parleur a cone,THE GOVERNOR,16 ohm,Ferrite,Cylindrique,0.63,0.66,12.51,Acier,Papier,Nomex,Cuivre,Tissu,75.0,102.2,103.0,4.9,14.0,1.24,28.0,156.0,32.8,5.22,0.7,519.5,19.5,,,7.9,,
722,123.0,Eminence,Haut parleur a cone,THE TONKER,8 ohm,Ferrite,Cylindrique,0.47,0.49,10.02,Acier,Papier,Polyimide,Cuivre,Tissu,150.0,101.5,89.0,5.0,7.36,0.8,36.0,182.0,34.1,4.71,0.47,519.5,17.4,,,7.9,,
723,121.0,Eminence,Haut parleur a cone,THE WIZARD,8 ohm,Ferrite,Cylindrique,0.47,0.49,11.48,Acier,Papier,Nomex,Cuivre,Tissu,75.0,102.8,89.0,5.0,6.13,0.8,30.0,182.0,41.5,5.74,0.38,519.5,14.4,,,7.9,,
724,300.0,Eminence,Haut parleur a cone,DEFINIMAF 4018LF,8 ohm,Ferrite,Cylindrique,0.34,0.35,11.95,Aluminium,Tissu,Polyimide,Cuivre,,1200.0,94.9,30.0,10.9,6.1,17.14,217.0,86.0,254.71,1.89,5.54,1188.0,26.75,,2400.0,9.5,,
725,149.0,Eminence,Haut parleur a cone,KAPPA-12A,8 ohm,Ferrite,Cylindrique,0.27,0.28,7.76,Acier,Tissu,Polyimide,Aluminium,,450.0,99.3,45.0,6.8,5.41,3.2,42.0,161.0,112.1,3.51,0.77,519.5,15.2,,900.0,9.5,,
726,238.0,Eminence,Haut parleur a cone,LAB12,6 ohm,Ferrite,Cylindrique,0.38,0.39,13.32,Aluminium,Mousse,Polyimide,Cuivre,Papier,400.0,89.2,22.0,10.0,4.29,13.0,146.0,56.0,125.2,0.33,1.48,506.7,15.0,,800.0,9.5,,
727,109.0,Eminence,Haut parleur a cone,LEGEND V128,8 ohm,Ferrite,Cylindrique,0.77,0.83,11.98,Acier,Papier,Polyimide,Cuivre,,120.0,100.9,89.0,3.7,6.37,0.8,30.0,107.0,39.4,3.22,0.64,519.5,11.5,,,7.9,,
728,58.0,Faital Pro,Haut parleur a cone,10FE200,8 ohm,Ferrite,Cylindrique,0.7,0.74,11.3,Acier,Tissu,Kapton,Aluminium,,150.0,96.0,55.0,2.8,5.9,4.67,24.5,74.0,53.4,1.16,0.42,332.0,8.2,115.3,,8.0,12.0,1.16
729,58.0,Faital Pro,Haut parleur a cone,10FE200,4 ohm,Ferrite,Cylindrique,0.54,0.52,9.2,Acier,Tissu,Kapton,Aluminium,,150.0,96.0,55.0,2.8,3.0,4.62,24.8,106.0,53.0,1.63,0.3,332.0,7.0,115.3,,8.0,11.9,1.62
730,98.0,Faital Pro,Haut parleur a cone,10FE300,8 ohm,Ferrite,Cylindrique,0.52,0.54,13.1,Acier,Tissu,Fibre de verre,Aluminium,,250.0,96.0,50.0,3.7,5.8,5.52,35.9,93.0,50.5,1.13,0.6,358.0,11.3,134.0,500.0,8.0,13.7,1.2
731,104.0,Faital Pro,Haut parleur a cone,10FE330,8 ohm,Ferrite,Cylindrique,0.4,0.43,6.7,Acier,Caoutchouc,Fibre de verre,Aluminium,,250.0,92.0,35.0,3.5,5.3,8.32,58.2,81.0,72.4,0.7,1.1,382.0,12.6,133.0,500.0,8.0,19.3,0.7
732,79.0,Faital Pro,Haut parleur a cone,10FE400,8 ohm,Ferrite,Cylindrique,0.47,0.52,5.2,Acier,Tissu,Aluminium,Aluminium,,200.0,96.0,60.0,3.0,5.0,5.42,36.5,115.0,35.3,1.41,0.68,362.0,11.5,135.0,400.0,8.0,13.5,1.42
733,247.0,Faital Pro,Haut parleur a cone,10FH500,8 ohm,Neodymium,Cylindrique,0.26,0.28,3.3,Aluminium,Tissu,Fibre de verre,Aluminium,,500.0,96.0,60.0,,5.1,7.5,47.0,214.0,22.9,1.7,0.85,328.0,17.9,140.0,,10.5,18.5,1.7
734,247.0,Faital Pro,Haut parleur a cone,10FH500,4 ohm,Neodymium,Cylindrique,0.25,0.26,6.2,Aluminium,Tissu,Fibre de verre,Aluminium,,500.0,96.0,60.0,,3.3,7.25,50.1,231.0,21.4,1.71,0.64,328.0,15.5,140.0,,10.5,18.0,1.73
735,247.0,Faital Pro,Haut parleur a cone,10FH500,16 ohm,Neodymium,Cylindrique,0.42,0.43,5.7,Aluminium,Tissu,Fibre de verre,Aluminium,,500.0,95.0,65.0,4.1,12.8,7.25,47.5,151.0,19.2,1.18,1.37,328.0,23.8,140.0,,10.5,18.0,1.17
736,272.0,Faital Pro,Haut parleur a cone,10FH520,8 ohm,Neodymium,Cylindrique,0.29,0.3,11.1,Aluminium,Tissu,Fibre de verre,Aluminium,,600.0,97.0,60.0,,5.1,7.25,50.3,200.0,20.5,1.42,0.9,321.0,18.0,106.0,,12.0,18.5,1.44
737,272.0,Faital Pro,Haut parleur a cone,10FH520,16 ohm,Neodymium,Cylindrique,0.41,0.42,15.3,Aluminium,Tissu,Fibre de verre,Aluminium,,600.0,96.0,65.0,,12.8,7.0,44.5,155.0,19.7,1.24,1.7,321.0,23.5,106.0,,12.0,18.0,1.24
738,250.0,Faital Pro,Haut parleur a cone,10FH530,8 ohm,Ferrite,Cylindrique,0.25,0.25,12.4,Aluminium,Tissu,Fibre de verre,Aluminium,,500.0,97.0,60.0,8.1,5.1,7.5,50.3,240.0,20.4,1.7,0.8,321.0,19.5,191.0,,10.5,18.5,1.7
739,250.0,Faital Pro,Haut parleur a cone,10FH530,16 ohm,Ferrite,Cylindrique,0.25,0.4,10.9,Aluminium,Tissu,Fibre de verre,Aluminium,,500.0,96.0,67.0,8.1,12.8,7.45,47.0,168.0,17.6,1.28,1.42,321.0,25.1,191.0,,10.5,18.4,1.28
740,341.0,Faital Pro,Haut parleur a cone,10HP1020,8 ohm,Neodymium,Cylindrique,0.24,0.25,6.5,Aluminium,Tissu,Fibre de verre,Aluminium,,700.0,96.0,60.0,6.0,5.5,9.0,72.5,240.0,13.7,1.14,0.85,315.0,24.5,121.0,,12.0,22.0,1.14
741,378.0,Faital Pro,Haut-parleur coaxial a deux entrees,10HX230,8+8 ohm,Ferrite,Cylindrique,0.35,0.37,5.8,Aluminium,Tissu,Fibre de verre,Aluminium,,250.0,96.0,65.0,5.5,5.3,7.37,34.0,176.0,25.8,1.84,0.54,321.0,14.1,156.0,,8.0,17.4,1.86
742,434.0,Faital Pro,Haut-parleur coaxial a deux entrees,10HX240,8+8 ohm,Neodymium,Cylindrique,0.28,0.3,3.3,Aluminium,Tissu,Fibre de verre,Aluminium,,250.0,96.0,65.0,4.1,5.3,3.69,31.6,217.0,31.8,2.8,0.45,347.0,15.5,126.0,500.0,8.0,17.4,2.98
743,210.0,Faital Pro,Haut parleur a cone,10PR300,4 ohm,Neodymium,Cylindrique,0.24,0.25,5.8,Aluminium,Tissu,Fibre de verre,Aluminium,,300.0,96.0,50.0,,3.3,4.92,34.4,200.0,43.3,2.08,0.45,322.0,11.8,120.0,,8.0,12.5,2.01
744,210.0,Faital Pro,Haut parleur a cone,10PR300,8 ohm,Neodymium,Cylindrique,0.27,0.29,5.8,Aluminium,Tissu,Fibre de verre,Aluminium,,300.0,98.0,60.0,,5.4,4.92,28.2,207.0,36.7,2.63,0.6,322.0,14.1,120.0,,8.0,12.5,2.67
745,210.0,Faital Pro,Haut parleur a cone,10PR300,16 ohm,Neodymium,Cylindrique,0.46,0.52,5.8,Aluminium,Tissu,Fibre de verre,Aluminium,,300.0,97.0,65.0,,12.1,4.92,33.1,125.0,26.7,1.36,0.85,322.0,18.0,120.0,,8.0,12.5,1.44
746,176.0,Faital Pro,Haut parleur a cone,10PR310,8 ohm,Ferrite,Cylindrique,0.34,0.36,5.7,Aluminium,Tissu,Fibre de verre,Aluminium,,300.0,98.0,60.0,,5.4,4.92,36.9,167.0,28.0,1.62,0.64,322.0,14.4,156.0,,8.0,12.5,1.63
747,176.0,Faital Pro,Haut parleur a cone,10PR310,4 ohm,Ferrite,Cylindrique,0.29,0.32,7.4,Aluminium,Tissu,Fibre de verre,Aluminium,,300.0,97.0,55.0,,3.3,4.92,35.1,172.0,35.2,1.76,0.45,322.0,11.5,156.0,,8.0,12.5,1.88
748,176.0,Faital Pro,Haut parleur a cone,10PR310,16 ohm,Ferrite,Cylindrique,0.45,0.52,5.3,Aluminium,Tissu,Fibre de verre,Aluminium,,300.0,97.0,65.0,,12.1,4.92,35.0,125.0,25.2,1.28,1.22,322.0,18.7,156.0,,8.0,12.5,1.36
749,222.0,Faital Pro,Haut parleur a cone,10PR320,8 ohm,Neodymium,Cylindrique,0.29,0.31,4.6,Aluminium,Tissu,Fibre de verre,Aluminium,,300.0,96.0,48.0,3.2,5.3,7.37,35.0,155.0,45.9,1.58,0.57,321.0,13.5,95.0,,8.0,17.4,1.6
750,222.0,Faital Pro,Haut parleur a cone,10PR320,16 ohm,Neodymium,Cylindrique,0.38,0.43,3.3,Aluminium,Tissu,Fibre de verre,Aluminium,,300.0,95.0,50.0,,11.3,7.27,33.6,116.0,44.1,1.24,0.98,321.0,16.7,95.0,,8.0,17.2,1.25
751,180.0,Faital Pro,Haut parleur a cone,10PR330,8 ohm,Ferrite,Cylindrique,0.33,0.36,4.6,Aluminium,Tissu,Fibre de verre,Aluminium,,300.0,96.0,60.0,,5.3,7.37,36.5,167.0,28.3,1.64,0.64,322.0,14.3,156.0,,8.0,17.4,1.67
752,235.0,Faital Pro,Haut parleur a cone,10PR410,8 ohm,Ferrite,Cylindrique,0.21,0.22,8.7,Aluminium,Tissu,Fibre de verre,Aluminium,,300.0,99.0,60.0,8.2,5.4,4.5,36.5,273.0,27.6,2.61,0.6,317.8,18.5,191.0,,10.5,12.5,2.67
753,192.0,Faital Pro,Haut parleur a cone,10RS350,8 ohm,Ferrite,Cylindrique,0.37,0.4,5.2,Aluminium,Caoutchouc,Fibre de verre,Aluminium,,300.0,91.0,40.0,4.8,5.3,7.37,59.0,100.0,39.5,0.61,0.95,322.0,14.0,156.0,,8.0,17.4,0.61
754,192.0,Faital Pro,Haut parleur a cone,10RS350,4 ohm,Ferrite,Cylindrique,0.31,0.33,6.2,Aluminium,Caoutchouc,Fibre de verre,Aluminium,,300.0,91.0,40.0,4.8,3.2,7.17,64.5,121.0,36.1,0.68,0.45,322.0,12.5,156.0,,8.0,17.0,0.68
755,244.0,Faital Pro,Haut parleur a cone,10RS430,8 ohm,Ferrite,Cylindrique,0.31,0.31,10.0,Aluminium,Caoutchouc,Fibre de verre,Aluminium,,400.0,91.0,32.0,6.8,6.8,13.57,66.5,103.0,61.5,0.63,0.78,344.0,17.0,181.0,800.0,8.0,29.8,0.62
756,111.0,Faital Pro,Haut parleur a cone,12FE300,8 ohm,Ferrite,Cylindrique,0.51,0.53,15.5,Acier,Tissu,Fibre de verre,Cuivre,,250.0,97.0,47.0,4.4,5.1,5.07,56.4,89.0,83.7,1.58,0.8,543.0,12.5,1133.0,500.0,8.0,12.8,1.55
757,117.0,Faital Pro,Haut parleur a cone,12FE330,8 ohm,Ferrite,Cylindrique,0.45,0.48,7.0,Acier,Caoutchouc,Fibre de verre,Cuivre,,250.0,94.0,33.0,3.6,5.3,8.32,74.2,69.0,146.7,1.06,1.1,579.0,13.0,133.0,500.0,8.0,19.3,94.0
758,92.0,Faital Pro,Haut parleur a cone,12FE400,8 ohm,Ferrite,Cylindrique,0.57,0.63,6.6,Acier,Tissu,Aluminium,Cuivre,,200.0,97.0,55.0,3.1,5.0,2.71,47.9,87.0,73.6,1.87,0.75,549.0,11.5,135.0,400.0,8.0,13.5,1.9
759,279.0,Faital Pro,Haut parleur a cone,12FH500,8 ohm,Neodymium,Cylindrique,0.25,0.26,6.9,Aluminium,Tissu,Fibre de verre,Aluminium,,500.0,97.0,45.0,,5.1,7.5,56.0,173.0,75.1,2.53,0.83,487.0,17.5,128.0,,10.5,18.5,2.5
760,279.0,Faital Pro,Haut parleur a cone,12FH500,4 ohm,Neodymium,Cylindrique,0.23,0.23,9.09,Aluminium,Tissu,Fibre de verre,Aluminium,,500.0,97.0,45.0,,3.3,7.25,60.9,196.0,69.1,2.63,0.63,487.0,15.5,128.0,,10.5,18.5,2.58
761,279.0,Faital Pro,Haut parleur a cone,12FH500,16 ohm,Neodymium,Cylindrique,0.36,0.38,11.0,Aluminium,Tissu,Fibre de verre,Aluminium,,500.0,96.0,48.0,,12.8,7.25,55.5,126.0,66.6,1.87,1.2,487.0,23.8,128.0,,10.5,18.5,1.93
762,254.0,Faital Pro,Haut parleur a cone,12FH510,8 ohm,Ferrite,Cylindrique,0.24,0.25,10.9,Aluminium,Tissu,Fibre de verre,Aluminium,,500.0,98.0,45.0,8.8,5.1,7.5,61.0,180.0,69.6,2.44,0.9,489.0,18.9,191.0,,10.5,18.5,2.5
763,254.0,Faital Pro,Haut parleur a cone,12FH510,4 ohm,Ferrite,Cylindrique,0.25,0.26,7.9,Aluminium,Tissu,Fibre de verre,Aluminium,Papier,500.0,97.0,45.0,7.8,45.0,3.75,66.0,173.0,75.2,2.54,0.8,533.0,16.3,191.0,1000.0,10.5,18.5,2.87
764,283.0,Faital Pro,Haut parleur a cone,12FH530,8 ohm,Ferrite,Cylindrique,0.26,0.27,6.4,Aluminium,Tissu,Fibre de verre,Aluminium,,500.0,98.0,45.0,,5.1,7.5,67.0,167.0,63.0,2.05,0.8,489.0,18.9,191.0,,10.5,18.5,2.1
765,340.0,Faital Pro,Haut parleur a cone,12FX600,8 ohm,Neodymium,Cylindrique,0.24,0.25,6.88,Aluminium,Tissu,Fibre de verre,Cuivre,,700.0,97.0,48.0,5.5,5.3,9.9,100.0,192.0,39.0,1.66,1.34,500.0,25.3,147.0,,12.0,23.8,1.68
766,302.0,Faital Pro,Haut parleur a cone,12HP1010,8 ohm,Ferrite,Cylindrique,0.33,0.35,9.4,Aluminium,Tissu,Fibre de verre,Aluminium,,700.0,96.0,45.0,,5.5,9.25,87.2,129.0,50.0,1.25,1.33,496.0,19.8,200.0,,10.5,22.0,1.28
767,382.0,Faital Pro,Haut parleur a cone,12HP1020,8 ohm,Neodymium,Cylindrique,0.27,0.28,9.4,Aluminium,Tissu,Fibre de verre,Aluminium,,700.0,97.0,55.0,6.2,5.5,9.0,86.0,196.0,33.7,1.93,1.1,494.0,24.3,128.0,,12.0,22.0,1.97
768,361.0,Faital Pro,Haut parleur a cone,12HP1030,8 ohm,Ferrite,Cylindrique,0.3,0.31,13.8,Aluminium,Tissu,Fibre de verre,Cuivre,,1000.0,95.0,45.0,11.9,5.0,12.45,130.5,145.0,29.9,0.85,1.35,469.0,24.3,220.0,,12.0,28.9,0.85
769,361.0,Faital Pro,Haut parleur a cone,12HP1030,4 ohm,Ferrite,Cylindrique,0.27,0.28,9.4,Aluminium,Tissu,Fibre de verre,Cuivre,,1000.0,94.0,45.0,11.9,2.9,12.45,141.0,161.0,27.7,0.87,0.96,469.0,20.5,220.0,,12.0,28.9,0.89
770,423.0,Faital Pro,Haut parleur a cone,12HP1060,8 ohm,Neodymium,Cylindrique,0.28,0.29,12.1,Aluminium,Tissu,Fibre de verre,Cuivre,,1000.0,95.0,45.0,,5.0,12.45,126.9,155.0,30.08,0.91,1.38,469.0,24.8,147.0,,12.0,28.9,0.93
771,423.0,Faital Pro,Haut parleur a cone,12HP1060,4 ohm,Neodymium,Cylindrique,0.26,0.26,12.1,Aluminium,Tissu,Fibre de verre,Cuivre,,1000.0,95.0,45.0,,2.9,12.45,138.7,173.0,28.15,0.95,1.13,469.0,20.7,147.0,,12.0,28.9,0.94
772,403.0,Faital Pro,Haut-parleur coaxial a deux entrees,12HX230,8+8 ohm,Ferrite,Cylindrique,0.44,0.46,7.4,Aluminium,Tissu,Fibre de verre,Aluminium,,250.0,97.0,55.0,5.2,5.3,7.37,50.2,120.0,56.6,1.97,0.62,489.0,14.1,156.0,,8.0,17.4,1.98
773,403.0,Faital Pro,Haut-parleur coaxial a deux entrees,12HX230,16+16 ohm,Ferrite + Neodymium,Cylindrique,0.56,0.59,10.1,Aluminium,Tissu,Fibre de verre,Aluminium,,250.0,96.0,56.0,5.2,11.5,3.64,45.3,95.0,72.3,2.07,0.93,539.0,17.6,256.0,60.0,8.0,17.2,2.08
774,464.0,Faital Pro,Haut-parleur coaxial a deux entrees,12HX240,8+8 ohm,Neodymium,Cylindrique,0.39,0.41,8.14,Aluminium,Tissu,Fibre de verre,Aluminium,,250.0,97.0,56.0,4.3,5.5,7.37,47.9,137.0,68.4,2.82,0.54,539.0,15.2,126.0,500.0,8.0,17.4,2.9
775,701.0,Faital Pro,Haut-parleur coaxial a deux entrees,12HX500,8+8 ohm,Neodymium,Cylindrique,0.39,0.42,6.94,Aluminium,Tissu,Fibre de verre,Aluminium,,400.0,95.0,54.0,5.5,5.6,9.25,56.7,129.0,62.3,2.25,0.57,540.0,16.2,126.0,800.0,9.0,21.5,2.32
776,224.0,Faital Pro,Haut parleur a cone,12PR300,4 ohm,Neodymium,Cylindrique,0.43,0.42,19.4,Aluminium,Tissu,Fibre de verre,Aluminium,,300.0,97.0,50.0,,3.3,4.92,54.4,119.0,63.1,1.81,0.46,489.0,11.8,122.0,,8.0,12.5,1.92
777,224.0,Faital Pro,Haut parleur a cone,12PR300,8 ohm,Neodymium,Cylindrique,0.36,0.37,9.9,Aluminium,Tissu,Fibre de verre,Aluminium,,300.0,99.0,50.0,,5.4,4.92,43.4,135.0,79.2,2.57,0.42,489.0,14.1,122.0,,8.0,12.5,2.6
778,224.0,Faital Pro,Haut parleur a cone,12PR300,16 ohm,Neodymium,Cylindrique,0.52,0.55,4.8,Aluminium,Tissu,Fibre de verre,Aluminium,,300.0,97.0,50.0,,12.1,4.92,44.8,91.0,76.7,1.68,0.98,489.0,17.5,122.0,,8.0,12.5,1.67
779,198.0,Faital Pro,Haut parleur a cone,12PR310,8 ohm,Ferrite,Cylindrique,0.4,0.41,11.6,Aluminium,Tissu,Fibre de verre,Aluminium,,300.0,99.0,54.0,,5.4,4.92,46.9,132.0,62.83,2.32,0.61,489.0,14.4,156.0,,8.0,12.5,2.32
780,198.0,Faital Pro,Haut parleur a cone,12PR310,4 ohm,Ferrite,Cylindrique,0.42,0.43,13.6,Aluminium,Tissu,Fibre de verre,Aluminium,,300.0,98.0,50.0,5.1,3.3,4.92,52.0,116.0,66.4,1.86,0.44,489.0,11.2,156.0,,8.0,12.5,1.87
781,198.0,Faital Pro,Haut parleur a cone,12PR310,16 ohm,Ferrite,Cylindrique,0.67,0.7,12.2,Aluminium,Tissu,Fibre de verre,Aluminium,,300.0,98.0,55.0,5.1,12.1,4.92,51.0,79.0,55.7,1.28,0.98,489.0,17.3,156.0,,8.0,12.5,1.27
782,242.0,Faital Pro,Haut parleur a cone,12PR320,8 ohm,Neodymium,Cylindrique,0.37,0.39,7.8,Aluminium,Tissu,Fibre de verre,Aluminium,,300.0,97.0,42.0,2.8,5.3,7.37,51.4,108.0,94.8,1.73,0.67,489.0,13.5,95.0,,8.0,17.4,1.73
783,242.0,Faital Pro,Haut parleur a cone,12PR320,16 ohm,Neodymium,Cylindrique,0.52,0.56,7.6,Acier,Tissu,Fibre de verre,Aluminium,,300.0,96.0,45.0,2.8,11.3,7.27,52.5,80.0,80.8,1.27,0.96,489.0,17.3,95.0,,8.0,17.2,1.28
784,203.0,Faital Pro,Haut parleur a cone,12PR330,8 ohm,Ferrite,Cylindrique,0.4,0.42,10.9,Aluminium,Tissu,Fibre de verre,Aluminium,,300.0,98.0,50.0,4.3,5.3,7.37,50.8,119.0,67.7,1.94,0.76,489.0,14.2,156.0,,8.0,17.4,1.96
785,203.0,Faital Pro,Haut parleur a cone,12PR330,16 ohm,Ferrite,Cylindrique,0.48,0.53,5.8,Acier,Tissu,Fibre de verre,Aluminium,,300.0,97.0,52.0,4.3,11.3,7.27,48.7,98.0,65.2,1.67,1.34,489.0,18.5,156.0,,8.0,17.2,1.7
786,436.0,Faital Pro,Haut parleur a cone,12RS1066,8 ohm,Neodymium,Cylindrique,0.33,0.34,13.9,Aluminium,Caoutchouc,Fibre de verre,Cuivre,,1000.0,93.0,42.0,7.7,5.0,12.45,156.5,124.0,29.5,0.62,1.35,476.0,24.8,147.0,,12.0,28.9,0.63
787,436.0,Faital Pro,Haut parleur a cone,12RS1066,16 ohm,Neodymium,Cylindrique,0.44,0.46,11.2,Aluminium,Caoutchouc,Fibre de verre,Cuivre,,1000.0,92.0,45.0,7.7,12.0,12.45,151.5,98.0,26.5,0.51,2.5,476.0,33.5,147.0,,12.0,28.9,0.51
788,259.0,Faital Pro,Haut parleur a cone,12RS430,8 ohm,Ferrite,,0.38,0.39,10.0,Aluminium,Caoutchouc,Fibre de verre,Aluminium,,400.0,93.0,30.0,7.0,6.8,13.57,88.6,77.0,135.2,0.9,0.78,552.0,17.0,181.0,800.0,8.0,29.8,0.9
789,267.0,Faital Pro,Haut parleur a cone,12RS550,8 ohm,Ferrite,Cylindrique,0.37,0.39,6.9,Aluminium,Caoutchouc,Fibre de verre,Cuivre,,500.0,93.0,42.0,,5.1,9.25,123.0,108.0,43.5,0.8,1.5,512.8,20.5,191.0,,10.5,22.0,0.8
790,526.0,Faital Pro,Haut parleur a cone,12XL1200,8 ohm,Neodymium,Cylindrique,0.42,0.43,14.8,Aluminium,Tissu,Fibre de verre,Cuivre,,1400.0,93.0,50.0,6.8,5.0,12.45,152.0,116.0,20.8,0.59,1.3,469.0,23.6,147.0,,12.0,28.9,0.59
791,312.0,Faital Pro,Haut parleur a cone,15FH500,8 ohm,Neodymium,Cylindrique,0.31,0.32,10.4,Aluminium,Tissu,Fibre de verre,Cuivre,,500.0,98.0,35.0,,5.1,9.25,104.0,109.0,180.5,2.33,1.3,800.0,19.2,129.0,,10.5,22.0,2.38
792,312.0,Faital Pro,Haut parleur a cone,15FH500,16 ohm,Neodymium,Cylindrique,0.45,0.47,13.2,Aluminium,Tissu,Fibre de verre,Cuivre,,500.0,97.0,35.0,5.0,12.7,9.25,95.4,74.0,196.8,1.73,2.0,800.0,23.8,129.0,,10.5,22.0,1.74
793,296.0,Faital Pro,Haut parleur a cone,15FH510,8 ohm,Ferrite,Cylindrique,0.27,0.27,10.7,Aluminium,Tissu,Fibre de verre,Cuivre,,500.0,98.0,35.0,9.2,5.1,9.25,108.0,130.0,173.8,2.65,1.4,800.0,21.0,191.0,,10.5,22.0,2.6
794,336.0,Faital Pro,Haut parleur a cone,15FH520,8 ohm,Neodymium,Cylindrique,0.39,0.41,10.1,Aluminium,Tissu,Fibre de verre,Aluminium,,600.0,98.0,36.0,,5.6,8.75,105.0,88.0,186.5,2.04,0.89,847.0,18.4,129.0,1200.0,12.0,21.5,2.15
795,336.0,Faital Pro,Haut parleur a cone,15FH520,16 ohm,Neodymium,Cylindrique,0.62,0.65,13.5,Aluminium,Tissu,Fibre de verre,Aluminium,,600.0,97.0,42.0,,12.7,9.0,107.2,65.0,125.8,1.38,1.7,813.0,23.5,129.0,,12.0,22.0,1.43
796,336.0,Faital Pro,Haut parleur a cone,15FH520,4 ohm,Neodymium,Cylindrique,0.34,0.35,9.0,Aluminium,Tissu,Fibre de verre,Aluminium,,600.0,97.0,38.0,,2.7,9.15,114.7,109.0,146.2,2.21,0.68,813.0,14.3,129.0,,12.0,22.3,2.1
797,303.0,Faital Pro,Haut parleur a cone,15FH530,8 ohm,Ferrite,Cylindrique,0.35,0.36,8.9,Aluminium,Tissu,Fibre de verre,Cuivre,,500.0,97.0,39.0,,5.1,9.25,123.5,108.0,126.4,2.0,1.1,813.0,20.7,191.0,,10.5,22.0,2.02
798,442.0,Faital Pro,Haut parleur a cone,15FX560,8 ohm,,Non cylindrique,0.3,0.31,6.8,Aluminium,Tissu,Fibre de verre,Aluminium,,700.0,99.0,38.0,,5.2,9.42,115.0,123.0,143.0,2.43,0.64,813.0,21.5,188.0,,14.0,23.5,2.47
799,427.0,Faital Pro,Haut parleur a cone,15FX600,8 ohm,Neodymium,Cylindrique,0.26,0.27,7.4,Aluminium,Tissu,Fibre de verre,Cuivre,,700.0,98.0,36.0,5.9,5.0,11.25,142.5,133.0,128.6,2.14,1.26,813.0,24.5,147.0,,12.0,26.5,2.17
800,401.0,Faital Pro,Haut parleur a cone,15HP1020,8 ohm,Neodymium,Cylindrique,0.27,0.28,10.2,Aluminium,Tissu,Fibre de verre,Aluminium,,700.0,98.0,40.0,7.4,5.5,9.0,118.0,143.0,109.6,2.41,1.2,759.0,24.2,129.0,,12.0,22.0,2.45
801,404.0,Faital Pro,Haut parleur a cone,15HP1030,8 ohm,Ferrite,Cylindrique,0.34,0.35,11.8,Aluminium,Tissu,Fibre de verre,Cuivre,,1000.0,96.0,40.0,12.8,5.0,12.45,165.0,114.0,82.8,1.46,1.4,780.0,24.3,220.0,,12.0,28.9,1.46
802,404.0,Faital Pro,Haut parleur a cone,15HP1030,4 ohm,Ferrite,Cylindrique,0.3,0.31,13.4,Aluminium,Tissu,Fibre de verre,Cuivre,,1000.0,96.0,40.0,12.8,3.97,12.45,177.5,129.0,77.0,1.53,1.0,780.0,20.5,220.0,,12.0,28.9,1.55
803,454.0,Faital Pro,Haut parleur a cone,15HP1060,8 ohm,Neodymium,Cylindrique,0.31,0.32,11.4,Aluminium,Tissu,Fibre de verre,Cuivre,,1000.0,97.0,40.0,8.6,5.0,12.45,156.3,125.0,87.5,1.68,1.32,780.0,24.8,147.0,,12.0,28.9,1.7
804,454.0,Faital Pro,Haut parleur a cone,15HP1060,4 ohm,Neodymium,Cylindrique,0.34,0.35,10.3,Aluminium,Tissu,Fibre de verre,Cuivre,,1000.0,97.0,40.0,8.6,2.9,12.45,205.4,114.0,66.5,1.17,1.25,780.0,20.7,147.0,,12.0,28.9,1.18
805,725.0,Faital Pro,Haut-parleur coaxial a deux entrees,15HX500,8+8 ohm,Neodymium,Cylindrique,0.28,0.29,5.5,Aluminium,Tissu,Fibre de verre,Aluminium,,400.0,97.0,40.0,6.1,5.0,9.4,110.0,138.0,150.1,3.19,0.84,864.0,22.2,,80.0,9.0,21.8,3.32
806,246.0,Faital Pro,Haut parleur a cone,15PR300,8 ohm,Neodymium,Cylindrique,0.48,0.5,14.0,Aluminium,Tissu,Fibre de verre,Cuivre,,300.0,97.0,35.0,3.2,5.4,5.23,99.2,70.0,220.1,1.82,0.89,870.0,15.6,150.0,600.0,8.2,13.2,1.89
807,288.0,Faital Pro,Haut parleur a cone,15PR400,4 ohm,Neodymium,Cylindrique,0.32,0.33,6.0,Aluminium,Tissu,Fibre de verre,Aluminium,,400.0,99.0,35.0,,3.3,5.75,85.2,106.0,223.0,2.79,0.6,805.0,13.6,150.0,,10.5,15.0,2.8
808,288.0,Faital Pro,Haut parleur a cone,15PR400,8 ohm,Neodymium,Cylindrique,0.32,0.34,6.0,Aluminium,Tissu,Fibre de verre,Aluminium,,400.0,99.0,35.0,,5.1,5.75,85.2,103.0,223.0,2.7,0.75,805.0,16.7,150.0,,10.5,15.0,2.71
809,260.0,Faital Pro,Haut parleur a cone,15PR450,8 ohm,Ferrite,Cylindrique,0.35,0.37,6.9,Aluminium,Tissu,Fibre de verre,Aluminium,,400.0,98.0,35.0,7.8,5.1,6.0,90.0,95.0,235.6,2.63,0.65,857.0,16.6,191.0,800.0,9.0,15.0,2.67
810,589.0,Faital Pro,Haut parleur a cone,15XL1200,8 ohm,Neodymium,Cylindrique,0.39,0.41,10.9,Aluminium,Tissu,Fibre de verre,Cuivre,,1400.0,95.0,40.0,,5.0,12.45,180.0,98.0,75.9,1.14,1.34,780.0,23.6,147.0,,12.0,28.9,1.16
811,638.0,Faital Pro,Haut parleur a cone,15XL1400,8 ohm,,Cylindrique,0.33,0.34,10.4,Aluminium,Tissu,Fibre de verre,Cuivre,,1400.0,96.0,38.0,,5.4,12.92,190.0,112.0,79.7,1.24,1.6,780.0,26.7,199.5,,15.5,31.0,1.24
812,638.0,Faital Pro,Haut parleur a cone,15XL1400,4 ohm,,Cylindrique,0.3,0.31,10.3,Aluminium,Tissu,Fibre de verre,Cuivre,,1400.0,96.0,38.0,,3.0,12.92,205.4,123.0,73.7,1.26,1.25,780.0,21.7,199.5,,15.5,31.0,1.26
813,348.0,Faital Pro,Haut parleur a cone,18FH500,8 ohm,Neodymium,Cylindrique,0.35,0.36,12.5,Aluminium,Tissu,Fibre de verre,Cuivre,,600.0,99.0,30.0,,5.1,9.25,137.0,83.0,374.8,2.7,1.35,1134.0,19.0,129.5,,10.5,22.0,2.7
814,132.0,Faital Pro,Haut parleur a cone,18FH500,4 ohm,Neodymium,Cylindrique,0.53,0.56,10.0,Aluminium,Tissu,Fibre de verre,Cuivre,,600.0,97.0,30.0,,12.7,9.45,127.2,54.0,403.6,1.87,2.1,1134.0,23.3,129.5,,10.5,22.4,1.89
815,315.0,Faital Pro,Haut parleur a cone,18FH510,8 ohm,Ferrite,Cylindrique,0.3,0.29,13.6,Aluminium,Tissu,Fibre de verre,Cuivre,,600.0,98.0,30.0,10.2,5.1,9.25,139.0,103.0,411.9,3.69,1.06,1207.0,21.0,191.0,1200.0,10.5,22.0,3.56
816,315.0,Faital Pro,Haut parleur a cone,18FH510,4 ohm,Ferrite,Cylindrique,0.26,0.27,13.6,Aluminium,Tissu,Fibre de verre,Cuivre,,600.0,98.0,30.0,10.2,3.3,9.45,146.3,111.0,350.9,3.37,1.06,1134.0,18.3,191.0,,10.5,22.4,3.4
817,482.0,Faital Pro,Haut parleur a cone,18FX600,8 ohm,Neodymium,Cylindrique,0.28,0.29,7.4,Aluminium,Tissu,Fibre de verre,Cuivre,,700.0,99.0,32.0,7.5,5.0,11.25,175.0,110.0,257.8,2.8,1.35,1134.0,24.5,147.0,,12.0,26.5,2.8
818,428.0,Faital Pro,Haut parleur a cone,18FX800,8 ohm,Neodymium,Cylindrique,0.4,0.43,6.8,Aluminium,Tissu,Fibre de verre,Cuivre,,1000.0,96.0,34.0,6.0,6.2,13.8,182.3,79.0,247.0,2.17,1.5,1213.0,24.0,,2000.0,10.2,31.0,2.2
819,359.0,Faital Pro,Haut parleur a cone,18HP1010,8 ohm,Ferrite,Cylindrique,0.4,0.42,7.8,Aluminium,Tissu,Fibre de verre,Cuivre,,1000.0,98.0,35.0,11.4,5.3,9.75,175.2,83.0,215.3,2.11,1.8,1134.0,22.0,200.0,,10.5,23.0,2.13
820,359.0,Faital Pro,Haut parleur a cone,18HP1010,4 ohm,Ferrite,Cylindrique,0.31,0.32,7.8,Aluminium,Tissu,Fibre de verre,Cuivre,,1000.0,98.0,35.0,11.4,2.7,9.75,186.2,109.0,202.8,2.61,1.26,1134.0,18.4,200.0,,10.5,23.0,2.59
821,442.0,Faital Pro,Haut parleur a cone,18HP1022,8 ohm,Neodymium,Cylindrique,0.3,0.31,14.4,Aluminium,Tissu,Fibre de verre,Cuivre,,1000.0,98.0,35.0,8.0,5.4,9.5,207.0,113.0,179.0,2.38,1.75,1124.0,28.0,138.0,,12.0,23.0,2.43
822,449.0,Faital Pro,Haut parleur a cone,18HP1030,8 ohm,Ferrite,Cylindrique,0.41,0.43,11.6,Aluminium,Tissu,Fibre de verre,Cuivre,,1200.0,98.0,35.0,13.4,5.0,12.45,228.6,81.0,162.1,1.56,1.48,1124.0,24.3,220.0,,12.0,28.9,1.59
823,449.0,Faital Pro,Haut parleur a cone,18HP1030,4 ohm,Ferrite,Cylindrique,0.32,0.33,12.3,Aluminium,Tissu,Fibre de verre,Cuivre,,1200.0,98.0,35.0,13.4,2.9,12.45,246.3,106.0,150.6,1.88,1.08,1124.0,21.7,220.0,,12.0,28.9,1.88
824,442.0,Faital Pro,Haut parleur a cone,18HP1042,8 ohm,Neodymium,Cylindrique,0.42,0.43,10.3,Aluminium,Tissu,Fibre de verre,Aluminium,,1000.0,98.0,38.0,7.8,5.5,9.0,187.5,88.0,151.0,1.85,1.26,1124.0,24.5,138.0,,12.0,22.0,2.1
825,513.0,Faital Pro,Haut parleur a cone,18HP1060,8 ohm,Neodymium,Cylindrique,0.37,0.38,11.1,Aluminium,Tissu,Fibre de verre,Cuivre,,1200.0,98.0,35.0,,5.0,12.45,211.8,92.0,175.0,1.9,1.26,1124.0,24.8,147.0,,12.0,28.9,1.93
826,513.0,Faital Pro,Haut parleur a cone,18HP1060,4 ohm,Neodymium,Cylindrique,0.33,0.34,13.3,Aluminium,Tissu,Fibre de verre,Cuivre,,1200.0,98.0,35.0,9.1,2.9,12.45,230.0,103.0,161.1,1.96,,1124.0,20.7,147.0,,12.0,28.9,1.96
827,554.0,Faital Pro,Haut parleur a cone,18HW1070,8 ohm,Ferrite,Cylindrique,0.37,0.39,10.0,Aluminium,Tissu,Fibre de verre,Cuivre,,1600.0,97.0,32.0,16.2,5.4,13.0,259.0,82.0,171.2,1.39,1.68,1124.0,27.0,220.0,,15.0,31.0,1.41
828,554.0,Faital Pro,Haut parleur a cone,18HW1070,4 ohm,Ferrite,Cylindrique,0.33,0.34,10.6,Aluminium,Tissu,Fibre de verre,Cuivre,,1600.0,96.0,32.0,16.2,3.0,13.0,265.0,94.0,167.3,1.55,1.26,1124.0,21.6,220.0,,15.0,31.0,1.56
829,648.0,Faital Pro,Haut parleur a cone,18XL1600,8 ohm,,Cylindrique,0.36,0.37,9.3,Aluminium,Tissu,Fibre de verre,Cuivre,,1600.0,98.0,32.0,,5.4,12.92,240.0,86.0,184.7,1.58,1.45,1124.0,26.7,201.0,,15.5,31.0,1.61
830,648.0,Faital Pro,Haut parleur a cone,18XL1600,4 ohm,,Cylindrique,0.31,0.32,8.6,Aluminium,Tissu,Fibre de verre,Cuivre,,1600.0,98.0,32.0,,3.0,12.92,252.3,100.0,175.7,1.73,1.17,1124.0,21.7,201.0,,15.5,31.0,1.73
831,709.0,Faital Pro,Haut parleur a cone,18XL1800,8 ohm,,Cylindrique,0.4,0.42,9.9,Aluminium,Tissu,Fibre de verre,Cuivre,,1600.0,95.0,29.0,,5.35,20.17,275.0,69.0,185.8,1.04,2.04,1093.6,25.4,175.0,,14.0,45.0,1.06
832,26.0,Faital Pro,Haut parleur a cone,2FE22,8 ohm,Neodymium,Carre,0.38,0.43,3.1,Polycarbonate,,Kapton,Aluminium,,25.0,89.0,125.0,0.18,6.5,2.9,2.0,291.0,0.5,0.22,0.15,20.1,5.2,50.0,50.0,3.0,6.8,0.23
833,21.0,Faital Pro,Haut parleur a cone,2FE24,8 ohm,Neodymium,Carre,1.07,1.4,4.6,Polycarbonate,,Kapton,Aluminium,,20.0,85.0,170.0,0.12,6.5,1.75,1.9,121.0,0.3,0.11,0.11,20.1,3.5,42.5,40.0,3.0,4.5,0.12
834,31.0,Faital Pro,Haut parleur a cone,3FE22,8 ohm,Neodymium,Non cylindrique,0.47,0.5,5.0,Acier,Caoutchouc,Kapton,Aluminium,,20.0,91.0,110.0,,6.2,1.83,2.5,220.0,1.1,0.29,0.15,30.2,4.5,51.8,,4.0,5.0,0.28
835,31.0,Faital Pro,Haut parleur a cone,3FE22,16 ohm,Neodymium,Non cylindrique,0.56,0.64,4.6,Acier,Caoutchouc,Kapton,Aluminium,,20.0,91.0,110.0,,12.3,1.83,2.3,172.0,1.19,0.24,0.1,30.2,5.5,51.8,,4.0,5.0,0.24
836,31.0,Faital Pro,Haut parleur a cone,3FE22,4 ohm,Neodymium,Non cylindrique,0.36,0.42,3.6,Acier,Caoutchouc,Kapton,Aluminium,,20.0,91.0,110.0,,3.3,1.73,2.4,262.0,1.13,0.35,0.1,30.2,3.7,51.8,,4.0,4.8,0.37
837,20.0,Faital Pro,Haut parleur a cone,3FE25,8 ohm,Ferrite,Non cylindrique,0.7,0.8,4.1,Acier,Caoutchouc,Kapton,Aluminium,,20.0,91.0,110.0,,6.2,1.83,2.4,138.0,1.13,0.19,0.07,30.2,3.6,71.55,,4.0,5.0,0.18
838,20.0,Faital Pro,Haut parleur a cone,3FE25,16 ohm,Ferrite,Non cylindrique,0.82,1.02,4.9,Acier,Caoutchouc,Kapton,Aluminium,,20.0,90.0,110.0,,12.3,1.83,2.4,108.0,1.14,0.15,0.1,30.2,4.5,71.55,,4.0,5.0,0.14
839,20.0,Faital Pro,Haut parleur a cone,3FE25,4 ohm,Ferrite,Non cylindrique,0.62,0.73,3.9,Acier,Caoutchouc,Kapton,Aluminium,,20.0,91.0,110.0,,3.3,1.73,2.4,151.0,1.15,0.21,0.04,30.2,3.0,71.55,,4.0,4.8,0.22
840,25.0,Faital Pro,Haut parleur a cone,3FE26,8 ohm,Ferrite,Non cylindrique,0.79,1.1,2.8,Acier,Caoutchouc,Kapton,Aluminium,,20.0,90.0,150.0,0.15,6.2,2.0,1.9,136.0,0.9,0.27,0.12,33.0,3.3,45.0,40.0,3.0,5.0,0.29
841,38.0,Faital Pro,Haut parleur a cone,4FE32,8 ohm,Neodymium,Non cylindrique,0.6,0.7,4.9,Acier,Caoutchouc,Kapton,Aluminium,,30.0,91.0,100.0,,6.5,2.73,4.2,143.0,2.0,0.28,0.18,48.0,4.8,52.9,,4.0,6.8,0.25
842,38.0,Faital Pro,Haut parleur a cone,4FE32,16 ohm,Neodymium,Non cylindrique,0.8,1.02,3.84,Acier,Caoutchouc,Kapton,Aluminium,,30.0,91.0,100.0,,12.3,1.83,4.0,98.0,1.6,0.16,0.25,48.0,5.5,52.9,,4.0,5.0,0.2
843,38.0,Faital Pro,Haut parleur a cone,4FE32,4 ohm,Neodymium,Non cylindrique,0.54,0.62,3.5,Acier,Caoutchouc,Kapton,Aluminium,,30.0,91.0,100.0,,3.3,1.73,3.8,161.0,2.18,0.34,0.11,48.0,3.7,52.9,,4.0,4.8,0.37
844,26.0,Faital Pro,Haut parleur a cone,4FE35,8 ohm,Ferrite,Non cylindrique,0.84,1.04,4.2,Acier,Caoutchouc,Kapton,Aluminium,,30.0,91.0,100.0,,6.5,2.73,3.9,96.0,2.0,0.19,0.1,48.0,3.9,72.0,,4.0,6.8,0.19
845,26.0,Faital Pro,Haut parleur a cone,4FE35,4 ohm,Ferrite,Non cylindrique,0.73,0.92,3.9,Acier,Caoutchouc,Kapton,Aluminium,,30.0,91.0,100.0,,3.3,1.73,3.9,109.0,2.12,0.23,0.04,48.0,3.0,72.0,,4.0,4.8,0.23
846,26.0,Faital Pro,Haut parleur a cone,4FE35,16 ohm,Ferrite,Non cylindrique,1.16,1.67,3.8,Acier,Caoutchouc,Kapton,Aluminium,,30.0,91.0,100.0,,12.3,1.83,4.2,60.0,2.0,0.12,0.1,48.0,4.3,72.0,,4.0,5.0,0.12
847,49.0,Faital Pro,Haut parleur a cone,4FE42,8 ohm,Neodymium,Non cylindrique,0.47,0.5,8.0,Acier,Caoutchouc,Kapton,Aluminium,,40.0,94.0,110.0,0.39,5.4,2.83,4.0,220.0,1.9,0.49,0.07,50.9,6.0,60.0,80.0,4.0,7.0,0.59
848,44.0,Faital Pro,Haut parleur a cone,4FE44,8 ohm,Neodymium,Non cylindrique,0.33,0.35,5.23,Acier,Tissu,Kapton,Cuivre,,40.0,97.0,150.0,0.41,4.7,1.67,3.9,429.0,1.1,1.02,0.16,51.5,7.2,,80.0,5.0,5.0,1.05
849,36.0,Faital Pro,Haut parleur a cone,5FE100,8 ohm,Ferrite,Non cylindrique,0.46,0.48,8.2,Acier,Caoutchouc,Kapton,Cuivre,,80.0,88.0,65.0,1.2,5.4,5.25,10.5,135.0,5.2,0.29,0.53,79.8,6.9,90.0,,6.0,12.5,0.28
850,36.0,Faital Pro,Haut parleur a cone,5FE100,4 ohm,Ferrite,Non cylindrique,0.33,0.35,8.6,Acier,Caoutchouc,Kapton,Cuivre,,80.0,87.0,65.0,1.2,3.1,5.2,9.8,186.0,5.5,0.42,0.45,79.8,6.0,90.0,,6.0,12.4,0.42
851,36.0,Faital Pro,Haut parleur a cone,5FE105,8 ohm,Ferrite,Cylindrique,0.45,0.48,8.2,Acier,Caoutchouc,Kapton,Cuivre,,80.0,88.0,65.0,1.3,5.4,5.25,10.5,135.0,5.7,0.32,0.53,84.0,6.9,90.0,160.0,6.0,12.5,0.31
852,41.0,Faital Pro,Haut parleur a cone,5FE120,8 ohm,Ferrite,Non cylindrique,0.47,0.51,7.4,Acier,Caoutchouc,Kapton,Cuivre,,80.0,88.0,65.0,,5.4,5.25,11.0,127.0,4.9,0.26,0.41,79.8,6.9,90.0,,6.0,12.5,0.25
853,41.0,Faital Pro,Haut parleur a cone,5FE120,4 ohm,Ferrite,Non cylindrique,0.38,0.4,8.2,Acier,Caoutchouc,Kapton,Cuivre,,80.0,88.0,65.0,,3.1,5.2,10.9,163.0,5.0,0.33,0.33,79.8,5.9,90.0,,6.0,12.4,0.33
854,41.0,Faital Pro,Haut parleur a cone,5FE120,16 ohm,Ferrite,Non cylindrique,0.61,0.66,8.6,Acier,Caoutchouc,Kapton,Cuivre,,80.0,89.0,68.0,1.1,11.8,5.25,9.5,103.0,5.7,0.27,0.76,84.3,9.0,90.0,160.0,6.0,12.5,0.29
855,41.0,Faital Pro,Haut parleur a cone,5FE125,8 ohm,Ferrite,Cylindrique,0.48,0.51,7.4,Acier,Caoutchouc,Kapton,Cuivre,,80.0,88.0,65.0,1.1,5.4,5.25,11.0,127.0,5.4,0.28,0.41,84.0,6.9,90.0,160.0,6.0,12.5,0.28
856,193.0,Faital Pro,Haut-parleur coaxial a deux entrees,5HX140,8+8 ohm,Neodymium,Non cylindrique,0.41,0.45,4.8,Aluminium,Tissu,Kapton,Aluminium,,120.0,91.0,100.0,1.2,5.9,2.55,7.5,222.0,3.4,0.73,0.29,85.0,8.0,77.0,240.0,6.0,12.2,0.76
857,125.0,Faital Pro,Haut parleur a cone,5PR120,8 ohm,Neodymium,Non cylindrique,0.27,0.28,8.0,Aluminium,,Kapton,Aluminium,,100.0,100.0,100.0,0.82,5.0,3.1,8.5,357.0,4.2,1.44,0.17,102.2,10.0,80.0,200.0,6.0,8.2,1.58
858,110.0,Faital Pro,Haut parleur a cone,5PR160,8 ohm,Neodymium,Non cylindrique,0.31,0.33,4.4,Aluminium,Tissu,Kapton,Aluminium,,120.0,92.0,90.0,0.85,6.1,5.1,8.5,273.0,3.7,0.79,0.3,85.2,9.6,77.0,240.0,6.0,12.2,0.83
859,44.0,Faital Pro,Haut parleur a cone,6FE100,8 ohm,Ferrite,Non cylindrique,0.54,0.6,6.0,Acier,Caoutchouc,Kapton,Cuivre,,100.0,91.0,61.0,,5.4,5.25,14.0,102.0,14.1,0.52,0.5,143.0,6.8,90.0,,6.0,12.5,0.5
860,43.0,Faital Pro,Haut parleur a cone,6FE125,8 ohm,Ferrite,Cylindrique,0.55,0.6,6.0,Acier,Caoutchouc,Kapton,Cuivre,,100.0,91.0,61.0,1.2,5.4,5.25,14.0,102.0,15.1,0.55,0.5,149.0,6.8,90.0,200.0,6.0,12.5,0.53
861,47.0,Faital Pro,Haut parleur a cone,6FE200,8 ohm,Ferrite,Cylindrique,0.67,0.75,6.2,Acier,Tissu,Kapton,Aluminium,,130.0,95.0,120.0,2.2,5.9,4.67,11.5,160.0,3.0,0.67,0.4,118.0,8.2,115.3,,8.0,12.0,0.67
862,48.0,Faital Pro,Haut parleur a cone,6FE200,4 ohm,Ferrite,Cylindrique,0.41,0.51,6.2,Acier,Tissu,Kapton,Aluminium,,130.0,95.0,120.0,2.2,3.0,4.62,9.7,235.0,3.6,1.18,0.2,118.0,7.0,115.3,,8.0,11.9,1.35
863,47.0,Faital Pro,Haut parleur a cone,6FE200,16 ohm,Ferrite,Cylindrique,0.65,0.7,10.8,Acier,Tissu,Kapton,Aluminium,,130.0,95.0,120.0,2.2,12.0,4.17,9.9,171.0,3.5,0.83,0.65,118.0,11.4,115.3,,8.0,12.0,0.86
864,73.0,Faital Pro,Haut parleur a cone,6FE300,8 ohm,Ferrite,Cylindrique,0.46,0.48,10.5,Acier,Tissu,Fibre de verre,Aluminium,,175.0,94.0,100.0,3.0,5.3,3.9,14.2,208.0,4.7,0.94,0.4,138.0,10.0,134.0,350.0,6.0,9.8,0.97
865,73.0,Faital Pro,Haut parleur a cone,6FE300,4 ohm,Ferrite,Cylindrique,0.41,0.43,9.8,Acier,Tissu,Fibre de verre,Aluminium,,175.0,92.0,98.0,3.0,3.0,3.9,16.0,228.0,4.4,0.93,0.26,138.0,8.33,134.0,350.0,6.0,9.8,0.94
866,255.0,Faital Pro,Haut-parleur coaxial a deux entrees,6HX150,8+8 ohm,Neodymium,Non cylindrique,0.33,0.35,8.3,Aluminium,Tissu,Fibre de verre,Aluminium,,150.0,93.0,88.0,,5.5,4.35,14.0,251.0,5.6,1.05,0.64,130.0,12.0,,,6.0,10.7,1.22
867,104.0,Faital Pro,Haut parleur a cone,6PR110,8 ohm,Ferrite,Non cylindrique,0.5,0.6,4.2,Aluminium,Caoutchouc,Kapton,Aluminium,,150.0,96.0,100.0,2.2,6.0,2.75,12.0,167.0,5.6,0.9,0.22,129.0,8.5,127.0,300.0,6.0,7.5,0.86
868,140.0,Faital Pro,Haut parleur a cone,6PR122,8 ohm,Neodymium,Non cylindrique,0.39,0.44,3.3,Aluminium,Caoutchouc,Kapton,Aluminium,,120.0,97.0,110.0,,6.0,2.75,11.7,250.0,4.2,1.22,0.15,129.0,10.5,87.0,,6.0,7.5,1.22
869,148.0,Faital Pro,Haut parleur bicone,6PR150,8 ohm,Neodymium,Non cylindrique,0.33,0.35,8.8,Aluminium,Caoutchouc,Fibre de verre,Cuivre,,150.0,97.0,100.0,1.5,5.5,2.65,13.5,286.0,4.4,1.21,0.28,129.0,11.6,115.0,,6.0,7.3,1.24
870,142.0,Faital Pro,Haut parleur a cone,6PR160,8 ohm,Neodymium,Non cylindrique,0.33,0.35,6.6,Aluminium,Tissu,Fibre de verre,Aluminium,,120.0,95.0,90.0,,5.9,5.0,12.5,257.0,4.86,0.98,0.28,117.0,11.0,87.0,,6.0,12.0,1.0
871,146.0,Faital Pro,Haut parleur a cone,6RS140,8 ohm,Neodymium,Non cylindrique,0.27,0.28,5.8,Aluminium,Caoutchouc,Fibre de verre,Aluminium,,200.0,93.0,65.0,1.2,5.3,5.6,16.0,232.0,8.0,0.76,0.28,122.6,11.0,87.0,,6.0,13.2,0.75
872,146.0,Faital Pro,Haut parleur a cone,6RS140,16 ohm,Neodymium,Non cylindrique,0.36,0.38,6.0,Aluminium,Caoutchouc,Fibre de verre,Aluminium,,200.0,92.0,65.0,1.2,12.6,,15.0,171.0,8.5,0.59,0.34,122.6,14.2,87.0,,6.0,13.0,0.6
873,51.0,Faital Pro,Haut parleur a cone,8FE200,4 ohm,Ferrite,Non cylindrique,0.44,0.47,8.7,Acier,Tissu,Kapton,Aluminium,,130.0,95.0,80.0,,3.0,4.62,15.3,170.0,13.4,1.41,0.25,191.0,7.0,115.3,,8.0,11.9,1.42
874,86.0,Faital Pro,Haut parleur a cone,8FE300,8 ohm,Ferrite,Cylindrique,0.44,0.46,13.4,Acier,Tissu,Fibre de verre,Aluminium,,250.0,95.0,70.0,3.2,6.9,5.52,22.9,152.0,15.7,1.13,0.55,223.0,11.3,134.0,500.0,8.0,13.7,1.14
875,86.0,Faital Pro,Haut parleur a cone,8FE300,4 ohm,Ferrite,Cylindrique,0.41,0.43,11.1,Acier,Tissu,Fibre de verre,Aluminium,Papier,250.0,93.0,70.0,3.0,3.3,2.74,25.7,163.0,14.0,1.08,0.36,223.0,9.7,134.0,500.0,8.0,13.6,1.17
876,70.0,Faital Pro,Haut parleur a cone,8FE400,8 ohm,Ferrite,Cylindrique,0.53,0.58,5.3,Acier,Tissu,Aluminium,Aluminium,,200.0,96.0,100.0,2.8,5.0,4.77,20.5,172.0,9.4,1.56,0.44,233.0,10.5,135.0,400.0,8.0,12.2,1.56
877,230.0,Faital Pro,Haut-parleur coaxial a deux entrees,8HX150,8+8 ohm,Ferrite,Non cylindrique,0.42,0.43,9.5,Aluminium,Tissu,Fibre de verre,Aluminium,,250.0,94.0,76.0,,5.5,4.92,22.3,177.0,11.7,1.15,0.51,205.0,11.6,145.0,,8.0,12.5,1.15
878,370.0,Faital Pro,Haut-parleur coaxial a deux entrees,8HX200,8+8 ohm,Neodymium,Non cylindrique,0.3,0.31,10.5,Aluminium,Tissu,Fibre de verre,Aluminium,,250.0,95.0,76.0,3.1,5.5,4.92,22.0,245.0,11.9,1.62,0.51,205.0,13.8,,,8.0,12.5,1.67
879,288.0,Faital Pro,Haut-parleur coaxial a deux entrees,8HX210,8+8 ohm,Excitation,Non cylindrique,0.29,0.31,6.0,Aluminium,Tissu,Fibre de verre,Aluminium,,200.0,94.0,70.0,,6.5,6.17,24.4,226.0,14.7,1.57,0.59,223.0,15.0,133.0,400.0,7.0,15.4,1.58
880,326.0,Faital Pro,Haut-parleur coaxial a deux entrees,8HX230,8+8 ohm,Ferrite,Non cylindrique,0.36,0.38,7.4,Aluminium,Tissu,Fibre de verre,Aluminium,,250.0,94.0,70.0,5.1,6.5,6.17,23.6,184.0,8.0,0.7,0.57,205.0,15.1,156.0,,8.0,15.0,1.42
881,387.0,Faital Pro,Haut-parleur coaxial a deux entrees,8HX240,8+8 ohm,Neodymium,Non cylindrique,0.3,0.31,8.1,Aluminium,Tissu,Fibre de verre,Aluminium,,250.0,94.0,70.0,3.9,5.0,6.17,27.7,226.0,12.9,1.38,0.49,223.0,13.8,,500.0,8.0,15.0,1.34
882,154.0,Faital Pro,Haut parleur a cone,8PR155,8 ohm,Ferrite,Non cylindrique,0.37,0.39,8.8,Aluminium,Tissu,Fibre de verre,Aluminium,,200.0,97.0,85.0,,5.3,3.57,24.5,218.0,8.7,1.32,0.41,207.0,13.4,156.0,,8.0,9.8,1.35
883,50.0,Faital Pro,Haut parleur a cone,8PR200,8 ohm,Neodymium,Non cylindrique,0.36,0.38,9.4,Aluminium,Tissu,Fibre de verre,Aluminium,,200.0,95.0,58.0,2.4,5.1,8.15,27.2,153.0,15.1,0.75,0.55,196.0,11.5,152.0,,9.0,19.3,0.76
884,59.0,Faital Pro,Haut parleur a cone,8PR200,16 ohm,Neodymium,Non cylindrique,0.47,0.49,8.8,Aluminium,Tissu,Fibre de verre,Aluminium,,200.0,94.0,60.0,,11.8,8.65,26.7,122.0,14.4,0.61,0.87,196.0,15.5,152.0,,9.0,20.3,0.61
885,162.0,Faital Pro,Haut parleur a cone,8PR210,8 ohm,Ferrite,Non cylindrique,0.29,0.32,3.1,Aluminium,Tissu,Fibre de verre,Aluminium,,200.0,95.0,65.0,,5.7,6.92,25.3,203.0,12.9,1.07,0.46,196.0,13.5,156.0,,8.0,16.5,1.06
886,206.0,Faital Pro,Haut parleur a cone,8PR320,8 ohm,Neodymium,Non cylindrique,0.41,0.43,8.2,Aluminium,Tissu,Fibre de verre,Aluminium,,300.0,95.0,65.0,2.5,5.4,3.67,31.7,151.0,13.1,0.81,0.52,223.0,12.9,95.0,600.0,8.2,17.4,0.83
887,167.0,Faital Pro,Haut parleur a cone,8RS250,8 ohm,Ferrite,Non cylindrique,0.32,0.34,5.7,Aluminium,Caoutchouc,Fibre de verre,Aluminium,,200.0,93.0,56.0,,5.7,6.92,30.6,165.0,16.0,0.8,0.35,207.0,13.5,156.0,,8.0,16.5,0.81
888,230.0,Faital Pro,Haut parleur a cone,8RS340,8 ohm,Neodymium,Non cylindrique,0.34,0.36,6.6,Aluminium,Caoutchouc,Fibre de verre,Aluminium,,300.0,91.0,42.0,2.5,5.3,7.33,40.8,117.0,25.5,0.51,0.64,227.8,13.0,95.0,600.0,8.2,17.4,0.54
889,183.0,Faital Pro,Haut parleur a cone,8RS350,8 ohm,Ferrite,Non cylindrique,0.3,0.31,6.9,Aluminium,Caoutchouc,Fibre de verre,Aluminium,,300.0,90.0,42.0,4.1,5.3,7.37,43.3,135.0,23.7,0.55,0.6,226.0,13.9,156.0,600.0,8.0,17.4,0.54
890,123.0,Faital Pro,Haut parleur a cone,M5N8-80,12 ohm,Neodymium,Non cylindrique,0.45,0.54,2.7,Aluminium,Tissu,Kapton,Aluminium,,80.0,99.0,180.0,1.1,7.2,2.75,8.2,333.0,1.2,1.25,0.15,94.2,11.3,93.4,,6.0,7.5,1.29
891,123.0,Faital Pro,Haut parleur a cone,M5N8-80,8 ohm,Neodymium,Non cylindrique,0.36,0.45,1.9,Aluminium,Tissu,Kapton,Aluminium,,80.0,99.0,180.0,,5.5,2.75,6.8,400.0,0.4,0.5,0.22,94.2,9.6,93.4,,6.0,7.5,1.83
892,148.0,Faital Pro,Haut parleur a cone,W8N8-150,8 ohm,Neodymium,Non cylindrique,0.53,0.59,4.7,Aluminium,Tissu,Fibre de verre,Aluminium,,150.0,94.0,76.0,1.9,5.8,5.52,20.9,129.0,12.6,0.9,0.55,206.0,9.9,152.0,,8.0,13.7,0.91
893,148.0,Faital Pro,Haut parleur a cone,W8N8-150,16 ohm,Neodymium,Non cylindrique,0.85,0.88,19.5,Aluminium,Tissu,Fibre de verre,Aluminium,,150.0,93.0,76.0,2.0,11.8,5.52,23.8,86.0,11.1,0.54,0.9,206.0,12.3,152.0,,8.0,13.7,0.53
894,303.0,Faital Pro,Haut parleur a cone,12FH520,8 ohm,Neodymium,Cylindrique,0.29,0.3,11.1,Aluminium,Tissu,Fibre de verre,Aluminium,,600.0,98.0,50.0,,5.1,7.25,56.0,167.0,64.2,2.57,0.74,500.0,17.3,128.0,,12.0,18.5,2.6
895,303.0,Faital Pro,Haut parleur a cone,12FH520,16 ohm,Neodymium,Cylindrique,0.47,0.48,17.0,Aluminium,Tissu,Fibre de verre,Aluminium,,600.0,97.0,55.0,,12.8,7.0,60.5,115.0,49.0,1.64,1.6,500.0,23.5,128.0,,12.0,18.0,1.63
896,303.0,Faital Pro,Haut parleur a cone,12FH520,4 ohm,Neodymium,Cylindrique,0.27,0.28,6.32,Aluminium,Tissu,Fibre de verre,Aluminium,,600.0,97.0,50.0,,3.3,7.0,63.0,179.0,57.0,2.45,0.71,500.0,15.3,128.0,,12.0,18.0,2.48
897,323.0,Faital Pro,Haut parleur a cone,15HP1010,8 ohm,Ferrite,Cylindrique,0.37,0.38,10.0,Aluminium,Tissu,Fibre de verre,Cuivre,,700.0,96.0,40.0,11.0,5.3,9.75,138.9,105.0,93.1,1.51,1.8,759.0,22.0,200.0,,10.5,23.0,1.5
898,784.0,Faital Pro,Haut parleur a cone,18XL2000,8 ohm,Neodymium,Cylindrique,0.27,0.28,10.1,Aluminium,Tissu,Fibre de verre,Cuivre,,2000.0,97.0,28.0,11.3,5.3,16.32,286.0,100.0,202.4,1.53,1.45,1124.0,30.8,164.0,,14.0,37.3,1.54
899,61.0,Faital Pro,Haut parleur a cone,6FE400,8 ohm,Ferrite,Cylindrique,0.36,0.4,3.7,Acier,Tissu,Aluminium,Aluminium,,200.0,94.0,100.0,2.7,5.0,4.77,14.0,250.0,5.0,1.2,0.42,141.0,10.5,135.0,400.0,8.0,12.2,1.22
900,41.0,Fostex,Haut parleur a cone,FE103NV2,8 ohm,Ferrite,Non cylindrique,0.46,0.5,5.2,Acier,Tissu,,,,5.0,88.5,91.8,,7.7,,2.5,184.0,4.3,0.64,0.2,50.24,4.7,80.0,15.0,,,
901,54.0,Fostex,Haut parleur a cone,FE126NV2,8 ohm,Ferrite,Non cylindrique,0.34,0.37,3.51,Acier,Tissu,,,,15.0,92.0,79.1,1.1,7.1,,3.0,214.0,8.5,1.1,0.2,66.44,5.3,90.0,45.0,,,
902,84.0,Fostex,Haut parleur bicone,FE166NV2,8 ohm,Ferrite,Non cylindrique,0.27,0.28,7.88,Acier,Tissu,,,,22.0,94.0,49.6,,7.8,,7.0,177.0,36.9,1.55,0.8,132.67,7.7,110.0,65.0,,,
903,112.0,Fostex,Haut parleur bicone,FE206NV2,8 ohm,Ferrite,Non cylindrique,0.26,0.27,7.25,Acier,Tissu,,,,30.0,96.0,44.7,,7.2,,15.2,166.0,50.2,1.6,0.1,206.02,10.7,,90.0,,,
904,33.0,Fostex,Haut parleur a cone,FE83NV2,8 ohm,Ferrite,Non cylindrique,0.78,0.96,4.21,Acier,Tissu,,,,5.0,87.5,149.7,,7.1,,1.4,156.0,0.9,0.31,0.1,28.26,3.2,60.0,15.0,,,
905,145.0,.Kartesian,Haut-parleur coaxial a deux entrees,Cox120_vHP,8 ohm,Ferrite + Neodymium,Cylindrique,0.34,0.37,4.2,Aluminium,Butadiene-acrylonitrile,Aluminium,Cuivre,Tissu,50.0,88.0,68.0,1.1,5.2,3.5,5.7,184.0,3.11,0.26,0.24,52.8,7.4,90.0,100.0,5.0,,
906,162.0,.Kartesian,Haut-parleur coaxial a deux entrees,Cox135_vPA-S,8+8 ohm,Ferrite + Neodymium,Non cylindrique,0.59,0.79,2.36,Aluminium,Tissu,Fibre de verre,CCAW (fil alu recouvert de cuivre),,90.0,91.0,158.0,2.1,6.5,2.5,9.4,200.0,1.38,0.67,,95.0,8.78,110.0,180.0,,,
907,216.0,.Kartesian,Haut-parleur coaxial a deux entrees,Cox165_vPA,8 ohm,Ferrite + Neodymium,Cylindrique,0.26,0.37,16.4,Aluminium,Butadiene-acrylonitrile,Polyimide,CCAW (fil alu recouvert de cuivre),,150.0,93.5,68.0,1.6,5.9,4.0,13.8,184.0,14.01,1.15,0.58,118.0,9.93,,250.0,5.0,,
908,109.0,.Kartesian,Haut parleur a cone,Lom120_vMS,8 ohm,Ferrite,Cylindrique,0.35,0.37,7.5,Aluminium,Butadiene-acrylonitrile,Polyimide,CCAW (alu recouvert de cuivre),,60.0,90.5,72.0,,4.0,4.0,5.5,195.0,3.51,0.34,,52.8,5.2,90.0,100.0,,,
909,96.0,.Kartesian,Haut parleur a cone,Lom135_vPA-S,8 ohm,Ferrite,,0.58,0.65,3.15,Aluminium,Tissu,Fibre de verre,CCAW (alu recouvert de cuivre),Fibre de carbone,80.0,90.5,125.0,1.9,6.3,2.0,10.3,192.0,2.03,0.59,,95.4,8.46,110.0,150.0,,,
910,131.0,.Kartesian,Haut parleur a cone,Lom165_vPA-H,8 ohm,Ferrite + Neodymium,Cylindrique,0.26,0.27,12.2,Aluminium,,Polyimide,Cuivre,Fibre de carbone,150.0,92.0,52.0,1.6,7.0,4.0,11.2,193.0,17.37,0.87,0.18,121.0,9.8,,250.0,5.5,,
911,186.0,.Kartesian,Haut parleur a cone,Mid120_vHE-e2,8 ohm,Neodymium,Cylindrique,0.44,0.49,3.8,Aluminium,Caoutchouc,Aluminium,CCAW (alu recouvert de cuivre),,50.0,90.5,100.0,0.4,5.6,1.5,4.4,204.0,2.42,0.48,,54.4,5.6,,100.0,,,
912,229.0,.Kartesian,Haut parleur a cone,Sub120_vHE,8 ohm,Neodymium,Cylindrique,0.42,0.45,5.4,Aluminium,Butadiene-acrylonitrile,Polyimide,Cuivre,,80.0,81.5,46.0,0.4,6.6,6.0,12.6,102.0,3.93,0.09,,54.0,7.3,56.0,150.0,,,
913,107.0,.Kartesian,Haut parleur a cone,Sub120_vHP,8 ohm,Ferrite,Cylindrique,0.33,0.38,2.52,Aluminium,Butadiene-acrylonitrile,Kapton,Cuivre,,80.0,82.0,46.0,1.5,6.8,6.5,14.48,121.0,3.38,0.09,,53.5,8.6,90.0,150.0,,,
914,305.0,.Kartesian,Haut parleur a cone,Sub180_vMS,8 ohm,Ferrite,Cylindrique,0.33,0.39,2.2,Aluminium,Butadiene-acrylonitrile,Aluminium,Cuivre,,200.0,,31.0,1.6,6.2,11.0,25.2,79.0,22.45,0.17,0.15,123.0,8.85,120.0,300.0,,,
915,465.0,.Kartesian,Haut parleur a cone,Sub250_vHE,,Neodymium,Cylindrique,0.31,0.33,6.4,Aluminium,Butadiene-acrylonitrile,Fibre de verre,Cuivre,Fibre de carbone,300.0,88.0,26.0,3.9,4.2,8.5,106.0,79.0,57.3,0.3,,338.0,14.9,100.0,450.0,,,
916,74.0,.Kartesian,Haut parleur a cone,Wib100_vPA-S,8 ohm,Neodymium,Non cylindrique,0.27,0.3,3.45,Acier,Tissu,Fibre de verre,CCAW (alu recouvert de cuivre),,60.0,89.5,94.0,0.54,5.6,2.5,7.3,313.0,1.41,0.38,,50.3,9.0,51.0,150.0,,,
917,172.0,.Kartesian,Haut parleur a cone,Wib120_vHE,8 ohm,Ferrite + Neodymium,Cylindrique,0.56,0.75,2.25,Aluminium,Butadiene-acrylonitrile,Aluminium,CCAW (alu recouvert de cuivre),Aluminium,40.0,86.0,68.0,1.0,5.6,4.0,4.9,91.0,4.4,0.18,0.08,52.8,3.98,90.0,60.0,,,
918,249.0,.Kartesian,Haut parleur a cone,Wib145_vHE,6 ohm,Neodymium,Cylindrique,0.52,0.57,5.6,Aluminium,Butadiene-acrylonitrile,Titanium,Cuivre,,60.0,89.0,56.0,,4.8,6.0,8.5,98.0,9.7,0.29,,85.0,5.0,,100.0,,,
919,38.0,.Kartesian,Haut parleur a cone,Wib50_vHP,8 ohm,Neodymium,Carre,0.497,0.49,8.0,Plastique,Caoutchouc,Kapton,CCAW (alu recouvert de cuivre),Aluminium,20.0,84.0,155.0,0.18,6.1,2.3,1.9,316.0,0.17,0.13,0.16,14.5,4.8,41.0,40.0,5.2,,
920,41.0,.Kartesian,Haut parleur a cone,Wib70_vPA,8 ohm,Neodymium,Carre,0.689,0.77,6.41,Plastique,Tissu,Kapton,CCAW (alu recouvert de cuivre),Aluminium,25.0,86.0,215.0,0.19,6.4,2.0,1.535,279.0,0.228,0.29,0.12,21.2,4.15,38.0,50.0,5.2,,
921,101.0,.Kartesian,Haut parleur a cone,Wom120_vMS,8 ohm,Ferrite,Cylindrique,0.36,0.39,4.2,Aluminium,Butadiene-acrylonitrile,Aluminium,Cuivre,,50.0,88.0,62.0,1.1,5.3,3.5,6.2,159.0,4.17,0.25,0.22,52.6,5.92,,80.0,5.0,,
922,99.0,.Kartesian,Haut parleur a cone,Wom135_vPA-S,8 ohm,Ferrite,Non cylindrique,0.47,0.5,8.2,Aluminium,Butadiene-acrylonitrile,Fibre de verre,CCAW (alu recouvert de cuivre),Fibre de carbone,80.0,88.0,72.0,1.9,6.4,4.0,12.5,144.0,4.18,0.3,,86.6,8.48,110.0,150.0,,,
923,248.0,.Kartesian,Haut parleur a cone,Wom145_vHE,8 ohm,Neodymium,Cylindrique,0.42,0.47,4.2,Aluminium,Butadiene-acrylonitrile,Titanium,Cuivre,,60.0,88.0,44.0,,4.8,6.0,8.6,94.0,15.6,0.28,0.04,85.0,4.92,,120.0,,,
924,117.0,.Kartesian,Haut parleur a cone,Wom145_vMS,6 ohm,Ferrite,Cylindrique,0.36,0.42,2.38,Aluminium,Butadiene-acrylonitrile,Aluminium,Cuivre,,60.0,87.0,48.0,0.9,6.2,4.5,9.78,114.0,9.36,0.24,0.28,78.5,6.6,,100.0,5.0,,
925,328.0,.Kartesian,Haut parleur a cone,Wom165_vHE-e2,8 ohm,Neodymium,Cylindrique,0.38,0.4,6.8,Aluminium,Butadiene-acrylonitrile,Titanium,Cuivre,,80.0,89.5,38.0,1.4,5.8,6.0,12.6,95.0,29.9,0.4,0.13,123.0,6.6,100.0,150.0,,,
926,128.0,.Kartesian,Haut parleur a cone,Wom165_vMS,8 ohm,Ferrite,Cylindrique,0.27,0.3,2.8,Aluminium,Butadiene-acrylonitrile,Polyimide,Cuivre,Fibre de verre / Fibre de carbone,80.0,90.0,42.0,1.6,6.2,4.8,14.3,140.0,22.15,0.53,,125.0,8.8,100.0,150.0,5.0,,
927,317.0,.Kartesian,Haut parleur a cone,Wom180_vMS,8 ohm,Ferrite,Cylindrique,0.42,0.38,4.3,Aluminium,Butadiene-acrylonitrile,Fibre de verre,Aluminium,,120.0,90.0,46.0,1.6,6.5,8.0,14.5,121.0,21.8,0.54,,136.5,8.1,120.0,160.0,,,
928,213.0,.Kartesian,Haut parleur a cone,Wom200_vPA-S,8 ohm,Ferrite,Cylindrique,0.35,0.37,7.8,Aluminium,Butadiene-acrylonitrile,Fibre de verre,CCAW (alu recouvert de cuivre),Papier,150.0,92.0,53.0,3.6,5.5,6.0,28.0,143.0,20.9,0.81,,214.0,11.8,140.0,250.0,,,
929,295.0,.Kartesian,Haut parleur a cone,Wom300_vDIY,8 ohm,Ferrite,Cylindrique,0.36,0.38,7.2,Aluminium,Tissu,Fibre de verre,Cuivre,,250.0,,37.0,,5.3,6.0,75.0,97.0,91.0,1.17,,511.0,15.62,170.0,600.0,,,
930,380.0,.Kartesian,Haut parleur a cone,Wom380_vTLHP,8 ohm,Ferrite,Cylindrique,0.4,0.41,16.8,Aluminium,Tissu,Fibre de verre,Cuivre,Fibre de carbone,350.0,95.0,36.0,7.4,4.8,9.0,120.0,88.0,159.17,1.74,0.83,830.0,17.85,190.0,600.0,8.0,26.0,1.77
931,421.0,LaVoce,Haut-parleur coaxial a deux entrees,CAN123.00T,8+8 ohm,Neodymium,Cylindrique,0.22,0.23,4.0,Aluminium,Polyimide,Fibre de verre,CCAW (fil alu recouvert de cuivre),,350.0,99.5,46.0,4.8,5.3,6.0,52.5,200.0,91.0,3.7,0.5,531.0,18.5,135.0,700.0,8.0,16.0,3.6
932,421.0,LaVoce,Haut-parleur coaxial a deux entrees,CAN123.00TH,8+8 ohm,Neodymium,Cylindrique,0.22,0.23,4.0,Aluminium,Tissu,Fibre de verre,CCAW (fil alu recouvert de cuivre),,350.0,99.5,46.0,4.9,5.3,6.0,52.5,200.0,91.0,3.7,0.5,531.0,18.5,135.0,700.0,8.0,16.0,3.6
933,505.0,LaVoce,Haut-parleur coaxial a deux entrees,CAN143.00T,8+8 ohm,Neodymium,Cylindrique,0.29,0.31,5.8,Aluminium,Tissu,Fibre de verre,CCAW (fil alu recouvert de cuivre),,400.0,99.0,44.0,5.1,5.3,6.0,76.0,142.0,123.7,3.27,0.5,713.0,19.1,135.0,800.0,8.0,16.0,3.3
934,440.0,LaVoce,Haut-parleur coaxial a deux entrees,CAN143.00TH,8+8 ohm,Neodymium,Cylindrique,0.29,0.31,5.8,Aluminium,Polyimide,Fibre de verre,CCAW (fil alu recouvert de cuivre),,400.0,99.0,44.0,5.3,5.3,6.0,76.0,142.0,123.7,3.27,0.5,713.0,19.1,135.0,800.0,8.0,16.0,3.3
935,125.0,LaVoce,Haut-parleur coaxial a deux entrees,CSF082.00K,8+8 ohm,Ferrite,Cylindrique,0.35,0.39,3.5,Acier,Polyimide,Fibre de verre,CCAW (fil alu recouvert de cuivre),,200.0,96.0,76.0,3.0,5.7,5.3,17.3,195.0,16.9,1.83,0.48,217.0,11.0,140.0,400.0,8.0,14.5,1.8
936,11.0,LaVoce,Haut parleur a cone,FSF030.70,8 ohm,Ferrite,Carre,0.77,0.89,5.87,Acier,Caoutchouc,Fibre de verre,CCAW (alu recouvert de cuivre),,30.0,86.5,123.0,0.5,6.3,1.05,2.2,138.0,1.17,0.24,0.06,33.0,3.47,70.0,60.0,4.0,6.2,0.23
937,11.0,LaVoce,Haut parleur a cone,FSF030.70,16 ohm,Ferrite,Non cylindrique,0.99,1.19,5.93,Acier,Caoutchouc,Fibre de verre,CCAW (alu recouvert de cuivre),,30.0,86.0,127.0,0.5,12.4,1.05,2.25,107.0,1.08,0.18,0.1,33.0,4.32,70.0,60.0,4.0,6.2,0.18
938,22.0,LaVoce,Haut parleur a cone,FSN021.02,8 ohm,Ferrite,Carre,0.68,0.77,5.9,Acier,Caoutchouc,Polyimide,CCAW (alu recouvert de cuivre),,25.0,83.0,149.0,0.15,5.7,2.5,1.7,194.0,0.33,0.14,0.1,19.0,3.4,38.2,50.0,3.0,6.4,0.14
939,87.0,LaVoce,Haut parleur a cone,MAF082.00,8 ohm,Ferrite,Non cylindrique,0.18,0.19,5.8,Aluminium,Tissu,Polyimide,Cuivre,,200.0,98.5,77.0,4.1,5.8,2.6,20.4,405.0,13.0,3.0,0.52,214.0,17.3,155.0,400.0,8.0,9.2,3.11
940,124.0,LaVoce,Haut parleur a cone,MAF103.00,8 ohm,Ferrite,Cylindrique,0.24,0.25,5.6,Aluminium,Tissu,Fibre de verre,Cuivre,,350.0,99.0,83.0,6.9,5.1,2.2,41.0,332.0,15.3,3.36,0.78,350.0,20.7,20.0,700.0,8.0,8.3,3.36
941,25.0,LaVoce,Haut parleur a cone,MSF061.50,8 ohm,Ferrite,Cylindrique,2.3,2.69,15.8,Acier,Papier,Polyimide,Cuivre,,100.0,95.0,526.0,1.4,5.9,2.0,9.2,196.0,0.28,1.46,0.41,143.0,8.2,100.0,200.0,6.0,7.0,1.51
942,286.0,LaVoce,Haut parleur a cone,SAF184.03,4 ohm,Ferrite,Cylindrique,0.31,0.33,9.63,Aluminium,Tissu,Fibre de verre,Cuivre,,1500.0,95.5,28.0,16.4,3.3,12.1,260.19,85.0,253.5,1.62,1.3,1220.0,21.72,220.0,3000.0,15.0,31.7,1.74
943,237.0,LaVoce,Haut parleur a cone,SAF184.05,8 ohm,Ferrite,Cylindrique,0.41,0.45,5.9,Aluminium,Tissu,Fibre de verre,Cuivre,,1000.0,96.0,39.0,12.6,5.4,7.7,217.4,87.0,141.2,1.79,1.66,1134.0,,220.0,,10.0,20.3,1.78
944,338.0,LaVoce,Haut parleur a cone,SAF184.50,8 ohm,Ferrite,Cylindrique,0.33,0.35,5.4,Aluminium,Tissu,Fibre de verre,Cuivre,,1800.0,96.5,35.0,16.8,5.55,12.5,271.0,100.0,162.0,1.91,2.8,1225.0,30.5,253.0,3600.0,15.0,32.5,1.88
945,911.0,LaVoce,Haut parleur a cone,SAN184.50iP,8 ohm,Neodymium,Cylindrique,0.15,0.15,6.06,Aluminium,Tissu,Fibre de verre,CCAW (alu recouvert de cuivre),,1700.0,98.0,34.0,15.1,1.37,19.25,312.9,227.0,145.4,3.66,0.4,1225.0,24.85,165.0,3400.0,13.0,45.0,3.8
946,665.0,LaVoce,Haut parleur a cone,SAN215.30,,Neodymium,Cylindrique,0.28,0.29,5.87,Aluminium,Tissu,,Cuivre,,2000.0,97.6,30.1,17.3,5.3,14.9,426.7,104.0,255.1,2.31,2.69,1661.0,38.0,178.0,4000.0,18.0,38.8,2.28
947,56.0,LaVoce,Haut parleur a cone,,8 ohm,Ferrite,Cylindrique,0.5,0.53,11.4,Acier,Papier,Polyimide,Cuivre,,60.0,98.0,78.0,3.2,7.5,2.7,20.7,147.0,36.0,3.1,0.51,356.0,11.9,134.0,120.0,6.0,8.4,3.06
948,203.0,LaVoce,Haut parleur a cone,WAF124.02,8 ohm,Ferrite,Cylindrique,0.35,0.39,3.4,Aluminium,Tissu,Polyimide,CCAW (alu recouvert de cuivre),,600.0,97.0,52.0,,5.0,9.1,77.3,133.0,49.4,1.71,0.91,531.0,17.8,200.0,1200.0,10.0,23.2,1.66
949,178.0,LaVoce,Haut parleur a cone,WAF153.02,8 ohm,Ferrite,Cylindrique,0.26,0.27,7.7,Aluminium,Tissu,Fibre de verre,CCAW (alu recouvert de cuivre),,500.0,98.0,35.0,10.2,5.3,4.6,89.1,130.0,244.0,3.72,0.59,855.0,19.4,200.0,1000.0,10.0,14.2,3.59
950,234.0,LaVoce,Haut parleur a cone,WAF154.03,8 ohm,Ferrite,Cylindrique,0.29,0.3,8.6,Aluminium,Tissu,Fibre de verre,CCAW (alu recouvert de cuivre),,850.0,98.0,38.0,11.3,6.0,5.2,104.0,127.0,188.0,3.31,0.28,881.0,22.3,220.0,1700.0,14.5,17.7,3.26
951,103.0,LaVoce,Haut parleur a cone,WAN061.80,8 ohm,,,0.27,0.29,5.8,,Caoutchouc,Fibre de verre,CCAW (alu recouvert de cuivre),,200.0,93.5,60.0,,5.6,5.2,16.9,207.0,12.5,0.9,0.33,147.0,11.2,92.0,,6.0,13.3,0.93
952,139.0,LaVoce,Haut parleur a cone,WAN082.01,8 ohm,Ferrite,Non cylindrique,0.32,0.34,4.8,Aluminium,Tissu,Kapton,CCAW (alu recouvert de cuivre),,200.0,96.0,85.0,2.3,5.1,6.1,26.4,250.0,9.0,1.57,0.36,220.0,14.4,102.0,400.0,8.0,16.2,1.55
953,234.0,LaVoce,Haut parleur a cone,WAN123.01,8 ohm,Neodymium,Cylindrique,0.24,0.25,6.6,Aluminium,Tissu,Fibre de verre,Cuivre,,500.0,99.0,57.3,5.2,5.2,6.6,76.8,229.0,41.4,3.0,0.96,540.0,24.0,131.0,1000.0,11.5,19.0,3.0
954,253.0,LaVoce,Haut parleur a cone,WAN153.01,8 ohm,Neodymium,Cylindrique,0.29,0.3,5.58,Aluminium,Tissu,Fibre de verre,Cuivre,,600.0,100.0,46.3,5.8,5.2,6.6,114.4,154.0,113.6,3.61,1.0,881.4,23.9,131.0,1200.0,11.5,19.0,3.59
955,14.0,LaVoce,Haut parleur a cone,WSF030.70,8 ohm,Ferrite,Non cylindrique,0.6,0.7,4.0,Acier,Caoutchouc,Fibre de verre,Cuivre,,30.0,85.5,109.0,,6.12,3.3,3.5,156.0,0.9,0.16,0.35,33.0,4.58,70.0,60.0,4.0,8.5,0.17
956,146.0,LaVoce,Haut parleur a cone,WXF15.400,8 ohm,Ferrite,Cylindrique,0.4,0.4,7.6,Aluminium,Tissu,Fibre de verre,CCAW (alu recouvert de cuivre),,400.0,99.0,50.0,8.0,5.5,6.1,85.0,125.0,118.0,3.54,0.9,855.0,19.3,190.0,800.0,9.8,17.1,3.76
957,56.0,LaVoce,Haut parleur a cone,MAF061.50,8 ohm,Ferrite,Non cylindrique,0.49,0.59,3.2,Aluminium,Tissu,Polyimide,Cuivre,,120.0,97.0,172.0,2.3,5.6,3.5,9.7,292.0,2.55,2.12,0.32,143.0,10.0,120.0,240.0,6.0,10.0,2.13
958,502.0,LaVoce,Haut parleur a cone,SAN184.50,8 ohm,Neodymium,Cylindrique,0.25,0.26,6.1,Aluminium,Tissu,Fibre de verre,CCAW (alu recouvert de cuivre),,1700.0,97.0,35.0,13.5,5.4,15.5,327.6,135.0,139.0,2.21,4.35,1225.0,38.2,168.0,3400.0,14.0,38.0,2.08
959,34.0,MarkAudio,Haut parleur a cone,CHN-50,4 ohm,Ferrite,Cylindrique,0.56,0.71,2.72,Acier,,,,,7.0,87.5,126.24,0.38,3.3,1.75,1.42,178.0,1.25,0.35,,28.0,2.29,,,,,
960,35.0,MarkAudio,Haut parleur a cone,CHN40,8 ohm,Ferrite,Non cylindrique,0.55,0.68,2.86,Acier,,,,,7.0,85.93,106.69,,6.8,3.5,1.39,157.0,1.17,0.21,0.07,23.0,3.06,60.0,,,,
961,64.0,MarkAudio,Haut parleur a cone,CHN719 Grey,6 ohm,Ferrite,Non cylindrique,0.5,0.6,2.95,Acier,,,,,20.0,87.68,68.5,,5.4,4.3,4.03,114.0,4.72,0.25,0.16,50.0,3.96,,,,,0.24
962,128.0,MarkAudio,Haut parleur a cone,CHP-90,4 ohm,Ferrite,Cylindrique,0.36,0.44,2.2,Plastique,,,,,40.0,89.2,48.53,0.5,6.2,7.0,5.41,110.0,20.05,0.5,0.26,85.0,4.84,90.0,,,,
963,138.0,MarkAudio,Haut parleur a cone,CHR90,8 ohm,Ferrite,Cylindrique,0.36,0.42,2.46,Plastique,Caoutchouc,Aluminium,Cuivre,,40.0,89.35,44.34,0.94,7.8,7.0,4.97,106.0,26.14,0.53,,85.0,4.73,90.0,,,,
964,150.0,MarkAudio,Haut parleur a cone,MA200-M Multi Black,8 ohm,Ferrite,Cylindrique,0.4,0.45,3.86,Acier,Tissu,Till,CCAW (alu recouvert de cuivre),,250.0,94.0,74.0,,5.6,3.25,20.97,164.0,13.8,1.2,0.53,211.2,11.0,145.0,500.0,8.0,15.75,1.22
965,151.0,MarkAudio,Haut parleur a cone,MA200-M Multi Midnight Copper,8 ohm,Ferrite,Cylindrique,0.35,0.41,2.24,,,,,,50.0,90.26,33.0,,6.8,4.5,21.17,80.0,65.2,0.55,0.23,206.0,8.55,120.0,,,,
966,135.0,MarkAudio,Haut parleur a cone,MAOP 11MS,8 ohm,Ferrite,Cylindrique,0.3,0.35,2.16,,,,,,,89.85,43.8,,6.8,,9.08,125.0,25.12,0.58,0.3,145.42,6.98,,,,,
967,26.0,Monacor,Haut parleur bicone,,8 ohm,,Cylindrique,0.58,0.68,3.707,Acier,Caoutchouc,Kapton,,,20.0,86.0,110.0,0.54,6.4,1.1,1.9,162.0,1.32,0.25,0.18,32.0,3.64,68.0,40.0,,,
968,43.0,Monacor,Haut parleur a cone,MS-130,8 ohm,Ferrite,Non cylindrique,0.88,1.06,5.23,,,Kapton,,,40.0,94.0,120.0,,6.1,0.7,4.0,113.0,3.0,0.47,0.25,70.0,4.2,100.0,80.0,,,
969,55.0,Monacor,Haut parleur a cone,MSH-115,8 ohm,Ferrite,Non cylindrique,0.43,0.55,1.98,Acier,Caoutchouc,Aluminium,,,50.0,89.0,85.0,0.62,6.3,1.5,4.5,155.0,4.0,0.43,0.3,55.0,4.8,72.0,120.0,,,
970,72.0,Monacor,Haut parleur a cone,MSH-115HQ,8 ohm,Ferrite,Cylindrique,0.55,0.66,3.26,Aluminium,Caoutchouc,Aluminium,,,50.0,87.0,89.0,,5.8,3.0,5.8,135.0,2.2,0.23,0.53,55.0,5.35,72.0,100.0,,,
971,54.0,Monacor,Haut parleur bicone,SP-200X,8 ohm,Ferrite,Cylindrique,0.52,0.7,1.96,Acier,Tissu,Aluminium,,,35.0,92.0,50.0,1.3,7.2,1.6,11.5,71.0,48.0,0.83,0.3,210.0,6.1,100.0,70.0,,,
972,40.0,Monacor,Haut parleur a cone,SP-202E,4 ohm,Ferrite,Cylindrique,0.69,0.81,4.5,Acier,Mousse,Aluminium,,Papier,50.0,93.0,51.0,,3.85,2.5,15.0,63.0,39.0,0.62,0.6,210.0,4.86,100.0,100.0,,,
973,36.0,Monacor,Haut parleur a cone,SP-202PA,8 ohm,Ferrite,Cylindrique,1.1,2.25,2.33,Acier,,Aluminium,,,50.0,91.0,68.0,1.2,7.4,3.0,18.0,30.0,12.0,0.17,0.4,216.0,5.6,100.0,100.0,,,
974,58.0,Monacor,Haut parleur a cone,SP-252C,4 ohm,Ferrite,Cylindrique,0.41,0.347,3.15,Acier,Mousse,Aluminium,,,100.0,93.0,35.0,2.4,3.7,5.0,38.0,101.0,96.0,1.14,0.4,353.0,8.08,125.0,200.0,,,
975,59.0,Monacor,Haut parleur a cone,SP-252E,4 ohm,Ferrite,Cylindrique,0.5,0.6,3.13,Acier,Mousse,Aluminium,,,75.0,94.0,42.0,,3.75,4.0,43.0,70.0,57.0,0.68,1.1,353.0,8.5,125.0,150.0,,,
976,69.0,Monacor,Haut parleur a cone,SP-252PA,8 ohm,Ferrite,Cylindrique,0.7,1.0,2.13,Acier,Tissu,Aluminium,,,75.0,90.0,55.0,2.2,7.7,2.5,30.0,55.0,30.0,0.48,0.6,350.0,9.7,119.0,150.0,,,
977,16.0,Monacor,Haut parleur bicone,SP-30,8 ohm,Ferrite,Non cylindrique,0.73,1.04,2.5,Acier,,Aluminium,,,5.0,88.0,150.0,,3.5,1.5,1.7,144.0,0.7,0.22,0.18,31.0,2.33,60.0,10.0,,,
978,68.0,Monacor,Haut parleur a cone,SP-302E,4 ohm,Ferrite,Cylindrique,0.72,0.87,4.24,Acier,Mousse,Aluminium,,,100.0,39.0,39.0,,3.6,4.0,40.0,45.0,141.0,0.93,1.1,518.0,6.63,125.0,200.0,,,
979,65.0,Monacor,Haut parleur a cone,SP-302PA,8 ohm,Ferrite,Cylindrique,0.89,1.47,2.2,Acier,Tissu,Aluminium,,,100.0,90.0,45.0,2.5,7.7,2.5,57.0,31.0,51.0,0.31,0.5,542.0,10.5,119.0,200.0,,,
980,72.0,Monacor,Haut parleur a cone,SP-304PA,4 ohm,Ferrite,Cylindrique,0.52,0.6,3.87,Acier,Tissu,Aluminium,,,175.0,93.0,40.0,,3.6,3.25,63.0,67.0,117.0,1.2,0.4,514.0,9.39,125.0,350.0,,,
981,181.0,Monacor,Haut-parleur coaxial a deux entrees,SP-308CX,8+8 ohm,Ferrite,Non cylindrique,0.36,0.43,2.21,Aluminium,Tissu,Polyamide,,Tissu,150.0,95.0,80.0,,5.8,2.5,17.0,186.0,15.4,1.77,0.58,221.0,12.1,126.0,300.0,,,
982,220.0,Monacor,Haut-parleur coaxial a deux entrees,SP-310CX,8+8 ohm,Ferrite,Non cylindrique,0.32,0.36,3.24,Aluminium,Tissu,Polyamide,,,200.0,96.0,60.0,,5.6,2.5,32.0,167.0,41.0,2.37,0.65,346.0,13.3,156.0,400.0,,,
983,244.0,Monacor,Haut-parleur coaxial a deux entrees,SP-312CX,8+8 ohm,Ferrite,Non cylindrique,0.33,0.36,3.74,Aluminium,Tissu,Polyamide,,,250.0,97.0,55.0,9.3,5.6,3.0,56.0,153.0,64.0,2.84,1.1,540.0,16.9,169.0,500.0,,,
984,28.0,Monacor,Haut parleur a cone,SP-4/60PRO,8 ohm,Ferrite,Non cylindrique,0.6,0.67,5.35,Acier,Caoutchouc,Kapton,,,30.0,90.0,92.0,,6.76,2.3,6.3,137.0,3.04,0.34,0.3,68.0,5.85,86.0,60.0,,,
985,26.0,Monacor,Haut parleur a cone,SP-45/4,4 ohm,Ferrite,Non cylindrique,0.55,0.68,2.82,Acier,Mousse,,,,20.0,88.0,120.0,0.45,3.3,0.75,1.6,176.0,1.5,0.37,0.1,31.0,2.4,70.0,40.0,,,
986,21.0,Monacor,Haut parleur a cone,SP-45/8,8 ohm,Ferrite,Non cylindrique,0.55,0.68,2.82,Acier,Mousse,,,,20.0,88.0,120.0,0.43,6.5,0.75,1.6,176.0,1.5,0.37,0.15,31.0,3.4,70.0,40.0,,,
987,53.0,Monacor,Haut parleur a cone,SP-6/100PA,8 ohm,Ferrite,Cylindrique,0.44,0.49,4.24,Acier,Tissu,Kapton,,Papier,100.0,94.0,90.0,2.4,6.7,0.75,11.2,184.0,8.0,1.15,0.5,139.0,9.3,120.0,200.0,,,
988,50.0,Monacor,Haut parleur a cone,SP-6/150PA,8 ohm,Ferrite,Cylindrique,0.42,0.46,5.31,Acier,Tissu,Kapton,,Papier,150.0,93.0,73.0,2.4,6.5,1.0,15.2,159.0,8.5,0.7,0.6,139.0,9.9,120.0,300.0,,,
989,24.0,Monacor,Haut parleur a cone,SP-60/4,4 ohm,Ferrite,Non cylindrique,0.49,0.64,2.1,Acier,Caoutchouc,Aluminium,,Papier,30.0,90.0,65.0,,3.3,2.0,4.0,102.0,6.0,0.25,0.2,55.0,2.9,80.0,60.0,,,
990,20.0,Monacor,Haut parleur a cone,SP-60/8,8 ohm,Ferrite,Non cylindrique,0.49,0.64,2.1,Acier,Caoutchouc,Aluminium,,Papier,30.0,90.0,65.0,0.67,6.5,2.0,4.0,102.0,6.0,0.25,0.3,55.0,4.1,80.0,60.0,,,
991,76.0,Monacor,Haut parleur a cone,SP-8/150PA,8 ohm,Ferrite,Cylindrique,0.43,0.48,4.12,Acier,Tissu,Kapton,,Papier,150.0,96.0,88.0,,6.9,1.25,20.0,183.0,12.0,1.64,0.6,219.0,12.6,140.0,300.0,,,
992,79.0,Monacor,Haut parleur a cone,SP-8/150PRO,8 ohm,Ferrite,Cylindrique,0.32,0.41,1.52,Aluminium,Tissu,Aluminium,,Papier,150.0,93.0,56.0,2.7,7.2,6.0,22.8,137.0,22.0,0.91,2.0,213.0,11.96,120.0,300.0,,,
993,47.0,Monacor,Haut parleur a cone,SP-90,8 ohm,Ferrite,Cylindrique,0.57,0.68,3.36,Acier,Mousse,Aluminium,,Papier,35.0,92.0,45.0,,6.5,2.0,17.0,66.0,42.0,0.55,0.5,210.0,,100.0,70.0,,,
994,49.0,Monacor,Haut parleur a cone,SPH-100AL,8 ohm,Ferrite,Cylindrique,0.55,0.67,3.05,Acier,Caoutchouc,Aluminium,,Aluminium,40.0,87.0,80.0,0.72,6.2,1.5,4.9,119.0,3.2,0.24,0.3,55.0,4.81,72.0,80.0,,,
995,69.0,Monacor,Haut parleur a cone,SPH-102KEP,8 ohm,Ferrite,Non cylindrique,0.52,0.57,5.7,Aluminium,Caoutchouc,Kapton,,,40.0,88.0,95.0,1.1,7.2,1.0,3.0,167.0,3.0,0.44,0.2,55.0,4.75,80.0,120.0,,,
996,53.0,Monacor,Haut parleur a cone,SPH-130,8 ohm,Ferrite,Non cylindrique,0.32,0.39,1.91,Acier,Caoutchouc,Aluminium,,,55.0,89.0,38.0,0.81,5.7,2.0,8.2,97.0,22.0,0.3,0.5,80.0,5.4,72.0,80.0,,,
997,98.0,Monacor,Haut parleur a cone,SPH-135KEP,8 ohm,Ferrite,Non cylindrique,0.3,0.32,5.54,Aluminium,Caoutchouc,Kapton,,,50.0,89.0,45.0,1.6,6.0,3.25,10.0,141.0,15.5,0.43,0.75,95.0,7.5,100.0,80.0,,,
998,78.0,Monacor,Haut parleur a cone,SPH-145HQ,8 ohm,Ferrite,Cylindrique,0.44,0.51,3.07,Aluminium,Caoutchouc,Aluminium,,,50.0,88.0,52.0,0.88,5.8,3.5,7.6,102.0,9.4,0.25,0.53,80.0,5.33,72.0,100.0,,,
999,67.0,Monacor,Haut parleur a cone,SPH-165,8 ohm,Ferrite,Cylindrique,0.21,0.23,2.02,Acier,Caoutchouc,,,,50.0,89.0,33.0,,6.5,3.5,16.0,143.0,36.0,0.54,1.1,137.0,9.7,120.0,100.0,,,
1000,61.0,Monacor,Haut parleur a cone,MSH-116/4,4 ohm,Ferrite,Cylindrique,0.4,0.48,2.38,Acier,Caoutchouc,Aluminium,,,40.0,91.0,95.0,,3.2,1.0,4.6,198.0,2.7,0.47,0.18,55.0,4.3,72.0,80.0,,,
1001,123.0,Monacor,Haut parleur a cone,SP-300P,8 ohm,Ferrite,Cylindrique,0.31,0.37,1.74,Acier,Mousse,Aluminium,,,100.0,96.0,30.0,4.0,6.5,2.5,42.0,81.0,266.0,1.87,0.8,495.0,11.7,145.0,200.0,,,
1002,121.0,Monacor,Haut parleur a cone,SPH-165KEP,8 ohm,Ferrite,Non cylindrique,0.31,0.33,4.85,Aluminium,Caoutchouc,Kapton,,,60.0,89.0,30.0,1.9,6.0,4.75,17.0,91.0,38.0,0.3,0.7,127.0,7.6,100.0,100.0,,,
1003,129.0,Monacor,Haut parleur a cone,SPH-300TC,8+8 ohm,Ferrite,Cylindrique,0.24,0.26,3.03,Acier,Caoutchouc,Aluminium,,,120.0,91.0,23.0,,3.2,4.0,68.0,88.0,290.0,1.31,1.0,495.0,10.3,156.0,250.0,,,
1004,108.0,Monacor,Haut parleur a cone,SPH-170,8 ohm,Ferrite,Cylindrique,0.44,0.55,2.38,Aluminium,Caoutchouc,Aluminium,,,50.0,90.0,38.0,1.4,6.2,3.0,12.5,69.0,37.0,0.36,0.45,137.0,5.9,100.0,80.0,,,
1005,145.0,Monacor,Haut parleur a cone,SPH-170C,8 ohm,Ferrite,Cylindrique,0.26,0.27,7.22,Aluminium,Caoutchouc,Kapton,,,60.0,88.0,38.0,2.2,6.0,4.0,16.43,141.0,24.0,0.47,0.8,127.0,9.44,100.0,120.0,,,
1006,92.0,Monacor,Haut parleur a cone,SPH-175HQ,8 ohm,Ferrite,Cylindrique,0.42,0.5,2.57,Aluminium,Caoutchouc,Aluminium,,,70.0,89.0,39.0,,6.5,5.5,13.9,78.0,33.0,0.38,0.71,140.0,6.4,90.0,120.0,,,
1007,60.0,Monacor,Haut parleur a cone,SPH-176,8 ohm,Ferrite,Cylindrique,0.37,0.44,2.27,Acier,Caoutchouc,Aluminium,,,70.0,90.0,39.0,,6.6,5.5,14.0,89.0,27.0,0.35,0.75,140.0,7.7,90.0,120.0,,,
1008,116.0,Monacor,Haut parleur a cone,SPH-220HQ,8 ohm,Ferrite,Cylindrique,0.4,0.46,3.06,Aluminium,Caoutchouc,Aluminium,,,100.0,90.0,30.0,2.3,6.1,5.5,24.7,65.0,80.0,0.46,0.9,232.0,7.63,100.0,180.0,,,
1009,173.0,Monacor,Haut parleur a cone,SPH-225C,8 ohm,Ferrite,Cylindrique,0.3,0.31,4.94,Aluminium,Caoutchouc,Kapton,,,120.0,90.0,39.0,,5.9,6.0,24.0,126.0,24.0,0.45,0.8,201.0,13.17,140.0,200.0,,,
1010,160.0,Monacor,Haut parleur a cone,SPH-250CTC,8+8 ohm,Ferrite,Cylindrique,0.25,0.26,5.12,Aluminium,Caoutchouc,Kapton,,,100.0,91.0,20.0,4.2,6.8,4.5,70.0,77.0,220.0,0.65,1.0,343.0,9.6,145.0,150.0,,,
1011,160.0,Monacor,Haut parleur a cone,SPH-250KE,8 ohm,Ferrite,Cylindrique,0.41,0.45,5.25,Aluminium,Caoutchouc,Kapton,,,100.0,90.0,23.0,3.3,6.1,4.75,45.0,51.0,204.0,0.53,0.7,346.0,9.4,120.0,150.0,,,
1012,107.0,Monacor,Haut parleur a cone,SPH-250TC,8+8 ohm,Ferrite,Cylindrique,0.25,0.27,3.31,Aluminium,Caoutchouc,Kapton,,,100.0,91.0,26.0,4.1,6.8,4.5,55.0,96.0,84.0,0.53,1.1,346.0,11.1,145.0,150.0,,,
1013,213.0,Monacor,Haut parleur a cone,SPH-300KE,8 ohm,Ferrite,Cylindrique,0.33,0.36,4.15,Aluminium,Caoutchouc,Fibre de verre,,,120.0,90.0,22.0,4.8,6.2,6.5,65.0,61.0,250.0,0.71,1.5,496.0,12.5,145.0,200.0,,,
1014,64.0,Monacor,Haut parleur a cone,SPH-30X/4SW,4 ohm,Neodymium,Non cylindrique,0.42,0.39,9.35,Acier,Caoutchouc,Kapton,,,20.0,87.0,105.0,,3.55,2.0,2.63,269.0,1.06,0.31,0.5,30.0,3.91,,50.0,,,
1015,64.0,Monacor,Haut parleur a cone,SPH-30X/8SW,8 ohm,Neodymium,Non cylindrique,0.42,0.49,8.59,Acier,Caoutchouc,Kapton,,,20.0,87.0,105.0,,5.7,2.0,2.65,214.0,1.3,0.3,0.5,30.0,4.48,,50.0,,,
1016,442.0,Monacor,Haut parleur a cone,SPH-380TC,4+4 ohm,Ferrite,Cylindrique,0.28,0.31,2.81,Aluminium,Caoutchouc,Aluminium,,,250.0,89.0,21.5,12.8,3.6,11.1,199.5,69.0,275.0,0.85,1.1,845.0,25.0,180.0,400.0,,,
1017,209.0,Monacor,Haut parleur a cone,SPH-390TC,8+8 ohm,Ferrite,Cylindrique,0.26,0.29,6.36,Acier,Caoutchouc,Kapton,,,150.0,96.0,23.0,7.6,6.0,7.0,160.0,79.0,287.0,1.16,1.3,850.0,16.72,182.0,300.0,,,
1018,50.0,Monacor,Haut parleur a cone,SPH-5M,8 ohm,Ferrite,Cylindrique,0.41,0.47,2.89,Aluminium,Caoutchouc,Aluminium,,,40.0,88.0,45.0,1.5,6.3,3.5,11.73,96.0,13.5,0.26,0.54,95.0,6.42,100.0,80.0,,,
1019,41.0,Monacor,Haut parleur bicone,SPH-60X,8 ohm,Ferrite,Non cylindrique,0.42,0.53,2.17,Acier,Tissu,Aluminium,,,30.0,89.0,60.0,1.1,6.2,1.3,5.9,113.0,9.0,0.36,0.4,80.0,5.1,100.0,60.0,,,
1020,79.0,Monacor,Haut parleur a cone,SPH-6M,8 ohm,Ferrite,Cylindrique,0.3,0.35,2.26,Aluminium,Caoutchouc,Aluminium,,,60.0,88.0,39.0,,6.33,4.0,20.0,111.0,17.6,0.29,0.82,127.0,9.68,100.0,120.0,,,
1021,25.0,Monacor,Haut parleur a cone,SPH-75/8,8 ohm,Ferrite,Non cylindrique,0.56,0.65,3.9,Acier,Caoutchouc,Kapton,,,15.0,83.0,85.0,0.42,6.2,0.75,2.7,131.0,1.9,0.18,0.15,32.0,3.4,70.0,30.0,,,
1022,112.0,Monacor,Haut parleur a cone,SPH-8M,8 ohm,Ferrite,Cylindrique,0.41,0.5,2.26,Aluminium,Caoutchouc,Aluminium,,,100.0,89.0,35.0,2.3,6.5,4.5,27.0,70.0,44.0,0.37,0.78,240.0,9.01,110.0,150.0,,,
1023,18.0,Monacor,Haut parleur a cone,SPM-100/8,8 ohm,Ferrite,Non cylindrique,0.67,1.01,4.96,Acier,Caoutchouc,Aluminium,,Papier,25.0,86.0,75.0,0.57,7.2,1.0,4.4,74.0,4.0,0.17,0.4,57.0,4.1,70.0,50.0,,,
1024,19.0,Monacor,Haut parleur a cone,SPM-116/8,8 ohm,Ferrite,Cylindrique,0.57,0.81,1.9,Acier,Caoutchouc,Aluminium,,Papier,40.0,87.0,75.0,,7.2,1.5,3.8,93.0,4.5,0.23,0.4,57.0,4.2,70.0,80.0,,,
1025,38.0,Monacor,Haut parleur a cone,SPM-165/8,8 ohm,Ferrite,Non cylindrique,0.55,0.67,2.7,Acier,Caoutchouc,Aluminium,,,60.0,88.0,49.0,,7.2,3.0,10.3,73.0,33.0,0.56,0.6,140.0,5.8,80.0,150.0,,,
1026,35.0,Monacor,Haut parleur bicone,SPM-200X/4,4 ohm,Ferrite,Cylindrique,0.97,1.52,2.69,Acier,,Aluminium,,,30.0,94.0,89.0,0.85,3.7,1.0,9.9,59.0,14.9,0.67,0.2,201.0,3.9,70.0,60.0,,,
1027,42.0,Monacor,Haut parleur a cone,SPM-205/4,4 ohm,Ferrite,Non cylindrique,0.55,0.68,2.71,Acier,Caoutchouc,Aluminium,,,70.0,89.0,37.0,1.2,3.6,3.0,18.0,54.0,72.0,0.52,0.65,210.0,4.75,80.0,150.0,,,
1028,37.0,Monacor,Haut parleur a cone,SPM-205/8,8 ohm,Ferrite,Non cylindrique,0.7,0.92,2.95,Acier,Caoutchouc,Aluminium,,,70.0,89.0,37.0,1.2,7.2,3.0,22.0,40.0,54.0,0.29,0.7,210.0,6.5,80.0,150.0,,,
1029,147.0,Monacor,Haut parleur a cone,SP-10/250PRO,8 ohm,Ferrite,Cylindrique,0.33,0.35,6.16,Aluminium,Tissu,Kapton,,,250.0,94.0,47.0,5.6,7.1,7.0,51.0,134.0,40.7,1.16,0.83,380.0,18.3,169.0,500.0,,,
1030,35.0,Monacor,Haut parleur a cone,SP-100/8,8 ohm,Ferrite,Non cylindrique,0.37,0.44,2.28,Acier,Caoutchouc,,,,30.0,88.0,61.0,0.68,6.5,2.5,5.5,139.0,4.7,0.24,0.4,52.0,5.5,80.0,60.0,,,
1031,174.0,Monacor,Haut parleur a cone,SP-10A/302PA,8 ohm,Ferrite,Cylindrique,0.3,0.31,7.44,Aluminium,Tissu,Kapton,,,300.0,98.0,55.0,5.3,6.4,4.0,35.0,177.0,40.0,2.07,0.65,346.0,15.82,154.0,600.0,,,
1032,147.0,Monacor,Haut parleur a cone,SP-12/200PA,8 ohm,Ferrite,Cylindrique,0.33,0.35,5.2,Acier,Tissu,Kapton,,Papier,200.0,100.0,45.0,6.2,6.8,4.0,43.0,129.0,114.0,2.85,1.2,531.0,15.4,180.0,400.0,,,
1033,162.0,Monacor,Haut parleur a cone,SP-12A/302PA,8 ohm,Ferrite,Cylindrique,0.34,0.35,7.87,Aluminium,Tissu,Kapton,,,300.0,99.0,50.0,,6.4,5.0,50.0,143.0,77.0,2.64,0.8,530.0,16.98,154.0,600.0,,,
1034,280.0,Monacor,Haut parleur a cone,SP-15A/402PA,8 ohm,Ferrite,Cylindrique,0.31,0.33,7.45,Aluminium,Tissu,Kapton,,,400.0,100.0,36.0,8.8,6.5,5.0,87.0,109.0,235.0,3.19,0.9,881.0,19.9,190.0,800.0,,,
1035,27.0,Monacor,Haut parleur a cone,SP-167C,4 ohm,Ferrite,Cylindrique,0.39,0.45,2.89,Acier,Mousse,Aluminium,,,50.0,91.0,49.0,1.3,3.7,4.0,12.0,109.0,22.0,0.56,0.2,137.0,5.6,100.0,100.0,,,
1036,31.0,Monacor,Haut parleur a cone,SP-167E,4 ohm,Ferrite,Cylindrique,0.41,0.48,2.78,Acier,Mousse,Aluminium,,Papier,35.0,92.0,62.0,1.3,3.9,2.5,9.3,129.0,17.88,0.86,0.6,135.0,5.43,100.0,70.0,,,
1037,175.0,Oberton,Haut-parleur coaxial a deux entrees,10CX,8+16 ohm,Ferrite,Cylindrique,0.38,0.39,11.11,Aluminium,Tissu,,CCAW (fil alu recouvert de cuivre),,200.0,96.0,64.22,,5.2,4.25,27.25,165.0,32.32,2.11,0.68,297.0,12.05,,400.0,9.0,13.0,
1038,252.0,Oberton,Haut parleur a cone,10NCX1,8+16 ohm,Neodymium,Cylindrique,0.41,0.43,9.96,Aluminium,Tissu,Kapton,Aluminium,,200.0,96.0,67.95,2.7,5.35,4.75,26.9,158.0,11.98,0.84,0.84,317.3,11.98,,400.0,9.0,14.0,
1039,893.0,Oberton,Haut-parleur coaxial a deux entrees,12H4CX72,8+16 ohm,Neodymium,Cylindrique,0.252,0.259,10.326,Aluminium,,,,,400.0,98.0,49.9,10.1,6.5,4.5,50.36,193.0,74.72,3.45,0.445,515.0,19.92,,,12.0,6.0,
1040,433.0,Oberton,Haut parleur a cone,12NSW600,8 ohm,Neodymium,Cylindrique,0.32,0.33,7.28,,Tissu,,,,600.0,93.0,41.97,,6.0,14.25,85.34,127.0,62.34,1.35,0.63,514.7,20.2,,1200.0,11.0,34.0,
1041,246.0,Oberton,Haut parleur a cone,15MB601,8 ohm,Ferrite,Cylindrique,0.17,0.17,10.94,Aluminium,Tissu,Fibre de verre,Cuivre,,600.0,98.0,32.4,11.2,5.23,5.5,113.28,191.0,204.0,3.92,1.05,829.6,26.38,220.0,1200.0,9.0,15.0,
1042,247.0,Oberton,Haut parleur a cone,15MB701,8 ohm,Ferrite,Cylindrique,0.27,0.27,12.03,Aluminium,Tissu,Fibre de verre,Cuivre,,,97.5,44.24,10.5,5.4,9.25,124.1,164.0,100.22,3.09,0.92,829.6,26.05,,,9.0,23.0,
1043,451.0,Oberton,Haut parleur a cone,15NMB601,8 ohm,Neodymium,Cylindrique,0.17,0.18,7.22,Aluminium,Tissu,Kapton,Cuivre,,600.0,100.0,43.25,8.4,5.49,5.25,89.65,240.0,145.15,6.27,1.01,830.0,27.43,,1200.0,9.0,15.0,
1044,457.0,Oberton,Haut parleur a cone,15NXB1000,8 ohm,Neodymium,Cylindrique,0.28,0.29,8.75,Aluminium,Tissu,Fibre de verre,Cuivre,,1000.0,97.0,37.34,8.1,5.23,9.0,156.94,129.0,105.5,1.82,1.98,829.6,25.99,,2000.0,14.0,25.0,
1045,462.0,Oberton,Haut parleur a cone,15NXB1201,8 ohm,Neodymium,Cylindrique,0.32,0.34,8.26,Aluminium,Tissu,Fibre de verre,Cuivre,,1200.0,97.0,38.49,8.8,5.3,12.0,146.79,113.0,111.94,1.81,0.71,829.6,23.62,,2400.0,10.0,29.0,
1046,437.0,Oberton,Haut parleur a cone,15NXL701,8 ohm,Neodymium,Cylindrique,0.3,0.31,8.45,Aluminium,Tissu,Fibre de verre,Aluminium,,700.0,99.0,43.4,7.9,5.3,9.25,101.61,140.0,127.09,3.22,0.52,829.6,21.71,,1400.0,9.0,23.0,
1047,247.0,Oberton,Haut parleur a cone,15PD601,8 ohm,Ferrite,Cylindrique,0.23,0.23,13.41,Aluminium,Tissu,Fibre de verre,Cuivre,,600.0,98.0,38.2,11.8,6.35,8.5,125.14,166.0,133.31,3.11,1.17,829.6,28.7,,1200.0,10.0,22.0,
1048,269.0,Oberton,Haut parleur a cone,15XB1000,8 ohm,Ferrite,Cylindrique,0.28,0.29,9.2,Aluminium,Tissu,Fibre de verre,Cuivre,,1000.0,97.0,37.2,13.2,5.19,9.0,158.39,128.0,111.02,1.9,1.9,829.6,25.64,,2000.0,14.0,25.0,
1049,278.0,Oberton,Haut parleur a cone,15XB1201,8 ohm,Ferrite,Cylindrique,0.31,0.32,7.84,Aluminium,Tissu,Fibre de verre,Cuivre,,1200.0,95.0,39.81,13.8,5.2,12.0,141.53,124.0,108.5,2.06,1.36,829.6,23.95,220.0,2400.0,10.0,29.0,
1050,249.0,Oberton,Haut parleur a cone,15XL601,8 ohm,Ferrite,Cylindrique,0.22,0.22,10.9,Aluminium,Tissu,Kapton,Aluminium,,600.0,100.0,40.9,10.9,5.4,5.25,96.91,186.0,150.32,4.49,1.09,829.6,24.7,,1200.0,11.0,16.0,
1051,259.0,Oberton,Haut parleur a cone,15XL701,8 ohm,Ferrite,Cylindrique,0.28,0.29,10.07,Aluminium,Tissu,Fibre de verre,Aluminium,,700.0,98.0,45.25,12.7,5.3,8.75,101.61,156.0,116.99,3.59,1.05,829.6,23.07,,1400.0,11.0,23.0,
1052,296.0,Oberton,Haut parleur a cone,18B35,8 ohm,Ferrite,Cylindrique,0.32,0.34,8.05,Aluminium,Tissu,Fibre de verre,CCAW (alu recouvert de cuivre),,700.0,99.0,31.76,10.0,4.88,9.0,129.55,93.0,333.62,3.02,0.61,1110.0,19.34,,1400.0,12.0,24.0,
1053,401.0,Oberton,Haut parleur a cone,18XB1500V2,8 ohm,Ferrite,,0.23,0.23,10.52,Aluminium,Tissu,Fibre de verre,Cuivre,,1500.0,,35.8,18.2,5.28,11.0,212.0,156.0,192.5,3.69,1.53,1158.0,31.58,,3000.0,14.0,29.0,
1054,401.0,Oberton,Haut parleur a cone,18XB1600V2,8 ohm,Ferrite,Cylindrique,0.28,0.29,8.74,Aluminium,Tissu,Fibre de verre,Cuivre,,1600.0,97.0,32.5,18.2,5.3,12.5,231.0,112.0,267.0,3.04,1.46,1158.0,29.6,,3200.0,14.0,32.0,
1055,179.0,Oberton,Haut parleur a cone,8NM201,8 ohm,Neodymium,Non cylindrique,0.29,0.29,10.97,Aluminium,Tissu,Fibre de verre,Aluminium,,200.0,98.0,102.81,2.1,5.15,2.75,16.6,355.0,8.07,2.91,0.4,202.0,13.71,,400.0,9.0,10.0,
1056,217.0,Oberton,Haut parleur a cone,8NMB250v4,8 ohm,Neodymium,Non cylindrique,0.26,0.27,6.38,Aluminium,Tissu,Fibre de verre,CCAW (alu recouvert de cuivre),,250.0,96.0,82.03,2.6,6.56,4.5,19.32,304.0,10.89,2.14,0.13,202.0,14.26,,500.0,6.0,12.0,
1057,90.0,Peerless,Haut parleur a cone,,8 ohm,Ferrite,Cylindrique,0.44,0.49,4.19,,,,,,233.0,96.65,62.6,4.9,5.48,5.27,50.08,128.0,54.81,2.64,0.54,547.0,14.9,,,,,
1058,65.0,Peerless,Haut parleur a cone,HDS-P830869,8 ohm,Ferrite,Non cylindrique,0.38,0.4,5.68,Aluminium,Caoutchouc,,,,30.0,88.84,33.5,1.7,5.84,7.5,28.61,84.0,57.56,0.52,0.75,227.0,9.34,102.0,,6.0,,
1059,53.0,Peerless,Haut parleur a cone,HDS-P830875,8 ohm,Ferrite,Non cylindrique,0.39,0.45,3.39,Aluminium,Caoutchouc,,,,30.0,88.25,48.1,1.6,6.46,7.34,17.08,107.0,18.62,0.45,0.46,143.0,8.65,102.0,,6.0,,
1060,60.0,Peerless,Haut parleur a cone,HDS-P830883,8 ohm,Ferrite,Cylindrique,0.67,0.97,2.18,Aluminium,Caoutchouc,,,,30.0,87.18,67.5,1.7,5.89,7.62,23.68,70.0,6.81,0.21,0.22,143.0,7.8,102.0,,6.0,,
1061,17.0,Peerless,Haut parleur a cone,PLS-P830970,4 ohm,Neodymium,Non cylindrique,0.69,0.87,3.38,,,,,,25.0,82.29,213.2,,3.49,2.65,1.43,245.0,0.11,0.12,0.04,14.0,2.78,,,,,
1062,17.0,Peerless,Haut parleur a cone,PLS-P830983,4 ohm,Neodymium,Non cylindrique,0.71,0.81,5.63,,Caoutchouc,,,,25.0,82.0,175.63,0.13,3.6,1.7,1.6,217.0,0.16,0.11,0.03,15.2,2.83,,,3.0,,
1063,20.0,Peerless,Haut parleur a cone,PLS-P830984,8 ohm,Neodymium,Carre,0.75,0.87,5.46,,,,,,25.0,82.65,114.1,0.15,6.28,3.38,2.27,131.0,0.55,0.1,0.1,21.0,3.43,,,,,
1064,20.0,Peerless,Haut parleur a cone,PLS-P830985,4 ohm,Neodymium,Carre,0.71,0.86,4.0,,,,,,30.0,81.86,121.9,0.14,3.6,2.65,2.29,142.0,0.48,0.1,0.06,21.0,2.72,,,,,
1065,22.0,Peerless,Haut parleur a cone,PLS-P830986,8 ohm,Neodymium,Non cylindrique,0.8,0.94,5.2,Plastique,Caoutchouc,,,,25.0,84.17,111.2,,6.21,3.38,2.6,118.0,0.83,0.12,0.12,27.0,3.45,,,4.0,,
1066,21.0,Peerless,Haut parleur a cone,PLS-P830987,8 ohm,Neodymium,Non cylindrique,1.03,1.22,6.74,Plastique,Caoutchouc,,,,25.0,81.75,109.6,,6.23,3.38,2.49,90.0,0.99,0.11,0.12,27.0,2.97,,,4.0,,
1067,17.0,Peerless,Haut parleur a cone,SDS-P830656,8 ohm,Ferrite,Non cylindrique,0.62,0.76,3.47,,,,,,60.0,86.07,65.0,0.68,5.88,5.46,9.67,86.0,6.58,0.23,0.49,87.0,5.53,,,,,
1068,45.0,Peerless,Haut parleur a cone,SLS-P830667,8 ohm,Ferrite,Cylindrique,0.75,0.84,7.21,Acier,Caoutchouc,,,,90.0,86.51,45.8,2.5,5.55,11.08,36.37,55.0,19.0,0.21,0.83,201.0,8.33,115.0,,8.0,,
1069,64.0,Peerless,Haut parleur a cone,SLS-P830668,8 ohm,Ferrite,Cylindrique,0.59,0.65,7.28,Acier,Caoutchouc,,,,70.0,88.8,34.5,2.7,5.56,10.92,57.3,53.0,62.94,0.39,1.46,346.0,10.34,115.0,,8.0,,
1070,83.0,Peerless,Haut parleur a cone,SLS-P830669,8 ohm,Ferrite,Cylindrique,0.64,0.68,9.98,,,,,,100.0,88.65,34.2,3.2,5.57,10.92,78.47,50.0,106.85,0.61,1.12,523.0,11.76,134.0,,,,
1071,692.0,Peerless,Haut parleur a cone,,4 ohm,Ferrite,Cylindrique,0.46,0.47,14.74,Aluminium,Caoutchouc,,,,2500.0,82.0,21.1,,2.99,22.4,566.87,45.0,84.93,0.17,2.35,775.0,21.85,147.0,,36.0,,
1072,468.0,Peerless,Haut parleur a cone,,4 ohm,Ferrite,Cylindrique,0.42,0.44,9.31,Aluminium,Caoutchouc,,,,400.0,87.16,25.9,17.4,2.83,23.9,348.04,59.0,91.21,0.35,1.14,771.0,19.2,220.0,,18.0,,
1073,208.0,Peerless,Haut parleur a cone,,8 ohm,Ferrite,Cylindrique,0.58,0.6,15.88,Acier,Tissu,,,,600.0,93.69,33.4,12.0,6.77,15.93,188.53,56.0,219.87,1.32,1.42,1134.0,21.09,224.0,,10.0,,
1074,46.0,Peerless,Haut parleur a cone,,8 ohm,Ferrite,Cylindrique,0.64,0.74,4.58,,,,,,100.0,94.31,67.9,2.2,5.3,4.3,29.53,92.0,36.05,1.47,0.5,370.0,9.48,110.0,,,,
1075,86.0,Peerless,Haut parleur a cone,,4 ohm,,Cylindrique,0.51,0.54,8.3,,,,,,200.0,85.32,38.0,3.2,3.56,9.17,107.21,70.0,22.83,0.23,2.81,314.0,12.94,,,,,
1076,72.0,Peerless,Haut parleur a cone,,8 ohm,Ferrite,Cylindrique,0.36,0.39,4.75,,,,,,167.0,95.33,65.4,3.5,5.78,5.07,30.25,168.0,38.54,2.66,0.75,373.0,13.56,,,,,
1077,79.0,Peerless,Haut parleur a cone,,8 ohm,Ferrite,Cylindrique,0.55,0.59,8.67,,,,,,167.0,96.07,61.8,,5.91,5.07,45.31,105.0,61.11,2.35,0.7,543.0,13.3,,,,,
1078,260.0,Peerless,Haut parleur a cone,,8 ohm,Neodymium,Cylindrique,0.37,0.39,6.15,Aluminium,,,,,600.0,97.06,62.9,5.0,5.59,7.93,58.61,161.0,46.31,2.84,0.74,547.0,18.13,147.0,,10.0,,
1079,118.0,Peerless,Haut parleur a cone,,8 ohm,Ferrite,Cylindrique,0.24,0.25,4.98,,,,,,350.0,98.05,41.3,6.3,5.25,4.67,87.41,165.0,179.83,4.87,1.19,866.0,21.76,,,,,
1080,346.0,Peerless,Haut parleur a cone,,8 ohm,Neodymium,Cylindrique,0.32,0.33,7.68,Aluminium,,,,,1200.0,98.09,54.0,8.4,5.13,8.2,107.97,164.0,86.47,3.97,0.78,871.0,23.88,147.0,,12.0,,
1081,24.0,Peerless,Haut parleur a cone,,4 ohm,Ferrite,Non cylindrique,0.36,0.39,5.41,Acier,Caoutchouc,,,,30.0,82.95,73.2,0.88,3.19,6.5,4.86,188.0,1.43,0.14,0.17,32.0,4.3,71.0,,6.0,,
1082,34.0,Peerless,Haut parleur a cone,,4 ohm,,Non cylindrique,0.59,0.68,4.33,,,,,,35.0,84.8,64.3,0.82,3.33,5.37,12.29,95.0,5.3,0.2,0.44,87.0,4.93,,,,,
1083,24.0,Peerless,Haut parleur a cone,,8 ohm,Ferrite,Cylindrique,0.58,0.76,2.41,,,,,,90.0,91.24,121.9,1.0,5.9,4.33,6.99,160.0,3.48,0.8,0.28,100.0,6.44,90.0,,,,
1084,41.0,Peerless,Haut parleur a cone,,4 ohm,Ferrite,Non cylindrique,0.4,0.44,4.36,,,,,,80.0,84.48,55.9,1.5,2.82,7.0,17.0,127.0,4.68,0.18,0.31,83.0,6.19,102.0,,,,
1085,24.0,Peerless,Haut parleur a cone,,4 ohm,Ferrite,Cylindrique,0.4,0.45,3.68,Acier,Caoutchouc,Aluminium,,,50.0,84.03,57.8,0.96,3.12,7.2,20.43,128.0,3.94,0.17,1.06,87.0,7.2,80.0,,,6.0,
1086,53.0,Peerless,Haut parleur a cone,,4 ohm,Ferrite,Non cylindrique,0.43,0.45,7.42,Acier,Caoutchouc,,,,75.0,84.63,47.3,2.5,2.73,10.87,40.6,105.0,6.03,0.14,0.68,124.0,8.51,115.0,,8.0,24.4,
1087,13.0,Peerless,Haut parleur a cone,,4 ohm,Ferrite,Non cylindrique,1.14,1.56,4.33,Acier,Caoutchouc,,,,10.0,79.9,169.1,0.17,3.54,2.1,1.42,108.0,0.21,0.07,0.04,15.0,1.85,,,3.0,,
1088,15.0,Peerless,Haut parleur a cone,,4 ohm,Neodymium,Carre,0.85,1.09,3.88,,,,,,15.0,82.04,187.9,80.0,3.42,2.0,1.25,172.0,0.19,0.12,0.04,15.0,2.15,,,,,
1089,15.0,Peerless,Haut parleur a cone,,4 ohm,Neodymium,Carre,0.45,0.51,4.29,,,,,,5.0,81.14,169.3,,3.6,2.67,0.66,332.0,0.12,0.11,0.08,8.0,2.23,34.0,,,,
1090,35.0,Peerless,Haut parleur a cone,,4 ohm,Neodymium,Cylindrique,0.68,0.73,10.26,,,,,,25.0,82.19,110.5,0.24,3.69,3.08,2.12,151.0,0.67,0.12,0.07,22.0,2.73,,,,,
1091,12.0,Peerless,Haut parleur a cone,,4 ohm,Ferrite,Carre,1.08,1.48,3.97,,,,,,20.0,82.14,158.1,0.18,3.45,2.0,1.81,107.0,0.39,0.1,0.05,22.0,2.05,,,,,
1092,14.0,Peerless,Haut parleur a cone,,8 ohm,,,0.97,1.44,2.97,,,,,,30.0,84.03,134.7,0.3,6.23,3.88,2.67,94.0,0.98,0.16,0.11,36.0,3.13,,,,,
1093,7.0,Peerless,Haut parleur a cone,,4 ohm,Neodymium,Cylindrique,0.72,2.14,1.09,,,,,,1.0,76.79,397.7,,3.55,0.68,0.16,186.0,0.01,0.03,0.02,2.0,0.81,,,,,
1094,15.0,Peerless,Haut parleur a cone,,4 ohm,Neodymium,Rectangle,1.35,2.52,2.92,,Caoutchouc,,,,1.0,79.17,335.2,20.0,4.26,0.8,0.37,133.0,0.05,0.08,0.05,7.0,1.14,,,1.2,,
1095,20.0,Peerless,Tweeter a dome,,4 ohm,Neodymium,Cylindrique,1.01,1.17,7.36,,,Aluminium,,,15.0,87.16,832.0,,3.22,0.87,0.36,711.0,0.01,0.48,0.02,7.0,2.27,,100.0,2.0,,
1096,31.0,Peerless,Tweeter a dome,,4 ohm,Ferrite,Cylindrique,0.44,0.54,2.36,,,,,,15.0,88.88,441.0,,3.06,1.13,0.3,817.0,0.04,0.61,0.01,8.0,2.15,,,,,
1097,30.0,Peerless,Tweeter a dome,,6 ohm,Ferrite,Cylindrique,0.54,1.03,1.13,,,,,,15.0,90.6,902.6,0.51,4.88,0.97,0.3,876.0,0.01,0.69,0.04,7.0,2.83,72.0,,,,
1098,17.0,Peerless,Tweeter a dome,,4 ohm,Neodymium,Cylindrique,1.23,1.54,6.17,,,,,,16.0,85.86,1021.7,42.0,3.2,0.7,0.13,663.0,0.01,0.67,0.01,5.0,1.34,,,,,
1099,61.0,Peerless,Tweeter a dome,,8 ohm,Ferrite,Cylindrique,0.58,0.83,1.87,,,,,Corundum,15.0,88.07,641.6,1.1,6.94,1.72,0.25,773.0,0.02,0.62,0.03,7.0,2.93,90.0,,4.0,,
1100,72.0,Peerless,Tweeter a dome,,8 ohm,Ferrite,Cylindrique,0.46,0.62,1.73,,,,,Corundum,25.0,89.52,629.0,1.3,6.83,1.78,0.48,1.0,0.03,1.16,0.03,12.0,4.59,90.0,,4.5,,
1101,385.0,Peerless,Haut parleur a cone,,4 ohm,Ferrite,Cylindrique,0.36,0.37,9.71,Aluminium,Caoutchouc,,,,350.0,84.27,27.3,16.3,2.94,25.23,255.48,74.0,45.5,0.25,1.14,491.0,18.68,220.0,,18.0,,
1102,142.0,Peerless,Haut parleur a cone,XLS-P830452,4 ohm,Ferrite,Cylindrique,0.29,0.31,4.14,Aluminium,Caoutchouc,,,,150.0,83.55,24.6,5.9,4.15,15.17,119.75,79.0,60.33,0.28,1.7,350.0,15.67,147.0,,8.0,,
1103,186.0,Peerless,Haut parleur a cone,XXLS-P830845,8 ohm,Ferrite,Cylindrique,0.52,0.55,8.55,Aluminium,Caoutchouc,,,,175.0,86.9,27.04,6.4,5.66,12.5,98.1,49.0,119.47,0.42,0.79,490.9,13.06,147.0,,8.0,,
1104,189.0,Peerless,Haut parleur a cone,XXLS-P835017,4 ohm,Ferrite,Cylindrique,0.43,0.44,10.37,,,,,,120.0,85.82,23.4,6.4,2.58,14.97,128.97,53.0,132.85,0.38,0.43,511.0,10.49,147.0,,,,
1105,171.0,Peerless,Haut parleur a cone,XXLS-P835037,4 ohm,Ferrite,Cylindrique,0.43,0.45,9.83,Aluminium,Caoutchouc,,,,120.0,86.5,28.27,6.9,2.71,12.3,93.8,63.0,56.93,0.28,0.5,346.4,10.07,147.0,,8.0,,
1106,194.0,PHL Audio,Haut parleur a cone,1752NdU,8 ohm,Neodymium,Non cylindrique,0.3,0.33,2.61,Zamak,Tissu,Fibre de verre,CCAR (ruban alu recouvert de cuivre),Fibre de carbone,200.0,95.5,119.0,1.9,5.2,3.0,12.2,361.0,4.38,2.15,0.31,145.0,11.9,98.0,400.0,8.0,11.0,2.16
1107,217.0,PHL Audio,Haut parleur a cone,3861,8 ohm,Ferrite,Non cylindrique,0.27,0.3,3.07,Zamak,Mousse,Fibre de verre,CCAR (ruban alu recouvert de cuivre),Fibre de carbone,250.0,98.0,88.0,8.3,5.7,2.5,40.0,293.0,16.46,3.59,0.67,377.0,20.5,204.0,500.0,10.0,12.0,3.65
1108,122.0,PHL Audio,Haut parleur a cone,1040,8 ohm,Ferrite,Non cylindrique,0.52,0.59,4.29,Zamak,Mousse,Fibre de verre,CCAR (ruban alu recouvert de cuivre),Tissu,160.0,95.5,150.0,,5.3,2.0,9.1,254.0,3.92,2.16,0.21,150.0,8.8,117.5,320.0,6.0,8.0,2.21
1109,144.0,PHL Audio,Haut parleur a cone,1050,16 ohm,Ferrite,Non cylindrique,0.49,0.56,4.29,Zamak,Mousse,Fibre de verre,CCAR (ruban alu recouvert de cuivre),Tissu,160.0,95.5,150.0,,11.7,2.0,9.1,268.0,3.92,2.27,0.5,150.0,13.4,117.5,320.0,6.0,7.5,2.32
1110,134.0,PHL Audio,Haut parleur a cone,1120,8 ohm,Ferrite,Non cylindrique,0.56,0.63,5.25,Zamak,Mousse,Fibre de verre,CCAR (ruban alu recouvert de cuivre),Tissu,130.0,94.5,135.0,,5.4,2.0,9.9,214.0,4.45,1.67,0.21,150.0,8.5,117.5,260.0,6.0,10.0,1.71
1111,148.0,PHL Audio,Haut parleur a cone,1130,16 ohm,Ferrite,Non cylindrique,0.54,0.61,5.27,Zamak,Mousse,Fibre de verre,CCAR (ruban alu recouvert de cuivre),Tissu,130.0,94.5,134.0,2.2,11.6,2.0,10.0,220.0,4.45,1.69,0.47,150.0,12.7,117.5,260.0,6.0,10.0,1.74
1112,128.0,PHL Audio,Haut parleur a cone,1220,8 ohm,Ferrite,Non cylindrique,0.33,0.37,3.76,Zamak,Caoutchouc,Fibre de verre,CCAR (ruban alu recouvert de cuivre),Fibre de carbone,100.0,91.5,55.0,,6.1,4.0,12.0,149.0,20.32,0.88,0.23,143.0,8.3,117.5,200.0,6.0,13.0,0.9
1113,131.0,PHL Audio,Haut parleur a cone,1230,16 ohm,Ferrite,Non cylindrique,0.31,0.34,3.59,Zamak,Caoutchouc,Fibre de verre,CCAR (ruban alu recouvert de cuivre),Fibre de carbone,100.0,92.0,54.0,,12.1,4.5,11.7,159.0,21.77,0.97,0.46,143.0,11.9,117.5,200.0,6.0,12.0,0.98
1114,146.0,PHL Audio,Haut parleur a cone,1280,8 ohm,Ferrite,Non cylindrique,0.32,0.35,3.6,Zamak,Caoutchouc,Fibre de verre,CCAR (ruban alu recouvert de cuivre),,100.0,92.0,57.0,,6.1,5.0,11.0,163.0,17.47,0.89,0.23,133.0,8.3,117.5,200.0,6.0,13.0,0.92
1115,127.0,PHL Audio,Haut parleur a cone,1330,8 ohm,Ferrite,Non cylindrique,0.21,0.22,3.63,Zamak,Caoutchouc,Fibre de verre,,Papier,100.0,93.5,53.0,,6.1,4.0,12.0,241.0,21.81,1.42,0.31,143.0,10.5,117.5,200.0,6.0,10.3,1.44
1116,177.0,PHL Audio,Haut-parleur coaxial a deux entrees,1460TWX,8 ohm,Ferrite,Non cylindrique,0.26,0.28,3.35,Zamak,Caoutchouc,Fibre de verre,CCAR (ruban alu recouvert de cuivre),,100.0,91.5,44.0,,6.1,4.0,11.5,157.0,28.39,0.83,0.23,133.0,8.3,117.5,200.0,6.0,13.0,0.84
1117,178.0,PHL Audio,Haut-parleur coaxial a une entree,1530,16 ohm,Ferrite,Non cylindrique,0.46,0.5,5.32,Zamak,Mousse,Fibre de verre,CCAR (ruban alu recouvert de cuivre),Tissu,200.0,92.5,130.0,2.7,10.6,2.5,13.0,260.0,2.7,1.14,0.55,129.0,15.0,137.0,400.0,6.0,7.5,1.16
1118,225.0,PHL Audio,Haut parleur a cone,1660NdM-SQ2,8 ohm,Neodymium,Non cylindrique,0.9,0.98,11.76,Zamak,Mousse,Fibre de verre,CCAR (ruban alu recouvert de cuivre),Fibre de carbone,250.0,97.0,360.0,1.5,5.2,2.5,13.0,367.0,0.48,2.2,0.75,150.0,12.5,97.5,500.0,8.0,11.0,2.22
1119,213.0,PHL Audio,Haut parleur a cone,1670NdM-SQ2,16 ohm,Neodymium,Non cylindrique,0.68,0.72,11.85,,Mousse,,CCAR (ruban alu recouvert de cuivre),,250.0,97.0,305.0,1.6,11.6,2.5,13.0,424.0,0.7,2.65,1.66,150.0,20.0,97.5,,8.0,11.0,2.6
1120,164.0,PHL Audio,Haut parleur a cone,2420,8 ohm,Ferrite,Non cylindrique,0.33,0.37,3.77,Zamak,Tissu,Fibre de verre,,Fibre de carbone,200.0,93.5,72.0,,5.4,5.5,25.0,195.0,13.28,1.29,0.4,219.0,12.9,137.0,400.0,6.0,14.0,1.32
1121,162.0,PHL Audio,Haut parleur a cone,2460,8 ohm,Ferrite,Non cylindrique,0.45,0.5,4.17,Zamak,Tissu,Fibre de verre,CCAR (ruban alu recouvert de cuivre),Fibre de carbone,160.0,93.0,79.0,3.2,5.2,5.5,21.0,158.0,13.12,1.25,0.29,219.0,10.4,137.0,320.0,6.0,14.0,1.26
1122,209.0,PHL Audio,Haut-parleur coaxial a deux entrees,2490,8 ohm,Ferrite,Non cylindrique,0.33,0.37,3.77,Zamak,Tissu,Fibre de verre,,,200.0,92.5,72.0,,5.4,4.5,25.0,195.0,10.86,1.06,0.4,198.0,12.9,137.0,400.0,8.0,13.0,1.08
1123,203.0,PHL Audio,Haut parleur a cone,2513NdU,16 ohm,Neodymium,Non cylindrique,0.23,0.24,4.93,Zamak,Tissu,Fibre de verre,,Fibre de carbone,250.0,94.5,70.0,,11.3,4.0,28.0,292.0,12.55,1.73,1.4,219.0,24.0,97.0,500.0,8.0,13.0,1.74
1124,142.0,PHL Audio,Haut parleur a cone,2520,8 ohm,Ferrite,Non cylindrique,0.33,0.37,3.31,Zamak,Mousse,Fibre de verre,CCAR (ruban alu recouvert de cuivre),Fibre de carbone,200.0,97.0,109.0,4.5,5.6,2.0,19.3,295.0,9.0,3.03,1.02,241.0,14.3,158.0,,8.0,10.0,3.1
1125,180.0,PHL Audio,Haut parleur a cone,2520NdM,8 ohm,Ferrite,Non cylindrique,0.37,0.4,5.31,Zamak,Mousse,Fibre de verre,CCAR (ruban alu recouvert de cuivre),Fibre de carbone,200.0,98.0,110.0,2.0,5.8,2.0,20.0,275.0,8.6,2.75,0.99,241.0,14.2,97.0,,8.0,10.0,2.8
1126,159.0,PHL Audio,Haut parleur a cone,2530,16 ohm,Ferrite,Non cylindrique,0.38,0.44,2.75,Zamak,Mousse,Fibre de verre,CCAR (ruban alu recouvert de cuivre),Fibre de carbone,200.0,97.5,129.0,,11.6,2.0,17.0,293.0,7.38,3.46,0.87,241.0,19.0,158.0,400.0,8.0,10.0,3.48
1127,179.0,PHL Audio,Haut parleur a cone,2534NdM,16 ohm,Neodymium,Non cylindrique,0.47,0.51,5.46,Magnesium,Mousse,,CCAR (ruban alu recouvert de cuivre),,200.0,95.5,127.0,2.2,12.5,2.0,18.5,249.0,5.8,2.24,1.76,220.0,19.0,97.0,,8.0,11.0,2.3
1128,198.0,PHL Audio,Haut parleur a cone,2720,,Ferrite,Non cylindrique,0.26,0.27,3.76,Aluminium,Caoutchouc,,,,350.0,93.5,50.0,3.7,5.5,9.0,25.0,185.0,29.2,1.3,1.11,227.0,12.6,137.0,,9.0,22.0,1.3
1129,186.0,PHL Audio,Haut parleur a cone,2730,,Ferrite,Non cylindrique,0.26,0.27,5.33,Aluminium,Caoutchouc,,,,300.0,91.5,42.0,3.7,5.6,7.0,29.4,156.0,34.1,0.9,,222.0,12.6,137.0,,9.0,22.0,0.9
1130,174.0,PHL Audio,Haut parleur a cone,3020,8 ohm,Ferrite,Non cylindrique,0.38,0.41,4.27,Zamak,Tissu,Fibre de verre,CCAR (ruban alu recouvert de cuivre),Fibre de carbone,200.0,95.0,60.0,,5.3,5.0,34.0,146.0,37.22,1.89,0.43,356.0,12.8,158.0,400.0,8.0,14.0,1.9
1131,165.0,PHL Audio,Haut parleur a cone,3040,8 ohm,Ferrite,Non cylindrique,0.45,0.51,3.82,Zamak,Tissu,Fibre de verre,CCAR (ruban alu recouvert de cuivre),Fibre de carbone,160.0,97.0,91.0,,6.0,2.0,30.0,178.0,20.39,2.9,0.48,377.0,14.25,158.0,320.0,8.0,10.0,2.98
1132,215.0,PHL Audio,Haut parleur a cone,3411,8 ohm,Ferrite,Non cylindrique,0.23,0.24,5.91,Zamak,Tissu,Fibre de verre,,Papier,400.0,93.5,47.0,6.8,5.6,8.0,62.0,196.0,33.26,1.39,0.64,356.0,20.5,162.5,800.0,9.0,24.0,1.38
1133,200.0,PHL Audio,Haut parleur a cone,3430,8 ohm,Ferrite,Non cylindrique,0.3,0.33,4.71,Aluminium,Tissu,,CCAR (ruban alu recouvert de cuivre),Fibre de carbone,250.0,95.0,56.0,5.9,5.9,4.5,40.0,170.0,35.6,1.82,1.039,356.0,16.0,172.4,,8.0,15.0,1.9
1134,189.0,PHL Audio,Haut parleur a cone,3450,8 ohm,Ferrite,Non cylindrique,0.35,0.4,3.04,Aluminium,Mousse,,CCAR (ruban alu recouvert de cuivre),Fibre de carbone,200.0,97.0,91.0,5.9,5.0,2.5,34.0,228.0,17.8,3.22,1.014,377.0,15.7,172.4,,8.0,11.0,3.3
1135,253.0,PHL Audio,Haut-parleur coaxial a une entree,3491,6 ohm,Ferrite,Non cylindrique,0.26,0.28,6.08,Zamak,Tissu,Fibre de verre,,Tissu,250.0,94.0,53.0,1.5,4.2,6.0,47.5,189.0,28.19,1.44,0.49,324.0,15.5,172.4,500.0,8.0,17.0,1.48
1136,251.0,PHL Audio,Haut parleur a cone,4021,8 ohm,Ferrite,Non cylindrique,0.35,0.36,10.76,Zamak,Tissu,Fibre de verre,,Fibre de carbone,500.0,91.0,35.0,8.9,5.6,7.5,123.0,97.0,69.99,0.81,0.58,539.0,20.5,204.0,1000.0,10.0,20.0,0.81
1137,249.0,PHL Audio,Haut parleur a cone,4061,16 ohm,Ferrite,Non cylindrique,0.25,0.26,3.74,Zamak,Tissu,Fibre de verre,CCAR (ruban alu recouvert de cuivre),Fibre de carbone,350.0,97.0,49.0,9.1,12.2,5.0,58.0,188.0,74.11,3.22,1.16,539.0,28.8,204.0,700.0,10.0,15.0,3.28
1138,271.0,PHL Audio,Haut-parleur coaxial a une entree,4071-1,8 ohm,Ferrite,Non cylindrique,0.24,0.26,4.14,Zamak,Tissu,Fibre de verre,,Tissu,400.0,95.5,47.0,9.2,5.5,6.5,67.0,181.0,58.49,2.25,0.55,493.0,20.6,204.0,800.0,10.0,18.0,2.33
1139,200.0,PHL Audio,Haut parleur a cone,4071NdS-19,8 ohm,Neodymium,Non cylindrique,0.12,0.12,4.99,Aluminium,,,,,500.0,98.5,46.0,6.2,5.0,6.0,69.0,383.0,59.0,4.6,1.29,493.0,28.6,138.0,,12.0,17.5,4.5
1140,288.0,PHL Audio,Haut parleur a cone,4310NdU,8 ohm,Neodymium,Non cylindrique,0.27,0.28,4.62,Zamak,Tissu,Fibre de verre,,Papier,500.0,94.5,43.0,6.2,5.4,10.0,93.06,154.0,56.7,1.55,0.74,527.0,22.0,140.0,1000.0,10.0,25.0,1.61
1141,220.0,PHL Audio,Haut parleur a cone,4511,8 ohm,Ferrite,Non cylindrique,0.4,0.45,4.12,Zamak,Tissu,Fibre de verre,,Papier,300.0,94.5,48.0,,5.5,7.0,62.0,107.0,74.11,1.75,0.46,539.0,15.1,172.4,600.0,8.0,18.0,1.75
1142,199.0,PHL Audio,Haut parleur a cone,4531,8 ohm,Ferrite,Non cylindrique,0.4,0.43,5.51,Zamak,Tissu,Fibre de verre,,Fibre de carbone,300.0,94.0,46.0,,5.3,7.0,67.0,107.0,71.87,1.57,0.42,531.0,15.5,172.4,600.0,8.0,18.0,1.59
1143,271.0,PHL Audio,Haut parleur a cone,5021M,8 ohm,Ferrite,Non cylindrique,0.3,0.32,4.15,Aluminium,Tissu,,,,500.0,94.5,32.0,8.1,5.6,7.0,165.0,100.0,169.0,1.67,1.65,892.0,24.0,204.0,1000.0,10.0,20.0,1.7
1144,276.0,PHL Audio,Haut parleur a cone,5051,8 ohm,Ferrite,Non cylindrique,0.25,0.26,4.26,Magnesium,Tissu,Fibre de verre,,Papier,500.0,98.0,37.0,,5.6,6.0,110.0,142.0,189.57,3.55,0.74,892.0,23.4,204.0,1000.0,10.0,20.0,3.59
1145,298.0,PHL Audio,Haut-parleur coaxial a une entree,5232MNdU-19,8 ohm,Neodymium,Non cylindrique,0.27,0.29,3.78,Aluminium,Tissu,,,,400.0,97.5,43.0,5.1,5.6,7.5,112.0,148.0,123.7,3.26,,845.0,24.3,140.0,,10.0,20.0,3.4
1146,315.0,PHL Audio,Haut-parleur coaxial a une entree,5241M-1,8 ohm,Ferrite,Non cylindrique,0.28,0.3,3.71,Magnesium,Tissu,Fibre de verre,,Tissu,400.0,97.5,45.0,,5.6,7.5,105.0,150.0,120.48,3.52,,845.0,23.4,140.0,800.0,10.0,20.0,3.54
1147,384.0,PHL Audio,Haut parleur a cone,5510MNdS,8 ohm,Neodymium,Non cylindrique,0.32,0.34,6.76,Magnesium,Tissu,,,,400.0,95.5,30.0,5.1,6.4,9.0,107.0,88.0,293.0,2.24,1.33,892.0,19.7,138.0,,12.0,24.0,2.3
1148,318.0,PHL Audio,Haut parleur a cone,6031M,8 ohm,Ferrite,Non cylindrique,0.24,0.25,4.16,Magnesium,Tissu,Fibre de verre,,Fibre de carbone,1000.0,97.0,41.0,,5.6,8.5,147.0,164.0,118.33,3.14,0.92,892.0,29.0,224.4,2000.0,10.0,22.0,3.09
1149,367.0,PHL Audio,Haut-parleur coaxial a une entree,6121M-20,8 ohm,Ferrite,Non cylindrique,0.24,0.25,4.22,Magnesium,Tissu,Fibre de verre,,Tissu,800.0,96.5,39.0,,5.6,8.5,155.0,156.0,121.09,2.76,0.93,892.0,29.0,138.0,1600.0,10.0,22.0,2.78
1150,351.0,PHL Audio,Haut parleur a cone,6201MNd,8 ohm,Neodymium,Non cylindrique,0.27,0.29,5.22,Magnesium,Tissu,Fibre de verre,,Papier,1000.0,95.5,36.0,,5.3,10.5,150.0,124.0,140.0,2.17,0.66,871.0,25.0,140.0,2000.0,10.0,26.0,2.22
1151,461.0,PHL Audio,Haut parleur a cone,7231Nd,8 ohm,Neodymium,Non cylindrique,0.42,0.45,5.51,Aluminium,Tissu,,,,1000.0,95.5,36.0,7.4,6.4,12.5,195.0,80.0,222.0,2.21,1.58,1250.0,25.0,140.0,2000.0,10.0,30.0,2.2
1152,131.0,PHL Audio,Haut parleur a cone,900,8 ohm,Ferrite,Non cylindrique,0.37,0.41,3.81,Magnesium,Caoutchouc,Fibre de verre,CCAR (ruban alu recouvert de cuivre),Tissu,120.0,90.0,65.0,2.1,5.7,6.5,11.2,159.0,7.9,0.51,0.22,102.0,8.0,117.5,240.0,6.0,16.0,0.52
1153,146.0,PHL Audio,Haut parleur a cone,900Nd,8 ohm,Neodymium,Non cylindrique,0.36,0.4,3.81,Magnesium,Caoutchouc,Fibre de verre,CCAR (ruban alu recouvert de cuivre),Tissu,120.0,90.0,65.0,1.1,5.7,6.5,11.2,163.0,7.9,0.53,0.22,102.0,8.1,,240.0,6.0,16.0,0.53
1154,146.0,PHL Audio,Haut parleur a cone,930,8 ohm,Ferrite,Non cylindrique,0.5,0.57,3.96,Magnesium,Tissu,Fibre de verre,CCAR (ruban alu recouvert de cuivre),Tissu,100.0,92.0,130.0,2.1,5.7,4.5,9.2,228.0,2.58,0.96,0.24,106.0,8.7,117.5,200.0,6.0,12.0,0.98
1155,167.0,PHL Audio,Haut parleur a cone,930Nd,8 ohm,Neodymium,Non cylindrique,0.48,0.55,3.93,Magnesium,Tissu,Fibre de verre,CCAR (ruban alu recouvert de cuivre),Tissu,100.0,92.0,129.0,0.98,5.7,4.5,9.2,235.0,2.61,0.98,0.23,106.0,8.8,62.0,200.0,6.0,12.0,1.0
1156,176.0,PHL Audio,Haut parleur a cone,950Nd,8 ohm,Neodymium,Non cylindrique,0.59,0.66,5.99,Magnesium,Mousse,Fibre de verre,CCAR (ruban alu recouvert de cuivre),Fibre de carbone,80.0,94.0,200.0,0.98,5.1,2.0,8.1,303.0,1.32,1.54,0.24,109.0,8.9,62.0,160.0,6.0,7.5,1.58
1157,187.0,PHL Audio,Haut-parleur coaxial a deux entrees,970,8 ohm,Ferrite,Non cylindrique,0.36,0.4,3.75,Magnesium,Caoutchouc,Fibre de verre,CCAR (ruban alu recouvert de cuivre),Tissu,120.0,90.0,67.0,,5.7,6.5,10.7,168.0,6.27,0.46,0.21,92.0,8.0,,240.0,6.0,16.0,0.46
1158,201.0,PHL Audio,Haut-parleur coaxial a deux entrees,970Nd,8 ohm,Neodymium,Non cylindrique,0.35,0.39,3.75,Magnesium,Caoutchouc,Fibre de verre,CCAR (ruban alu recouvert de cuivre),Tissu,120.0,90.0,67.0,0.98,5.7,6.5,10.7,172.0,6.27,0.47,0.21,92.0,8.1,,240.0,6.0,16.0,0.47
1159,185.0,PHL Audio,Haut-parleur coaxial a deux entrees,982,8 ohm,Ferrite,Non cylindrique,0.46,0.52,3.65,Magnesium,Tissu,Fibre de verre,CCAR (ruban alu recouvert de cuivre),Tissu,100.0,92.0,130.0,2.2,5.7,4.5,8.5,250.0,2.3,0.94,0.24,96.0,8.7,117.5,200.0,6.0,12.0,0.94
1160,196.0,PHL Audio,Haut-parleur coaxial a deux entrees,982Nd,8 ohm,Neodymium,Non cylindrique,0.45,0.51,3.65,Magnesium,Tissu,Fibre de verre,CCAR (ruban alu recouvert de cuivre),Tissu,100.0,92.0,130.0,1.0,5.7,4.5,8.5,255.0,2.3,0.96,0.23,96.0,8.8,62.0,200.0,6.0,12.0,0.97
1161,428.0,Radian,Haut-parleur coaxial a deux entrees,10CRF6430,8+6 ohm,Ferrite + Neodymium,Non cylindrique,0.47,0.56,3.0,Aluminium,Tissu,Polyimide,CCAW (alu recouvert de cuivre),,300.0,96.0,65.0,4.2,5.3,5.5,31.0,116.0,35.3,1.67,0.74,363.0,10.9,140.0,600.0,8.0,15.0,
1162,488.0,Radian,Haut-parleur coaxial a deux entrees,12CRF6430,8+6 ohm,Ferrite + Neodymium,Non cylindrique,0.465,0.52,4.34,Aluminium,Tissu,Polyimide,CCAW (alu recouvert de cuivre),,280.0,97.0,48.0,5.2,5.4,5.5,52.0,92.0,76.0,1.56,0.85,510.0,12.8,,560.0,8.0,15.0,
1163,218.0,Radian,Haut parleur a cone,2215B,8 ohm,Ferrite,,0.3,0.32,3.8,Aluminium,Tissu,Fibre de verre,CCAW (alu recouvert de cuivre),,800.0,100.0,40.0,7.5,5.6,6.0,88.0,125.0,200.0,3.84,1.26,881.0,19.7,,1600.0,,,
1164,661.0,Radian,Haut parleur a cone,2216NEO,8 ohm,Neodymium,Cylindrique,0.19,0.2,3.3,Aluminium,Tissu,Fibre de verre,Aluminium,,800.0,96.5,40.0,8.8,5.4,9.0,165.0,200.0,114.0,3.51,0.93,880.0,33.0,,1600.0,10.0,23.0,
1165,380.0,Radian,Haut parleur a cone,2218,8 ohm,Ferrite,Cylindrique,0.52,0.63,3.16,Aluminium,Tissu,,Aluminium,,750.0,96.0,33.8,13.0,6.3,4.75,,54.0,158.6,0.94,,1300.0,,,1500.0,,,
1166,691.0,Radian,Haut parleur a cone,2218NEO,8 ohm,Neodymium,Cylindrique,0.23,0.25,3.2,Aluminium,Tissu,Fibre de verre,Aluminium,,800.0,99.0,30.0,,5.4,9.0,266.0,120.0,312.0,3.24,1.12,1320.0,33.0,,1600.0,10.0,23.0,
1167,627.0,Radian,Haut-parleur coaxial a deux entrees,5215B,8+8 ohm,Ferrite,Cylindrique,0.26,0.29,3.28,Aluminium,Polymere,Fibre de verre,CCAW (fil alu recouvert de cuivre),,545.0,99.0,40.0,15.6,5.3,5.5,88.0,138.0,202.0,4.28,1.3,880.0,20.0,,1170.0,10.0,16.5,
1168,847.0,Radian,Haut-parleur coaxial a deux entrees,5215NEO,8+8 ohm,Neodymium,Cylindrique,0.23,0.25,3.21,Aluminium,Polymere,Fibre de verre,CCAW (fil alu recouvert de cuivre),,700.0,100.0,44.0,8.0,6.3,5.5,82.0,176.0,175.0,5.73,1.4,880.0,20.0,118.62,1400.0,10.0,16.5,
1169,313.0,Radian,Haut-parleur coaxial a deux entrees,6CRF5130,8+6 ohm,Ferrite + Neodymium,Non cylindrique,0.49,0.64,2.1,Aluminium,Tissu,Polyimide,CCAW (alu recouvert de cuivre),,130.0,91.0,84.0,2.1,5.6,5.25,13.4,131.0,7.27,0.65,0.55,139.0,7.92,,260.0,6.0,13.5,
1170,403.0,Radian,Haut-parleur coaxial a deux entrees,6CRN38LT6,12+9 ohm,Neodymium,Non cylindrique,0.35,0.36,11.0,Aluminium,Caoutchouc,,CCAW (alu recouvert de cuivre),,120.0,94.0,82.0,1.8,8.3,5.0,11.5,228.0,9.3,1.37,0.6,138.0,11.6,172.0,200.0,5.0,12.5,
1171,118.0,Radian,Haut-parleur coaxial a deux entrees,6CRS5130-R,8+6 ohm,Ferrite + Neodymium,Cylindrique,0.58,0.73,3.0,Acier,Tissu,Polyimide,CCAW (alu recouvert de cuivre),,130.0,90.0,82.0,2.1,5.6,5.25,14.4,112.0,6.93,0.51,0.6,138.0,7.6,,260.0,6.0,13.5,
1172,332.0,Radian,Haut-parleur coaxial a deux entrees,8CRF5130-R,8+6 ohm,Ferrite + Neodymium,Cylindrique,0.47,0.51,6.1,Aluminium,Tissu,Polyimide,CCAW (alu recouvert de cuivre),,200.0,94.0,70.0,3.5,5.8,5.0,22.5,137.0,16.1,1.04,0.7,227.0,10.8,134.0,400.0,8.0,14.0,
1173,376.0,RCF,Haut parleur a cone,LF18N408,8 ohm,Neodymium,Cylindrique,0.33,0.36,3.6,Aluminium,Tissu,,Cuivre,,1500.0,97.0,30.0,11.4,4.3,15.0,284.0,83.0,193.0,1.39,1.56,1220.0,25.7,,3000.0,,,1.57
1174,489.0,RCF,Haut-parleur coaxial a deux entrees,CX12N351,8+8 ohm,Neodymium,Cylindrique,0.2,0.21,5.4,Aluminium,Titanium,Fibre de verre,Aluminium,,450.0,98.5,58.0,,5.8,6.0,62.0,276.0,47.0,4.2,1.5,500.0,25.0,160.0,,11.0,,4.4
1175,266.0,RCF,Haut-parleur coaxial a deux entrees,CX15N251,8+8 ohm,Neodymium,Cylindrique,0.35,0.37,8.0,Aluminium,Tissu,Fibre de verre,Aluminium,,300.0,101.0,55.0,5.6,5.2,5.0,71.0,149.0,136.0,5.88,1.2,900.0,18.1,115.0,,8.0,,5.0
1176,484.0,RCF,Haut-parleur coaxial a deux entrees,CX15N351,8+8 ohm,Neodymium,Cylindrique,0.26,0.27,6.0,Aluminium,Titanium,,Aluminium,,450.0,101.0,55.0,7.3,5.6,6.0,80.0,204.0,110.0,6.51,1.65,900.0,23.5,160.0,,11.0,,6.53
1177,155.0,RCF,Haut parleur a cone,L10/750YK,8 ohm,Ferrite,Cylindrique,0.24,0.25,4.2,Aluminium,Tissu,Fibre de verre,Cuivre,,350.0,100.0,68.0,7.9,5.1,3.0,36.0,272.0,26.0,3.14,0.5,400.0,17.5,200.0,,9.0,9.0,3.15
1178,216.0,RCF,Haut parleur a cone,L15P400,8 ohm,Ferrite,Cylindrique,0.25,0.27,7.5,Aluminium,Tissu,Fibre de verre,Cuivre,,800.0,97.0,36.0,,4.8,8.0,150.0,133.0,160.0,2.66,1.2,900.0,24.8,220.0,,14.0,23.0,2.6
1179,179.0,RCF,Haut parleur a cone,L15P530,8 ohm,Ferrite,Cylindrique,0.48,0.51,7.5,Aluminium,Tissu,,Aluminium,,350.0,100.0,45.0,,5.1,7.0,93.0,88.0,160.0,2.75,0.4,900.0,15.3,200.0,,10.0,18.0,2.76
1180,177.0,RCF,Haut parleur a cone,L15P540,8 ohm,Ferrite,Cylindrique,0.39,0.41,9.7,Aluminium,Tissu,Fibre de verre,Cuivre,,500.0,98.0,50.0,,5.6,7.0,106.0,122.0,100.0,2.93,1.5,900.0,21.4,200.0,,10.0,18.0,2.94
1181,242.0,RCF,Haut parleur a cone,L18P300,,Ferrite,Cylindrique,0.33,0.34,8.3,,Polycoton,Fibre de verre,Cuivre,,1000.0,97.0,33.0,14.6,5.0,7.8,180.0,97.0,226.0,2.3,1.9,1130.0,23.5,220.0,,15.0,23.0,2.3
1182,280.0,RCF,Haut parleur a cone,L18P400,8 ohm,Ferrite,Cylindrique,0.28,0.29,7.6,Aluminium,Tissu,Fibre de verre,Cuivre,,1000.0,97.0,29.0,15.5,5.1,9.0,200.0,100.0,340.0,2.75,1.2,1200.0,24.6,225.0,,15.0,25.0,2.63
1183,230.0,RCF,Haut parleur a cone,LF15G401,8 ohm,Ferrite,Cylindrique,0.26,0.27,6.2,Aluminium,Tissu,Fibre de verre,Cuivre,,800.0,97.0,36.0,12.8,4.8,9.0,150.0,133.0,150.0,2.49,1.8,900.0,24.6,220.0,,12.0,23.0,2.5
1184,311.0,RCF,Haut parleur a cone,LF15N401,8 ohm,Neodymium,Cylindrique,0.22,0.23,5.8,Aluminium,Tissu,Fibre de verre,Cuivre,,900.0,97.0,34.0,,5.1,9.0,158.0,148.0,160.0,2.63,2.5,900.0,27.8,140.0,,15.0,25.0,2.64
1185,247.0,RCF,Haut parleur a cone,LF15X401,8 ohm,Ferrite,Cylindrique,0.29,0.3,7.6,Aluminium,Tissu,Fibre de verre,Cuivre,,1500.0,96.0,34.0,,5.5,12.0,170.0,113.0,146.0,1.84,1.3,900.0,26.5,245.0,,15.0,30.0,1.9
1186,223.0,RCF,Haut parleur a cone,LF18G401,8 ohm,Ferrite,Cylindrique,0.29,0.3,7.6,Aluminium,Tissu,Fibre de verre,Cuivre,,900.0,98.0,33.0,14.9,4.8,9.0,182.0,110.0,268.0,3.09,1.8,1200.0,24.6,225.0,,12.0,23.0,3.09
1187,333.0,RCF,Haut parleur a cone,LF18N401,8 ohm,Neodymium,Cylindrique,0.26,0.27,6.5,Aluminium,Tissu,Fibre de verre,Cuivre,,1200.0,98.0,32.0,11.2,5.1,9.0,201.0,119.0,257.0,3.0,2.5,1200.0,27.8,140.0,,15.0,25.0,3.01
1188,333.0,RCF,Haut parleur a cone,LF18N405,8 ohm,Neodymium,Cylindrique,0.32,0.34,7.0,Aluminium,Tissu,,Cuivre,,1500.0,97.0,30.0,8.8,4.9,14.0,261.0,88.0,227.0,1.74,1.7,1200.0,26.5,138.0,,15.0,36.0,1.7
1189,461.0,RCF,Haut parleur a cone,LF18N451,8 ohm,Neodymium,Cylindrique,0.24,0.25,6.0,Aluminium,Tissu,,Cuivre,,1500.0,97.0,31.0,12.5,5.0,9.0,235.0,124.0,245.0,2.81,2.6,1200.0,30.2,148.0,,15.0,26.0,2.54
1190,288.0,RCF,Haut parleur a cone,LF18X401,8 ohm,Ferrite,Cylindrique,0.3,0.31,7.4,Aluminium,Tissu,Fibre de verre,Cuivre,,1500.0,97.0,30.0,,5.4,12.0,215.0,97.0,274.0,2.3,0.83,1200.0,26.5,245.0,,15.0,30.0,2.3
1191,399.0,RCF,Haut parleur a cone,LF18X451,8 ohm,Ferrite,Cylindrique,0.28,0.29,6.7,Aluminium,Tissu,Fibre de verre,Cuivre,,1800.0,97.0,30.0,17.0,5.4,14.0,260.0,103.0,220.0,1.97,1.38,1200.0,30.5,245.0,,15.0,34.0,1.9
1192,530.0,RCF,Haut parleur a cone,LF21N451,8 ohm,Neodymium,Cylindrique,0.26,0.27,6.1,Aluminium,Tissu,,Cuivre,,1500.0,98.0,30.0,13.3,5.6,13.0,315.0,111.0,375.0,3.6,3.0,1700.0,34.5,148.0,,15.0,34.0,4.0
1193,461.0,RCF,Haut parleur a cone,LF21X451,8 ohm,Ferrite,Cylindrique,0.37,0.39,6.9,Aluminium,Tissu,Fibre de verre,Cuivre,,2000.0,97.0,28.0,,5.4,14.0,355.0,72.0,385.0,2.09,2.9,1700.0,30.5,245.0,,15.0,34.0,2.2
1194,386.0,RCF,Haut parleur a cone,LN19S400,8 ohm,Neodymium,Cylindrique,0.21,0.22,4.0,Aluminium,Tissu,Fibre de verre,CCAW (alu recouvert de cuivre),,1500.0,98.5,32.0,10.2,4.7,18.0,296.0,145.0,204.0,2.92,3.4,1320.0,32.0,138.6,3000.0,16.0,42.0,2.37
1195,118.0,RCF,Haut parleur a cone,MB10G251,8 ohm,Ferrite,Cylindrique,0.34,0.35,8.0,Aluminium,Tissu,Fibre de verre,Aluminium,,300.0,98.0,76.0,5.5,5.2,7.0,33.0,217.0,24.0,2.89,0.5,400.0,14.9,165.0,,8.0,18.0,2.71
1196,161.0,RCF,Haut parleur a cone,MB10N251,8 ohm,Neodymium,Cylindrique,0.27,0.29,4.2,Aluminium,Tissu,Fibre de verre,Aluminium,,300.0,97.0,55.0,,5.1,5.0,36.0,190.0,39.0,2.15,1.3,400.0,15.2,88.0,,9.0,14.0,2.2
1197,230.0,RCF,Haut parleur a cone,MB10N305,8 ohm,Neodymium,Cylindrique,0.23,0.24,4.0,Aluminium,Tissu,Fibre de verre,Aluminium,,500.0,97.0,60.0,3.7,5.6,5.0,37.0,250.0,31.0,2.68,0.9,400.0,18.5,103.0,,10.0,14.0,2.9
1198,139.0,RCF,Haut parleur a cone,MB12G301,8 ohm,Ferrite,Cylindrique,0.27,0.28,4.7,Aluminium,Tissu,Fibre de verre,Aluminium,,400.0,98.0,53.0,7.8,5.4,6.0,48.0,189.0,72.0,3.68,0.7,530.0,17.0,200.0,,4.0,16.0,3.69
1199,197.0,RCF,Haut parleur a cone,MB12N301,8 ohm,Neodymium,Cylindrique,0.24,0.26,3.1,Aluminium,Tissu,Fibre de verre,Cuivre,,500.0,98.0,54.0,4.3,5.8,6.0,48.0,208.0,71.0,4.13,1.8,500.0,19.0,,,10.0,17.0,4.0
1200,147.0,RCF,Haut parleur a cone,MB12N351,8 ohm,Neodymium,Cylindrique,0.2,0.21,4.5,Aluminium,Tissu,Fibre de verre,Cuivre,,650.0,99.0,55.0,,5.6,6.0,54.0,262.0,61.0,4.64,1.65,500.0,22.5,118.0,,11.0,17.0,4.66
1201,280.0,RCF,Haut parleur a cone,MB12N405,8 ohm,Neodymium,Cylindrique,0.2,0.21,6.0,Aluminium,Tissu,Fibre de verre,Aluminium,,1000.0,98.0,52.0,8.5,5.0,7.0,73.0,248.0,53.0,3.41,1.2,500.0,23.5,140.0,,12.0,20.0,3.31
1202,194.0,RCF,Haut parleur a cone,MB12X351,8 ohm,Ferrite,Cylindrique,0.26,0.27,5.9,Aluminium,Tissu,Fibre de verre,Cuivre,,700.0,98.0,55.0,,5.4,7.0,72.0,204.0,46.0,2.73,0.9,500.0,22.5,190.0,,10.0,19.0,3.0
1203,205.0,RCF,Haut parleur a cone,MB15N301,8 ohm,Neodymium,Cylindrique,0.37,0.39,4.6,Aluminium,Tissu,Fibre de verre,Cuivre,,500.0,99.0,48.0,4.9,5.8,6.0,90.0,123.0,134.0,3.65,0.9,900.0,19.2,103.0,,10.0,17.0,3.7
1204,282.0,RCF,Haut parleur a cone,MB15N351,8 ohm,Neodymium,Cylindrique,0.22,0.24,4.0,Aluminium,Tissu,,Cuivre,,650.0,100.0,42.0,5.0,5.6,6.0,80.0,175.0,191.0,5.67,1.65,900.0,22.5,118.0,,11.0,17.0,5.68
1205,311.0,RCF,Haut parleur a cone,MB15N405,8 ohm,Neodymium,Cylindrique,0.27,0.28,4.8,Aluminium,Tissu,Fibre de verre,Cuivre,,1100.0,100.0,46.0,,5.5,7.0,98.0,164.0,124.0,4.14,1.1,900.0,23.5,140.0,,12.0,20.0,4.1
1206,244.0,RCF,Haut parleur a cone,MB15X351,8 ohm,Ferrite,Cylindrique,0.31,0.33,6.7,Aluminium,Tissu,Fibre de verre,Cuivre,,700.0,99.0,46.0,9.3,5.4,7.0,106.0,139.0,114.0,3.23,0.9,900.0,22.8,190.0,,10.0,19.0,3.2
1207,138.0,RCF,Haut parleur a cone,MB8N251,8 ohm,Neodymium,Non cylindrique,0.25,0.26,4.6,Aluminium,Tissu,Fibre de verre,Aluminium,,300.0,96.0,68.0,2.4,5.1,5.0,27.0,262.0,13.0,1.51,1.3,272.0,15.2,88.0,,9.0,14.0,1.7
1208,303.0,RCF,Haut parleur a cone,MR10N301,8 ohm,Neodymium,Cylindrique,0.65,0.72,6.48,Aluminium,Tissu,,Cuivre,,300.0,102.0,250.0,,6.2,1.0,32.0,347.0,2.0,4.17,1.17,400.0,20.7,,,10.0,11.0,9.26
1209,253.0,RCF,Haut parleur a cone,MR8N301,8 ohm,Neodymium,Non cylindrique,0.37,0.41,3.45,Aluminium,Tissu,,Cuivre,,200.0,102.0,310.0,,6.6,4.0,10.1,756.0,1.65,11.51,1.16,210.0,17.8,,400.0,8.0,11.0,12.8
1210,70.0,SB Audience,Haut parleur a cone,BIANCO-12OB150-01,8 ohm,Ferrite,Cylindrique,0.63,0.69,6.39,Acier,Tissu,Till,Cuivre,,150.0,96.0,44.0,3.6,7.2,6.79,52.4,64.0,103.8,1.24,1.18,539.1,12.2,145.0,300.0,8.0,16.25,1.2
1211,80.0,SB Audience,Haut parleur a cone,ROSSO-6MW150D,8 ohm,Ferrite,Non cylindrique,0.32,0.33,9.24,Aluminium,Caoutchouc,Till,Cuivre,,150.0,,66.0,2.6,5.4,2.62,19.4,200.0,8.8,0.74,0.39,145.3,11.6,130.0,300.0,5.0,12.15,0.76
1212,114.0,SEAS,Haut parleur a cone,CA15RLY,8 ohm,Ferrite,Cylindrique,0.34,0.42,1.88,Acier,Caoutchouc,,CCAW (alu recouvert de cuivre),,60.0,87.5,44.0,0.34,5.6,5.0,7.7,105.0,14.0,0.28,0.82,80.0,5.5,90.0,250.0,6.0,16.0,
1213,93.0,SEAS,Haut parleur a cone,FU10RB,4 ohm,Ferrite,Cylindrique,0.91,1.28,3.15,Aluminium,Caoutchouc,,,,40.0,85.0,102.0,0.36,3.3,2.0,4.5,80.0,1.0,0.08,0.29,38.5,2.72,60.0,100.0,4.0,8.0,
1214,82.0,SEAS,Haut parleur a cone,FU10RB,8 ohm,Ferrite,Cylindrique,0.96,1.36,3.25,Aluminium,Caoutchouc,,,,40.0,82.1,102.0,0.36,6.42,2.0,4.05,75.0,1.0,0.08,0.16,38.5,3.56,60.0,100.0,4.0,8.0,
1215,229.0,SEAS,Haut parleur a cone,RM 120,4 ohm,,Cylindrique,0.35,0.4,2.95,Acier,Caoutchouc,,,,110.0,90.5,72.0,1.3,3.0,1.7,4.55,180.0,4.0,0.36,0.25,50.0,4.0,99.0,400.0,6.0,9.4,
1216,230.0,SEAS,Haut parleur a cone,A26RE4,8 ohm,Ferrite,Cylindrique,0.39,0.43,3.84,Acier,Caoutchouc,Aluminium,,,80.0,89.0,25.0,2.2,6.3,4.0,37.4,58.0,169.0,0.59,3.8,350.0,9.7,90.0,300.0,6.0,14.0,
1217,350.0,SEAS,Haut-parleur coaxial a deux entrees,C16N001/F,4+6 ohm,Ferrite,Cylindrique,0.49,0.58,3.24,Acier,Caoutchouc,,,Tissu,80.0,85.0,37.0,1.6,3.2,7.0,14.6,64.0,15.0,0.13,0.27,94.0,4.4,90.0,250.0,6.0,20.0,
1218,845.0,SEAS,Haut-parleur coaxial a deux entrees,C16NX001/F,4+6 ohm,Ferrite,Cylindrique,0.31,0.33,4.85,Acier,Caoutchouc,Titanium,CCAW (alu recouvert de cuivre),Tissu,150.0,88.5,35.0,2.4,3.0,7.0,16.2,106.0,16.0,0.2,0.23,94.0,5.7,110.0,250.0,6.0,20.0,
1219,592.0,SEAS,Haut-parleur coaxial a deux entrees,C18EN002/A,4+6 ohm,Neodymium,Cylindrique,0.62,0.86,2.16,Acier,Caoutchouc,,,Aluminium / Magnesium,100.0,87.0,98.0,1.6,6.2,3.0,15.7,114.0,3.7,0.39,0.62,131.0,8.8,65.0,250.0,6.0,12.0,
1220,99.0,SEAS,Haut parleur a cone,CA12RCY,8 ohm,Ferrite,Cylindrique,0.31,0.36,2.17,Acier,Caoutchouc,,,Tissu,60.0,86.0,57.0,0.31,6.4,3.0,6.1,158.0,5.0,0.25,1.05,55.0,6.35,90.0,200.0,6.0,12.0,
1221,178.0,SEAS,Haut-parleur coaxial a deux entrees,L12RE/XFC,4+6 ohm,Ferrite,Cylindrique,0.3,0.33,2.99,Acier,Caoutchouc,,,Tissu,80.0,86.0,55.0,1.2,3.1,3.0,9.2,167.0,3.0,0.15,0.48,47.0,5.5,90.0,250.0,6.0,12.0,
1222,142.0,SEAS,Haut parleur a cone,L16RN-SL,8 ohm,Ferrite,Cylindrique,0.45,0.55,2.48,Acier,Caoutchouc,,CCAW (alu recouvert de cuivre),,80.0,84.0,37.0,1.4,6.0,6.0,14.7,67.0,19.0,0.17,0.64,104.0,6.1,90.0,250.0,6.0,18.0,
1223,84.0,SEAS,Haut parleur a cone,L16RNX,4 ohm,Ferrite,Cylindrique,0.33,0.38,2.31,Acier,Caoutchouc,,CCAW (alu recouvert de cuivre),,80.0,88.0,37.0,1.8,3.1,6.0,14.7,97.0,18.0,0.24,0.32,104.0,5.4,110.0,250.0,6.0,18.0,
1224,108.0,SEAS,Haut parleur a cone,L16RNX,8 ohm,Ferrite,Cylindrique,0.36,0.44,2.08,Acier,Caoutchouc,,CCAW (alu recouvert de cuivre),,80.0,85.0,39.0,1.8,5.8,6.0,15.3,89.0,16.0,0.21,0.48,104.0,7.2,110.0,250.0,6.0,18.0,
1225,319.0,SEAS,Haut parleur a cone,L16RNX3,8 ohm,Ferrite,Cylindrique,0.33,0.35,5.48,Acier,Caoutchouc,Titanium,Cuivre,,200.0,84.0,32.0,1.8,6.4,7.0,20.8,91.0,18.0,0.17,0.6,104.0,8.7,110.0,300.0,6.0,20.0,
1226,541.0,SEAS,Haut parleur a cone,L19RNX1,8 ohm,Ferrite,Cylindrique,0.38,0.41,5.5,Acier,Caoutchouc,Titanium,Cuivre,,200.0,96.0,32.0,2.0,6.2,7.0,25.4,78.0,29.0,0.23,0.66,146.0,8.8,110.0,330.0,6.0,20.0,
1227,387.0,SEAS,Haut parleur a cone,L22ROY2,8 ohm,Ferrite,Cylindrique,0.44,0.49,4.11,Aluminium,Caoutchouc,Titanium,Cuivre,,250.0,83.0,27.0,6.5,6.2,11.5,84.0,55.0,27.0,0.11,0.4,221.0,,,500.0,8.0,31.0,
1228,460.0,SEAS,Haut parleur a cone,L26RO4Y,4 ohm,Ferrite,Cylindrique,0.27,0.29,3.94,Acier,Caoutchouc,Titanium,,,250.0,86.0,26.0,10.0,3.5,15.0,160.0,90.0,40.0,0.24,2.33,342.0,17.7,190.0,500.0,10.0,10.0,
1229,464.0,SEAS,Haut parleur a cone,L26RO4Y2,4 ohm,Ferrite,Cylindrique,0.27,0.29,3.94,Acier,Caoutchouc,Fibre de verre,,,250.0,86.0,26.0,10.0,3.5,15.0,160.0,90.0,40.0,0.24,2.33,342.0,17.7,190.0,500.0,10.0,40.0,
1230,458.0,SEAS,Haut parleur a cone,L26ROY,4 ohm,Ferrite,Cylindrique,0.42,0.45,5.6,Acier,Caoutchouc,Fibre de verre,,,250.0,87.0,25.0,10.0,3.3,14.0,118.0,56.0,56.0,0.19,0.73,342.0,12.0,190.0,500.0,10.0,38.0,
1231,458.0,SEAS,Haut parleur a cone,L26ROY3,4 ohm,Ferrite,Cylindrique,0.42,0.45,5.6,Acier,Caoutchouc,Fibre de verre,,,250.0,87.0,25.0,10.0,3.3,14.0,118.0,56.0,56.0,0.19,0.73,342.0,12.0,190.0,500.0,,,
1232,305.0,SEAS,Haut parleur a cone,M15CH002,8 ohm,Neodymium,Cylindrique,0.4,0.52,1.7,Acier,Caoutchouc,,,,70.0,88.5,67.0,0.8,4.9,3.0,6.75,129.0,6.0,0.34,0.43,75.0,5.3,49.0,200.0,3.0,12.0,
1233,97.0,SEAS,Haut parleur a cone,MCA12RC,8 ohm,Ferrite,Cylindrique,0.56,0.74,2.42,Acier,Caoutchouc,Aluminium,,,110.0,86.0,68.0,0.56,6.3,0.9,4.58,92.0,5.0,0.21,0.31,55.0,4.2,72.0,400.0,4.0,5.8,
1234,112.0,SEAS,Haut parleur a cone,MCA15RCY,8 ohm,Ferrite,Cylindrique,0.25,0.3,1.57,Acier,Caoutchouc,,,,100.0,89.5,51.0,0.25,5.8,1.7,7.1,170.0,12.0,0.51,0.73,80.0,6.8,90.0,300.0,6.0,9.4,
1235,334.0,SEAS,Haut parleur a cone,ML15RCY/TP,4 ohm,Ferrite,Cylindrique,0.32,0.35,3.53,Acier,Caoutchouc,Titanium,Cuivre,,100.0,90.0,48.0,3.1,3.0,3.4,8.6,137.0,10.0,0.31,0.24,75.0,4.8,100.0,200.0,6.0,9.5,
1236,253.0,SEAS,Haut-parleur coaxial a deux entrees,MR18REX/XF,8+6 ohm,Ferrite,Cylindrique,0.69,0.96,2.49,Acier,Caoutchouc,Aluminium,,Tissu,80.0,89.0,126.0,2.0,6.2,3.0,11.8,131.0,3.0,0.61,0.43,126.0,8.3,110.0,250.0,6.0,12.0,
1237,94.0,SEAS,Haut parleur a cone,MU10RB-SL,4 ohm,Ferrite,Cylindrique,0.67,1.15,1.63,Aluminium,Caoutchouc,,,,40.0,84.7,100.0,0.36,3.3,,4.51,87.0,1.1,0.1,0.14,38.5,3.95,60.0,100.0,4.0,8.0,
1238,184.0,SEAS,Haut parleur a cone,PW 165/1,4 ohm,,Cylindrique,0.58,0.65,5.49,Acier,Caoutchouc,,,,100.0,90.0,64.0,,3.3,3.0,16.9,98.0,8.0,0.31,0.78,126.0,6.0,99.0,250.0,6.0,12.0,
1239,309.0,SEAS,Haut parleur a cone,RW 165/1,4 ohm,,Cylindrique,0.61,0.71,4.24,Acier,Caoutchouc,,,,100.0,88.5,6.0,1.7,3.2,4.0,19.0,8.0,7.0,0.01,0.45,126.0,6.0,99.0,250.0,6.0,14.0,
1240,286.0,SEAS,Haut parleur a cone,RW 220,4 ohm,,Cylindrique,0.36,0.43,2.11,Acier,Caoutchouc,Aluminium,,,110.0,91.0,29.0,2.2,3.2,5.0,28.2,67.0,68.0,0.38,0.38,220.0,6.4,121.5,300.0,6.0,16.0,
1241,244.0,SEAS,Haut-parleur coaxial a deux entrees,T18REX/XFC,8+6 ohm,Ferrite,Cylindrique,0.24,0.29,1.64,Acier,Caoutchouc,,,Tissu,200.0,87.5,30.0,1.9,6.2,3.0,13.3,103.0,42.0,0.38,0.7,126.0,7.8,110.0,300.0,6.0,12.0,
1242,127.0,SEAS,Haut parleur a cone,U16RCY/P,8 ohm,Ferrite,Cylindrique,0.32,0.38,2.19,Acier,Caoutchouc,,,,60.0,87.0,36.0,1.3,6.2,4.0,10.26,95.0,25.0,0.3,0.81,99.0,6.3,90.0,250.0,6.0,14.0,
1243,166.0,SEAS,Haut parleur a cone,U18RNX/P,8 ohm,Ferrite,Cylindrique,0.37,0.45,2.05,Acier,Caoutchouc,,CCAW (alu recouvert de cuivre),,80.0,88.0,43.0,1.9,5.9,6.0,13.5,96.0,22.0,0.38,0.25,126.0,6.9,110.0,250.0,6.0,18.0,
1244,189.0,SEAS,Haut parleur a cone,U22REX/P-SL,8 ohm,Ferrite,Cylindrique,0.29,0.34,1.77,Acier,Caoutchouc,Aluminium,,,100.0,90.5,29.0,2.2,6.0,4.0,19.8,85.0,103.0,0.71,0.7,220.0,8.0,110.0,250.0,6.0,14.0,
1245,383.0,SEAS,Haut parleur a cone,W12CY001,8 ohm,Ferrite,Cylindrique,0.36,0.42,2.5,Acier,Caoutchouc,,,,70.0,84.0,45.0,1.2,5.6,3.0,7.5,107.0,6.0,0.13,0.43,50.0,5.4,99.0,200.0,6.0,12.0,
1246,243.0,SEAS,Haut parleur a cone,W12CY003,8 ohm,Ferrite,Cylindrique,0.36,0.44,2.3,Acier,Caoutchouc,,,,70.0,85.5,60.0,1.3,5.5,3.0,6.1,136.0,4.0,0.19,0.41,50.0,5.5,99.0,200.0,6.0,12.0,
1247,860.0,SEAS,Haut parleur a cone,W12CY004,8 ohm,Ferrite,Cylindrique,0.38,0.41,6.11,Acier,Caoutchouc,,,,150.0,83.5,48.0,1.3,5.5,3.0,8.4,117.0,4.6,0.12,0.32,50.0,5.9,90.0,300.0,6.0,12.0,
1248,443.0,SEAS,Haut parleur a cone,W15CH001,8 ohm,Neodymium,Cylindrique,0.42,0.5,2.58,Acier,Caoutchouc,,,,70.0,85.0,38.0,0.8,5.5,3.0,9.5,76.0,14.0,0.15,0.49,75.0,5.1,49.0,200.0,6.0,14.0,
1249,348.0,SEAS,Haut parleur a cone,W15CY001,8 ohm,Ferrite,Cylindrique,0.36,0.43,2.22,Acier,Caoutchouc,,,,70.0,85.5,38.0,1.4,5.5,4.0,9.5,88.0,14.0,0.18,0.49,75.0,5.5,99.0,200.0,6.0,14.0,
1250,241.0,SEAS,Haut parleur a cone,W15LY001,8 ohm,Ferrite,Cylindrique,0.45,0.56,2.21,Acier,Caoutchouc,,,,60.0,86.5,49.0,1.3,5.7,5.0,6.28,88.0,12.0,0.25,0.3,75.0,4.6,99.0,250.0,6.0,16.0,
1251,427.0,SEAS,Haut parleur a cone,W16NX001,4 ohm,Ferrite,Cylindrique,0.33,0.38,2.66,Acier,Caoutchouc,,,,80.0,88.0,37.0,2.2,3.0,7.0,14.8,97.0,15.0,0.2,0.25,94.0,5.3,121.5,250.0,6.0,20.0,
1252,427.0,SEAS,Haut parleur a cone,W16NX001,8 ohm,Ferrite,Cylindrique,0.35,0.41,2.16,Acier,Caoutchouc,,,,80.0,85.0,39.0,2.2,6.2,7.0,13.9,95.0,14.0,0.2,0.41,94.0,7.3,121.5,250.0,6.0,20.0,
1253,901.0,SEAS,Haut parleur a cone,W16NX005,8 ohm,Ferrite,Cylindrique,0.31,0.32,6.19,Acier,Caoutchouc,Titanium,CCAW (alu recouvert de cuivre),,180.0,87.9,39.0,2.2,5.9,7.0,13.7,122.0,19.0,0.34,0.38,104.0,7.8,110.0,300.0,6.0,20.0,
1254,431.0,SEAS,Haut parleur a cone,W18E001,8 ohm,Ferrite,Cylindrique,0.42,0.49,2.91,Acier,Caoutchouc,,,,100.0,86.0,34.0,1.8,6.1,5.0,15.5,69.0,30.0,0.24,0.65,126.0,6.6,99.0,250.0,6.0,16.0,
1255,436.0,SEAS,Haut parleur a cone,W18EX001,8 ohm,Ferrite,Cylindrique,0.26,0.3,1.8,Acier,Caoutchouc,,,,100.0,88.0,34.0,2.2,6.1,5.0,15.5,113.0,30.0,0.38,0.65,126.0,8.4,121.5,250.0,6.0,16.0,
1256,274.0,SEAS,Haut parleur a cone,W18NX001,8 ohm,Ferrite,Cylindrique,0.34,0.41,2.08,Acier,Caoutchouc,,CCAW (alu recouvert de cuivre),,80.0,87.5,40.0,2.2,6.3,7.0,13.7,98.0,24.0,0.36,0.43,126.0,7.0,121.5,250.0,6.0,20.0,
1257,705.0,SEAS,Haut parleur a cone,W18NX003,8 ohm,Ferrite,Cylindrique,0.34,0.38,3.11,Acier,Caoutchouc,Titanium,CCAW (alu recouvert de cuivre),,200.0,87.6,35.0,2.5,6.3,7.0,15.0,92.0,31.0,0.34,0.12,126.0,7.4,110.0,280.0,6.0,20.0,
1258,465.0,SEAS,Haut parleur a cone,W22EX001,8 ohm,Ferrite,Cylindrique,0.34,0.41,2.14,Acier,Caoutchouc,,,,120.0,88.0,25.0,2.2,6.1,5.0,26.2,61.0,98.0,0.36,0.61,220.0,8.1,121.5,300.0,6.0,16.0,
1259,363.0,SEAS,Haut parleur a cone,W22NY001,8 ohm,Ferrite,Cylindrique,0.3,0.36,1.73,Acier,Caoutchouc,,CCAW (alu recouvert de cuivre),,90.0,90.0,33.0,3.6,6.1,7.0,20.0,92.0,72.0,0.69,0.61,220.0,8.8,143.0,250.0,6.0,20.0,
1260,933.0,SEAS,Haut parleur a cone,W22NY003,8 ohm,Ferrite,Cylindrique,0.29,0.31,3.66,,Caoutchouc,Titanium,CCAW (alu recouvert de cuivre),,200.0,89.0,21.0,3.8,6.4,7.0,23.5,68.0,164.0,0.48,0.13,220.0,,134.0,300.0,6.0,20.0,
1261,678.0,SEAS,Haut parleur a cone,W26FX001,8 ohm,Ferrite,Cylindrique,0.35,0.41,2.34,Acier,Caoutchouc,Aluminium,,,150.0,87.0,20.0,4.2,6.3,7.0,56.3,49.0,162.0,0.31,1.43,330.0,10.7,143.0,400.0,6.0,20.0,
1262,517.0,SEAS,Haut parleur a cone,W26FX002,8 ohm,Ferrite,Cylindrique,0.39,0.47,2.55,Acier,Caoutchouc,Aluminium,,,100.0,89.0,31.0,4.5,6.2,7.0,42.4,66.0,87.0,0.53,0.81,330.0,10.9,143.0,300.0,6.0,20.0,
1263,110.0,SEAS,Haut parleur a cone,CA18RLY,8 ohm,Ferrite,Cylindrique,0.47,0.56,2.92,Acier,Caoutchouc,,CCAW (alu recouvert de cuivre),,80.0,90.0,42.0,1.4,5.8,5.0,10.6,75.0,32.0,0.41,1.05,136.0,5.6,90.0,250.0,6.0,16.0,
1264,124.0,SEAS,Haut parleur a cone,CA18RNX,8 ohm,Ferrite,Cylindrique,0.31,0.37,1.9,Acier,Caoutchouc,,CCAW (alu recouvert de cuivre),,80.0,88.5,35.0,1.9,5.8,6.0,14.0,95.0,33.0,0.37,1.2,136.0,7.2,110.0,250.0,6.0,18.0,
1265,137.0,SEAS,Haut parleur a cone,CA22RNX,8 ohm,Ferrite,Cylindrique,0.41,0.52,2.04,Acier,Caoutchouc,Aluminium,,,80.0,89.5,29.0,2.2,6.1,6.0,20.9,56.0,97.0,0.44,1.0,230.0,7.0,110.0,250.0,6.0,18.0,
1266,97.0,SEAS,Haut parleur a cone,CA22RNY,8 ohm,Ferrite,Cylindrique,0.3,0.36,1.69,Acier,Caoutchouc,Aluminium,,,90.0,91.0,34.0,,6.2,6.0,19.8,94.0,82.0,0.86,1.55,230.0,8.5,134.0,250.0,6.0,18.0,
1267,243.0,SEAS,Haut parleur a cone,CA26RE4X,8 ohm,Ferrite,Cylindrique,0.28,0.3,3.9,Acier,Caoutchouc,,,,80.0,91.0,25.0,2.2,6.1,4.0,38.5,83.0,164.0,0.82,3.08,350.0,11.6,110.0,300.0,6.0,14.0,
1268,278.0,SEAS,Haut parleur a cone,CA26RFX,8 ohm,Ferrite,Cylindrique,0.34,0.4,2.14,Acier,Caoutchouc,Aluminium,,,100.0,90.5,29.0,,6.3,7.0,36.1,73.0,129.0,0.76,1.95,350.0,10.7,134.0,300.0,6.0,20.0,
1269,165.0,SEAS,Haut parleur a cone,CD22RN4X,8 ohm,Ferrite,Cylindrique,0.24,0.26,3.28,Acier,Caoutchouc,,,,100.0,87.0,20.0,2.2,6.1,7.0,41.6,77.0,108.0,0.32,3.47,230.0,11.4,110.0,250.0,6.0,20.0,
1270,535.0,SEAS,Haut parleur a cone,,8 ohm,Ferrite,Cylindrique,0.4,0.49,2.2,Acier,Caoutchouc,Titanium,,,90.0,85.0,72.0,1.3,5.6,3.0,6.9,147.0,3.0,0.22,0.27,50.0,5.9,90.0,180.0,6.0,12.0,
1271,106.0,SEAS,Haut parleur a cone,ER15RLY,8 ohm,Ferrite,Cylindrique,0.32,0.41,1.55,Acier,Caoutchouc,,CCAW (alu recouvert de cuivre),,60.0,87.5,44.0,0.32,5.6,5.0,7.6,107.0,15.0,0.3,0.73,80.0,5.5,90.0,250.0,6.0,16.0,
1272,137.0,SEAS,Haut parleur a cone,ER18RNX,8 ohm,Ferrite,Cylindrique,0.32,0.39,1.58,Acier,Caoutchouc,,CCAW (alu recouvert de cuivre),,80.0,88.5,37.0,1.9,5.9,6.0,14.0,95.0,32.0,0.4,0.67,136.0,7.2,110.0,250.0,6.0,18.0,
1273,828.0,SEAS,Haut parleur bicone,Exotic F8,4 ohm,Alnico,Cylindrique,0.39,0.43,4.24,Acier,Mousse,Fibre de verre,Cuivre,,35.0,96.0,31.0,2.6,3.0,2.1,10.5,72.0,146.0,0.98,0.05,222.0,4.2,87.0,100.0,12.0,7.8,
1274,828.0,SEAS,Haut parleur bicone,Exotic F8,8 ohm,Alnico,Cylindrique,0.44,0.5,4.2,Acier,Mousse,Fibre de verre,Cuivre,,35.0,93.0,32.0,2.6,5.7,2.1,10.0,64.0,143.0,0.9,0.07,220.0,5.25,87.0,100.0,12.0,7.8,
1275,762.0,SEAS,Haut parleur a cone,Exotic W8,8 ohm,Alnico,Cylindrique,0.24,0.25,5.1,Acier,Mousse,Fibre de verre,Cuivre,,100.0,94.0,36.0,2.5,6.0,3.0,13.9,144.0,78.0,1.4,0.43,212.0,9.2,87.0,250.0,6.0,12.0,
1276,223.0,SEAS,Haut parleur bicone,FA22RCZ,8 ohm,Ferrite,Cylindrique,0.35,0.38,4.36,Acier,Caoutchouc,Fibre de verre,,,40.0,94.0,30.0,2.1,5.7,3.0,12.6,79.0,134.0,0.92,0.09,222.0,6.4,110.0,110.0,6.0,12.0,
1277,20.0,SEAS,Haut parleur a cone,FA6RBND/S,4 ohm,Neodymium,Carre,0.51,0.6,3.33,,,,,,10.0,85.67,109.0,85.0,3.96,4.3,1.81,182.0,0.5,0.11,0.13,17.35,2.9,27.0,,3.0,9.0,
1278,30.0,SEAS,Haut parleur a cone,FA8RCND/S,4 ohm,Neodymium,Carre,0.36,0.39,4.25,,,,,,10.0,86.0,72.0,0.12,3.4,4.0,2.8,185.0,1.4,0.13,0.14,23.8,3.3,33.0,12.0,3.0,8.8,
1279,158.0,SEAS,Haut parleur bicone,FEA18RCZ,8 ohm,Ferrite,Cylindrique,0.39,0.42,6.29,Acier,Caoutchouc,Fibre de verre,,,40.0,89.7,42.0,1.8,5.7,3.0,12.1,100.0,31.0,0.53,0.49,136.0,6.66,110.0,110.0,6.0,12.0,
1280,14.0,SEAS,Haut parleur a cone,FL4RCN/F,4 ohm,Neodymium,Carre,0.37,0.48,1.56,,,,,,3.0,84.08,140.0,60.0,3.64,2.7,1.21,292.0,0.13,0.08,0.09,9.08,2.8,32.0,,9.0,26.0,
1281,23.0,SEAS,Haut parleur a cone,FL6RBND/S,4 ohm,Neodymium,Carre,0.55,0.66,3.2,,,,,,10.0,84.54,117.0,87.0,3.88,4.35,2.39,177.0,0.33,0.08,0.13,17.35,3.2,27.0,,9.0,3.0,
1282,33.0,SEAS,Haut parleur a cone,FL8RCND/S,4 ohm,Neodymium,Carre,0.37,0.41,4.4,,,,,,10.0,86.0,70.0,0.12,3.3,4.6,3.0,171.0,1.42,0.12,0.14,23.8,3.2,33.0,12.0,3.0,8.8,
1283,373.0,Sica,Haut-parleur coaxial a deux entrees,10CX3PL,8+8 ohm,Neodymium,Cylindrique,0.29,0.31,4.13,Aluminium,Tissu,Fibre de verre,Aluminium,,400.0,97.2,59.0,4.3,5.7,6.0,34.3,190.0,36.1,2.3,0.84,346.4,15.32,141.0,800.0,10.0,17.0,2.32
1284,54.0,Sica,Haut parleur bicone,10D1.5CS,4 ohm,Ferrite,Cylindrique,0.84,0.89,15.48,Acier,Papier,Epotex,Cuivre,Tissu,100.0,94.9,69.0,2.4,3.05,1.0,19.1,78.0,42.5,1.51,0.29,330.0,5.33,102.0,200.0,,,1.5
1285,60.0,Sica,Haut parleur bicone,10D1.5CS,8 ohm,Ferrite,Cylindrique,1.12,1.23,12.27,Acier,Papier,Epotex,Cuivre,Tissu,100.0,93.9,68.0,,5.0,2.5,22.6,55.0,37.5,0.93,0.26,330.1,6.26,102.0,200.0,6.0,9.0,0.92
1286,46.0,Sica,Haut parleur bicone,10D1CS,8 ohm,Ferrite,Cylindrique,1.56,1.7,19.52,Acier,Papier,Epotex,Cuivre,Tissu,60.0,93.1,76.1,,6.87,1.5,15.2,45.0,43.9,1.1,0.26,330.0,5.44,86.0,120.0,,,1.1
1287,90.0,Sica,Haut parleur a cone,10FE2.5CP,4 ohm,Ferrite,Cylindrique,0.3,0.32,5.01,Aluminium,Tissu,Fibre de verre,Aluminium,Papier,300.0,96.2,51.0,5.6,3.1,,34.8,159.0,47.7,1.9,0.34,346.4,10.4,145.0,600.0,8.0,12.0,1.92
1288,238.0,Sica,Haut parleur a cone,10K3PL,8 ohm,Neodymium,Cylindrique,0.26,0.27,5.02,Aluminium,Tissu,Kapton,Aluminium,Papier,400.0,96.7,50.6,,5.2,6.5,42.1,187.0,40.0,1.85,0.49,346.4,16.05,126.7,800.0,10.0,20.0,1.85
1289,344.0,Sica,Haut parleur a cone,10K4PL,8 ohm,Neodymium,Cylindrique,0.25,0.26,8.99,Aluminium,Tissu,Fibre de verre,Cuivre,Papier,800.0,95.8,58.5,6.3,6.1,4.5,53.9,225.0,23.4,1.73,0.4,346.4,21.62,135.0,1600.0,12.0,19.0,1.75
1290,121.0,Sica,Haut parleur a cone,10L2.5SL,4 ohm,Neodymium,Cylindrique,0.3,0.31,6.11,Acier,Tissu,Fibre de verre,Aluminium,Papier,250.0,96.7,56.5,2.5,3.62,3.0,25.8,182.0,46.9,2.62,0.56,330.0,10.4,84.0,500.0,,,2.66
1291,183.0,Sica,Haut parleur a cone,10N2.5PL,8 ohm,Neodymium,Cylindrique,0.36,0.39,4.25,Aluminium,Tissu,Kapton,Aluminium,Papier,300.0,96.6,57.0,2.7,5.5,4.5,32.5,146.0,40.9,1.87,0.5,346.4,12.8,84.0,600.0,,,1.87
1292,168.0,Sica,Haut parleur a cone,10S3CP,8 ohm,Ferrite,Cylindrique,0.31,0.34,4.02,Aluminium,Tissu,Fibre de verre,Cuivre,Papier,450.0,93.8,43.0,,5.1,7.0,58.5,126.0,39.9,0.9,1.19,346.4,15.5,165.0,900.0,10.0,24.0,0.91
1293,168.0,Sica,Haut parleur a cone,10S3CP,4 ohm,Ferrite,Cylindrique,0.28,0.3,4.55,Aluminium,Tissu,Fibre de verre,Cuivre,Papier,450.0,94.8,44.0,,3.1,7.0,43.5,147.0,51.3,1.4,0.65,346.4,11.16,165.0,900.0,10.0,19.0,1.41
1294,233.0,Sica,Haut parleur a cone,10S3PL,8 ohm,Neodymium,Cylindrique,0.27,0.28,4.8,Aluminium,Tissu,Fibre de verre,Cuivre,Papier,400.0,94.5,43.0,,5.1,7.0,58.5,154.0,39.9,1.09,1.18,346.4,16.86,100.0,800.0,10.0,24.0,1.08
1295,140.0,Sica,Haut parleur a cone,10SR2.5CP,8 ohm,Ferrite,Cylindrique,0.32,0.34,6.35,Aluminium,Caoutchouc,Fibre de verre,Cuivre,Papier,300.0,93.0,34.5,,5.2,6.0,56.5,101.0,66.7,0.78,1.16,353.0,13.7,145.0,600.0,8.0,18.0,0.78
1296,120.0,Sica,Haut parleur a cone,10SR2.5CP,4 ohm,Ferrite,Cylindrique,0.32,0.42,6.87,Aluminium,Caoutchouc,Fibre de verre,Cuivre,Papier,300.0,91.5,35.3,5.0,3.28,5.3,65.5,84.0,54.9,0.56,0.8,353.0,11.97,145.0,600.0,8.0,18.0,0.7
1297,110.0,Sica,Haut parleur a cone,10SR2PL,8 ohm,Neodymium,Cylindrique,0.48,0.51,8.53,Aluminium,Caoutchouc,Fibre de verre,Cuivre,Papier,150.0,90.6,33.0,2.6,6.2,6.5,50.9,65.0,82.3,0.56,0.9,353.0,11.18,75.0,300.0,8.0,21.0,0.53
1298,108.0,Sica,Haut-parleur coaxial a une entree,12C2CP,8 ohm,Ferrite,Cylindrique,0.49,0.56,5.63,Aluminium,Tissu,Kapton,Cuivre,,150.0,98.0,63.0,4.2,6.2,4.5,36.7,113.0,70.0,3.01,0.83,530.9,12.53,134.0,300.0,8.0,14.0,2.91
1299,248.0,Sica,Haut-parleur coaxial a deux entrees,12CX3CP,8+8 ohm,Ferrite,Cylindrique,0.33,0.35,7.21,Aluminium,Tissu,Fibre de verre,Cuivre,,400.0,98.0,49.0,8.3,5.0,4.5,58.0,140.0,72.8,2.35,1.02,530.9,16.06,181.0,800.0,10.0,15.0,2.38
1300,89.0,Sica,Haut parleur bicone,12D1.5CS,8 ohm,Ferrite,Cylindrique,0.75,0.78,18.3,Acier,Papier,Kapton,Cuivre,Tissu,130.0,96.9,62.0,,5.1,2.7,35.5,79.0,63.5,1.87,0.35,490.9,9.51,134.0,260.0,8.0,9.0,1.87
1301,89.0,Sica,Haut parleur bicone,12D1.5CS,4 ohm,Ferrite,Cylindrique,0.64,0.68,12.81,Acier,Papier,Kapton,Cuivre,Tissu,130.0,96.4,66.3,4.1,3.57,3.0,34.6,98.0,56.8,2.34,0.26,490.9,8.72,134.0,260.0,8.0,9.0,2.35
1302,90.0,Sica,Haut parleur bicone,12D1.5CS,16 ohm,Ferrite,Cylindrique,1.09,1.16,18.28,Acier,Papier,Kapton,Cuivre,Tissu,130.0,96.0,72.5,4.5,10.0,2.6,35.0,63.0,46.6,1.47,0.44,490.9,11.77,134.0,260.0,8.0,9.0,1.54
1303,93.0,Sica,Haut parleur a cone,12E2CS,8 ohm,Ferrite,Cylindrique,0.38,0.43,3.06,Acier,Tissu,Aluminium,Cuivre,Papier,200.0,96.2,43.7,,6.0,4.0,44.6,102.0,101.8,1.9,0.82,490.9,13.05,134.0,400.0,8.0,13.0,1.9
1304,227.0,Sica,Haut parleur a cone,12F4CP,8 ohm,Ferrite,Cylindrique,0.2,0.21,6.24,,Tissu,Kapton,Cuivre,Papier,700.0,97.8,46.0,11.7,5.2,6.0,92.1,219.0,52.0,2.32,1.33,530.9,26.01,220.0,1400.0,10.0,18.0,2.38
1305,122.0,Sica,Haut parleur a cone,12FE2.5CP,8 ohm,Ferrite,Cylindrique,0.48,0.53,5.8,Aluminium,Tissu,Fibre de verre,Aluminium,Papier,250.0,96.9,51.0,5.4,5.4,3.5,48.5,96.0,80.6,1.94,0.5,530.9,12.63,145.0,500.0,8.0,12.0,1.95
1306,146.0,Sica,Haut parleur a cone,12FE3CP,8 ohm,Ferrite,Cylindrique,0.36,0.38,5.71,Aluminium,Tissu,Fibre de verre,Aluminium,Papier,400.0,96.8,47.0,,5.6,6.0,58.1,124.0,79.0,2.08,0.73,530.9,15.87,165.0,800.0,10.0,17.0,2.05
1307,111.0,Sica,Haut parleur a cone,12FE3CP,4 ohm,Ferrite,Cylindrique,0.33,0.35,9.28,Aluminium,Tissu,Fibre de verre,Aluminium,Papier,400.0,96.6,47.0,7.8,3.25,5.0,59.2,134.0,77.4,2.21,0.52,530.9,12.78,165.0,800.0,10.0,18.0,2.22
1308,213.0,Sica,Haut parleur a cone,12K3PL,8 ohm,Neodymium,Cylindrique,0.44,0.46,9.04,Aluminium,Tissu,Fibre de verre,Aluminium,Papier,400.0,96.9,53.0,,5.1,5.5,59.5,115.0,60.7,1.89,0.6,530.9,14.8,126.7,800.0,10.0,21.0,60.7
1309,211.0,Sica,Haut parleur a cone,12K3PL,4 ohm,Neodymium,Cylindrique,0.37,0.39,11.71,Aluminium,Tissu,Fibre de verre,Aluminium,Papier,400.0,96.6,54.5,3.4,3.19,5.0,62.4,140.0,54.7,2.18,0.32,530.9,13.27,126.7,800.0,,,2.19
1310,319.0,Sica,Haut parleur a cone,12K4PL,8 ohm,Neodymium,Cylindrique,0.24,0.25,4.41,Aluminium,Tissu,Kapton,Cuivre,Papier,1000.0,97.1,48.0,5.0,5.2,7.0,93.6,192.0,46.3,1.97,0.74,530.9,24.7,135.0,2000.0,12.0,21.0,1.99
1311,148.0,Sica,Haut parleur a cone,12L12.5SL,16 ohm,Neodymium,Cylindrique,0.49,0.52,9.78,Acier,Tissu,Kapton,Cuivre,Papier,300.0,95.7,49.0,2.9,12.33,4.6,49.8,94.0,72.2,1.57,1.6,490.9,19.1,84.0,600.0,8.0,18.0,1.53
1312,148.0,Sica,Haut parleur a cone,12L2.5SL,4 ohm,Neodymium,Cylindrique,0.3,0.35,1.93,Acier,Tissu,Aluminium,Cuivre,Papier,250.0,97.0,50.2,3.0,3.1,4.0,51.0,143.0,67.4,2.34,0.62,490.9,11.92,84.0,500.0,8.0,16.0,6.5
1313,149.0,Sica,Haut parleur a cone,12N2.5PL,4 ohm,Neodymium,Cylindrique,0.44,0.46,8.04,Acier,Tissu,Kapton,Aluminium,Papier,250.0,97.2,52.5,2.8,3.1,3.2,44.6,114.0,82.0,2.48,0.33,530.9,9.92,84.0,500.0,8.0,12.0,2.47
1314,190.0,Sica,Haut parleur a cone,12N3PL,8 ohm,Neodymium,Cylindrique,0.3,0.31,7.5,Aluminium,Tissu,Fibre de verre,Aluminium,Papier,400.0,98.5,46.0,3.9,5.0,5.5,56.5,148.0,87.9,2.65,0.8,530.9,16.0,100.0,800.0,10.0,21.0,2.68
1315,148.0,Sica,Haut parleur a cone,12PFS3,8 ohm,Ferrite,Cylindrique,0.47,0.51,5.35,Aluminium,Tissu,Fibre de verre,Cuivre,Papier,500.0,93.6,43.0,6.7,5.1,7.0,93.7,84.0,58.5,0.88,1.07,530.9,15.89,165.0,1000.0,10.0,24.0,0.86
1316,94.0,Sica,Haut parleur a cone,12S2.5CS,4 ohm,Ferrite,Cylindrique,0.28,0.29,7.13,Acier,Tissu,Fibre de verre,Cuivre,Papier,300.0,94.3,34.0,,3.12,4.0,76.8,117.0,97.5,1.27,1.12,490.9,13.34,154.0,600.0,8.0,16.0,1.27
1317,122.0,Sica,Haut parleur a cone,12S2.5CS,8 ohm,Ferrite,Cylindrique,0.26,0.27,10.88,Acier,Tissu,Fibre de verre,Cuivre,Papier,300.0,93.8,31.9,5.5,5.7,6.0,94.0,118.0,90.6,1.05,3.36,490.9,19.96,154.0,600.0,8.0,20.0,1.04
1318,200.0,Sica,Haut parleur a cone,12S3PL,4 ohm,Neodymium,Cylindrique,0.35,0.36,11.13,Aluminium,Tissu,Fibre de verre,Cuivre,Papier,400.0,94.9,44.9,3.8,3.14,6.0,87.0,125.0,57.6,1.4,0.84,530.9,14.65,100.0,800.0,10.0,24.0,1.4
1319,147.0,Sica,Haut parleur a cone,12SR3CP,8 ohm,Ferrite,Cylindrique,0.4,0.46,2.96,Aluminium,Caoutchouc,Fibre de verre,Cuivre,Papier,450.0,92.2,37.0,,5.2,8.0,104.0,80.0,60.9,0.65,1.29,490.9,16.57,165.0,900.0,10.0,20.0,0.65
1320,147.0,Sica,Haut parleur a cone,12SR3CP,4 ohm,Ferrite,Cylindrique,0.35,0.39,3.31,Aluminium,Caoutchouc,Fibre de verre,Cuivre,Papier,450.0,92.0,37.3,,3.12,5.5,105.7,96.0,58.6,0.75,0.9,490.9,13.99,165.0,900.0,10.0,20.0,0.74
1321,244.0,Sica,Haut parleur a cone,12SR3PL,8 ohm,Neodymium,Cylindrique,0.42,0.45,5.9,Aluminium,Caoutchouc,Fibre de verre,Cuivre,Papier,400.0,91.8,36.0,,5.3,7.0,108.5,80.0,60.4,0.61,1.15,490.9,17.02,99.8,800.0,10.0,24.0,0.61
1322,379.0,Sica,Haut-parleur coaxial a deux entrees,15CX3PL,8+8 ohm,Neodymium,,0.4,0.42,12.88,Aluminium,Tissu,Fibre de verre,Aluminium,,400.0,99.1,44.5,,5.1,5.5,87.2,106.0,152.4,3.07,1.12,855.3,17.26,136.0,800.0,10.0,17.0,3.1
1323,133.0,Sica,Haut parleur a cone,15E2.5CS,4 ohm,Ferrite,Cylindrique,0.37,0.41,3.53,Acier,Tissu,Aluminium,Cuivre,Papier,250.0,97.3,45.1,,3.55,3.5,72.3,110.0,138.8,2.99,0.62,754.8,13.26,154.0,500.0,8.0,12.0,3.01
1324,104.0,Sica,Haut parleur a cone,15E2.5CS,8 ohm,Ferrite,Cylindrique,0.51,0.6,3.42,Acier,Tissu,Aluminium,Cuivre,Papier,250.0,96.2,47.0,6.0,6.7,3.4,70.2,78.0,135.0,2.25,1.08,754.7,15.02,154.0,500.0,8.0,13.0,2.13
1325,250.0,Sica,Haut parleur a cone,15F4CP,8 ohm,Ferrite,Cylindrique,0.25,0.26,7.42,Aluminium,Tissu,Kapton,Cuivre,Papier,700.0,99.1,41.0,,5.1,7.0,130.0,158.0,120.4,3.07,1.48,855.3,25.9,220.0,1400.0,10.0,21.0,3.12
1326,166.0,Sica,Haut parleur a cone,15FE3CP,8 ohm,Ferrite,Cylindrique,0.33,0.34,9.52,Aluminium,Tissu,Fibre de verre,Cuivre,Papier,400.0,99.4,40.2,9.0,5.2,5.5,91.0,118.0,170.4,3.13,1.22,855.3,19.1,180.0,700.0,10.0,17.0,3.42
1327,330.0,Sica,Haut parleur a cone,15K3PL,8 ohm,Neodymium,Cylindrique,0.27,0.28,8.31,Aluminium,Tissu,Kapton,Cuivre,Papier,400.0,99.7,40.0,,5.2,6.5,99.0,143.0,166.1,3.65,0.6,855.3,21.4,126.7,800.0,10.0,20.0,3.66
1328,330.0,Sica,Haut parleur a cone,15K3PL,4 ohm,Neodymium,Cylindrique,0.26,0.27,8.14,Aluminium,Tissu,Kapton,Cuivre,Papier,400.0,99.8,43.2,4.4,3.19,4.5,89.2,160.0,157.3,4.51,0.27,855.3,17.05,126.7,800.0,,,4.6
1329,393.0,Sica,Haut parleur a cone,15K4PL,4 ohm,Neodymium,Cylindrique,0.26,0.26,12.72,Aluminium,Tissu,Kapton,Cuivre,Papier,1000.0,98.8,46.8,5.5,3.15,5.3,126.5,180.0,94.6,3.59,0.6,855.3,21.2,135.0,2000.0,12.0,21.0,3.6
1330,393.0,Sica,Haut parleur a cone,15K4PL,8 ohm,Neodymium,Cylindrique,0.29,0.3,13.8,Aluminium,Tissu,Kapton,Cuivre,Papier,1200.0,99.2,45.2,5.5,5.2,6.5,118.0,151.0,105.0,3.11,0.84,855.3,24.2,135.0,2400.0,12.0,21.0,3.27
1331,141.0,Sica,Haut parleur a cone,15L2.5SL,8 ohm,Neodymium,Cylindrique,0.42,0.53,2.06,Acier,Tissu,Aluminium,Cuivre,Papier,250.0,96.7,45.0,3.3,6.2,4.0,73.9,85.0,133.8,2.21,0.76,754.8,15.67,84.0,500.0,8.0,16.0,2.27
1332,129.0,Sica,Haut parleur a cone,15L2.5SL,4 ohm,Neodymium,Cylindrique,0.46,0.54,3.07,Acier,Tissu,Aluminium,Cuivre,Papier,250.0,97.5,45.8,,3.12,4.0,61.6,85.0,156.6,2.68,0.52,754.8,10.07,84.0,500.0,,,2.68
1333,163.0,Sica,Haut parleur a cone,15L3SL,4 ohm,Neodymium,Cylindrique,0.35,0.36,111.81,Acier,Tissu,Kapton,Cuivre,Papier,350.0,98.2,43.6,4.4,3.1,4.5,78.7,121.0,137.0,3.03,0.61,754.8,13.67,127.0,700.0,10.0,19.0,3.06
1334,200.0,Sica,Haut parleur a cone,15L3SL,8 ohm,Neodymium,Cylindrique,0.4,0.42,6.88,Acier,Tissu,Kapton,Cuivre,Papier,350.0,97.2,42.0,4.4,6.1,4.0,80.4,100.0,144.0,2.44,1.12,754.8,17.54,127.0,700.0,10.0,18.0,2.43
1335,239.0,Sica,Haut parleur a cone,15PFS4,8 ohm,Ferrite,Cylindrique,0.34,0.37,4.87,Aluminium,Tissu,Fibre de verre,Cuivre,Papier,1200.0,95.8,39.0,12.3,5.3,9.0,166.5,105.0,103.9,1.6,1.8,855.3,24.24,220.0,2400.0,12.0,27.0,1.61
1336,124.0,Sica,Haut parleur a cone,15S2.5CS,4 ohm,Ferrite,Cylindrique,0.4,0.41,11.5,Acier,Tissu,Fibre de verre,Cuivre,Papier,250.0,94.6,38.1,,3.72,5.0,112.0,93.0,125.3,1.63,2.06,754.8,15.58,154.0,500.0,,,1.62
1337,124.0,Sica,Haut parleur a cone,15S2.5CS,8 ohm,Ferrite,Cylindrique,0.4,0.41,17.94,Acier,Tissu,Fibre de verre,Cuivre,Papier,250.0,95.8,36.3,,6.3,7.0,91.4,89.0,168.7,1.89,3.37,754.8,18.09,154.0,500.0,,,1.91
1338,252.0,Sica,Haut parleur a cone,15S3PL,8 ohm,Neodymium,Cylindrique,0.38,0.39,14.1,Aluminium,Tissu,Fibre de verre,Cuivre,Papier,400.0,97.2,33.0,,5.2,8.0,105.0,85.0,230.0,2.04,1.15,855.3,17.1,100.0,800.0,10.0,24.0,2.06
1339,338.0,Sica,Haut parleur a cone,15S4PL,8 ohm,Neodymium,Cylindrique,0.28,0.28,14.5,Aluminium,Tissu,Fibre de verre,Cuivre,Papier,1200.0,98.1,38.0,,5.1,8.5,134.1,136.0,135.9,2.56,1.38,855.3,23.84,135.0,2400.0,12.0,27.0,2.5
1340,338.0,Sica,Haut parleur a cone,15S4PL,4 ohm,Neodymium,Cylindrique,0.3,0.3,13.25,Aluminium,Tissu,Fibre de verre,Cuivre,Papier,1000.0,96.2,37.4,,3.67,6.5,134.0,125.0,139.6,2.34,1.01,855.3,19.5,135.0,2000.0,12.0,25.0,2.31
1341,278.0,Sica,Haut parleur a cone,18F4CP,8 ohm,Ferrite,Cylindrique,0.36,0.38,6.23,Aluminium,Tissu,Fibre de verre,Cuivre,Papier,700.0,97.3,38.6,12.6,6.1,9.0,194.0,102.0,168.7,2.46,1.88,1164.2,27.44,220.0,1400.0,10.0,22.0,2.45
1342,278.0,Sica,Haut parleur a cone,18F4CP,4 ohm,Ferrite,Cylindrique,0.28,0.29,9.03,Aluminium,Tissu,Fibre de verre,Cuivre,Papier,700.0,97.9,36.9,13.9,3.25,6.0,196.2,127.0,181.9,3.03,1.03,1164.2,22.55,220.0,1400.0,,,3.02
1343,378.0,Sica,Haut parleur a cone,18K4PL,8 ohm,Neodymium,Cylindrique,0.32,0.35,4.62,Aluminium,Tissu,Fibre de verre,Cuivre,Papier,1200.0,97.8,36.8,,6.0,6.5,178.8,105.0,201.0,2.75,1.6,1164.2,26.8,135.0,2400.0,12.0,22.0,2.78
1344,277.0,Sica,Haut parleur a cone,18PF4,8 ohm,Ferrite,Cylindrique,0.43,0.47,6.46,Aluminium,Tissu,Fibre de verre,Cuivre,Papier,1200.0,96.3,38.0,13.0,5.2,8.0,229.2,81.0,147.3,1.66,1.85,1164.2,24.6,220.0,2400.0,12.0,27.0,1.67
1345,354.0,Sica,Haut parleur a cone,18S4CP,8 ohm,Ferrite,Cylindrique,0.35,0.39,3.94,Aluminium,Tissu,Fibre de verre,Cuivre,,1200.0,97.1,33.0,7.2,5.2,11.0,198.6,85.0,225.0,2.0,1.81,1164.2,23.5,220.0,2400.0,12.0,27.0,2.01
1346,378.0,Sica,Haut parleur a cone,18S4PL,8 ohm,Neodymium,Cylindrique,0.39,0.42,6.56,Aluminium,Tissu,Fibre de verre,Cuivre,Papier,1200.0,97.3,36.2,7.2,5.2,8.0,197.0,86.0,189.0,2.05,1.35,1164.2,23.54,135.0,2400.0,12.0,27.0,2.07
1347,452.0,Sica,Haut parleur a cone,21S4PL,4 ohm,Neodymium,Cylindrique,0.43,0.48,4.19,Aluminium,Tissu,Fibre de verre,Cuivre,Papier,1000.0,97.0,38.7,10.5,3.51,6.5,288.2,81.0,229.8,2.67,1.6,1661.9,22.56,135.0,2000.0,17.0,25.0,2.65
1348,24.0,Sica,Haut parleur a cone,2.5H0.8SL,8 ohm,Neodymium,Non cylindrique,0.92,1.11,5.23,Acier,Tissu,Kapton,Cuivre,Papier,20.0,85.6,185.0,,5.0,1.3,1.5,167.0,0.2,0.11,0.12,18.9,2.8,40.0,40.0,3.0,5.0,1.14
1349,24.0,Sica,Haut parleur a cone,2H0.8SL,8 ohm,Neodymium,Non cylindrique,1.01,1.28,4.92,Acier,Tissu,Epotex,Cuivre,Papier,20.0,86.4,145.0,0.1,5.5,1.5,2.0,113.0,0.8,0.19,0.11,30.2,2.8,40.0,40.0,3.0,4.0,0.18
1350,21.0,Sica,Haut parleur a cone,3.5F1CS,8 ohm,Ferrite,Non cylindrique,0.57,0.63,6.52,Aluminium,Caoutchouc,Kapton,Cuivre,Papier,45.0,88.5,107.0,,5.0,1.5,3.3,170.0,1.4,0.27,0.21,38.5,4.2,72.0,90.0,4.0,6.0,0.26
1351,22.0,Sica,Haut parleur a cone,3.5H1CS,8 ohm,Ferrite,Non cylindrique,0.53,0.57,6.95,Aluminium,Caoutchouc,Kapton,Cuivre,Papier,45.0,86.1,85.0,0.46,6.1,2.5,4.1,149.0,1.8,0.19,0.4,38.5,4.83,72.0,90.0,4.0,9.0,0.19
1352,35.0,Sica,Haut parleur a cone,3.5L1SL,8 ohm,Neodymium,Non cylindrique,0.57,0.61,7.83,Nylon,Caoutchouc,Kapton,Cuivre,Papier,45.0,88.6,108.0,0.19,5.0,1.5,3.3,177.0,1.4,0.28,0.12,38.5,4.27,37.0,90.0,4.0,6.0,0.27
1353,24.0,Sica,Haut parleur a cone,3L0.8SL,8 ohm,Neodymium,Non cylindrique,1.01,1.28,4.92,Acier,Tissu,Epotex,Cuivre,Papier,20.0,86.4,145.0,0.2,5.5,1.5,2.0,113.0,0.8,0.19,0.11,30.2,2.8,40.0,40.0,3.0,4.0,0.18
1354,97.0,Sica,Haut-parleur coaxial a deux entrees,4C1.5CP,8+8 ohm,Ferrite + Neodymium,Non cylindrique,0.32,0.35,4.05,Aluminium,Tissu,Epotex,Cuivre,Tissu,100.0,91.2,102.0,,5.1,2.0,5.4,291.0,1.5,0.44,0.35,51.5,7.27,90.0,200.0,5.0,9.0,0.51
1355,24.0,Sica,Haut parleur a cone,4E11CS,8 ohm,Ferrite,Non cylindrique,0.7,0.89,3.23,Acier,Caoutchouc,Epotex,Cuivre,,40.0,86.6,98.0,,6.0,1.5,3.4,110.0,2.1,0.22,0.43,44.2,3.76,72.0,80.0,,,0.21
1356,29.0,Sica,Haut parleur a cone,4E1CS,8 ohm,Ferrite,Non cylindrique,0.39,0.49,1.85,Acier,Tissu,Aluminium,Aluminium,,70.0,90.0,118.0,,5.6,2.2,3.9,241.0,1.3,0.42,0.14,44.2,5.76,86.0,140.0,6.0,9.0,0.42
1357,29.0,Sica,Haut parleur a cone,4E1CS,4 ohm,Ferrite,Non cylindrique,0.47,0.62,1.86,Acier,Tissu,Aluminium,Aluminium,,60.0,89.1,127.7,1.0,3.47,1.3,3.1,206.0,1.4,0.46,0.08,44.1,3.73,86.0,120.0,,,0.44
1358,67.0,Sica,Haut parleur a cone,4L11SL,8 ohm,Ferrite,Non cylindrique,0.36,0.44,2.15,Acier,Tissu,Aluminium,Aluminium,,70.0,90.5,120.0,0.45,5.5,2.5,4.0,273.0,1.2,0.46,0.15,44.2,6.16,60.0,140.0,5.0,10.0,0.46
1359,39.0,Sica,Haut parleur a cone,4L1SL,8 ohm,Neodymium,Non cylindrique,0.63,0.78,3.15,Acier,Caoutchouc,Epotex,Cuivre,,60.0,86.2,108.3,0.3,6.0,2.4,5.0,139.0,1.2,0.19,0.37,44.2,5.1,37.0,120.0,5.0,9.0,0.19
1360,66.0,Sica,Haut parleur a cone,5.5 H 1.5 CP,8 ohm,Ferrite,Cylindrique,0.37,0.41,4.15,Aluminium,Caoutchouc,Kapton,Cuivre,Caoutchouc,120.0,86.7,48.5,,6.1,4.5,12.0,118.0,7.8,0.21,0.53,78.5,7.4,102.0,240.0,6.0,15.0,0.21
1361,110.0,Sica,Haut-parleur coaxial a deux entrees,5.5C1.5CP,8+8 ohm,Ferrite + Neodymium,Cylindrique,0.31,0.34,4.67,Aluminium,Caoutchouc,Kapton,Cuivre,Tissu,120.0,89.8,62.0,1.7,5.1,4.0,10.6,182.0,5.4,0.37,0.5,78.5,7.89,102.0,240.0,5.0,12.0,0.37
1362,29.0,Sica,Haut parleur a cone,5D1CS,8 ohm,Ferrite,Non cylindrique,0.52,0.58,4.95,Acier,Caoutchouc,Epotex,Cuivre,Tissu,60.0,90.0,79.0,0.94,6.0,3.0,6.4,136.0,5.5,0.45,0.33,78.5,5.73,86.0,120.0,6.0,9.0,0.45
1363,42.0,Sica,Haut parleur a cone,5E1.25CS,8 ohm,Ferrite,Non cylindrique,0.47,0.63,1.89,Acier,Caoutchouc,Epotex,Cuivre,Tissu,60.0,89.8,92.0,,5.9,2.1,7.4,146.0,3.5,0.42,0.39,78.5,6.34,102.0,120.0,6.0,9.0,0.42
1364,63.0,Sica,Haut parleur a cone,5H1.5CP,8 ohm,Ferrite,Non cylindrique,0.35,0.38,4.43,Aluminium,Caoutchouc,Kapton,Cuivre,Polypropylene,100.0,87.2,52.0,1.5,6.28,4.0,11.7,137.0,6.9,0.25,0.8,78.5,8.0,102.0,200.0,6.0,15.0,0.25
1365,31.0,Sica,Haut parleur a cone,5H1CS,8 ohm,Ferrite,Non cylindrique,0.33,0.36,3.71,Acier,Caoutchouc,Epotex,Cuivre,,60.0,91.0,61.5,1.0,6.1,3.5,5.8,171.0,10.0,0.63,0.64,78.5,6.13,86.0,120.0,,,0.61
1366,110.0,Sica,Haut parleur a cone,5M1.5PL,8 ohm,Neodymium,Non cylindrique,0.51,0.56,5.12,Aluminium,Tissu,Kapton,Aluminium,Tissu,130.0,93.7,145.0,0.8,6.0,1.5,6.1,259.0,2.0,1.05,0.1,84.9,7.69,72.0,260.0,6.0,7.0,1.05
1367,107.0,Sica,Haut parleur a cone,5N1.5PL,8 ohm,Neodymium,Non cylindrique,0.56,0.72,2.55,Aluminium,Tissu,Kapton,Aluminium,Tissu,130.0,91.0,110.6,0.8,5.7,3.0,7.1,154.0,3.0,0.55,0.31,84.9,6.21,72.0,260.0,6.0,12.0,0.54
1368,106.0,Sica,Haut parleur a cone,5NR1.5PL,8 ohm,Neodymium,Non cylindrique,0.35,0.39,4.1,Aluminium,Caoutchouc,Kapton,Aluminium,Tissu,130.0,90.0,61.0,0.89,5.6,3.5,8.0,156.0,7.4,0.42,0.34,78.5,6.65,72.0,260.0,6.0,12.0,0.42
1369,108.0,Sica,Haut-parleur coaxial a deux entrees,6.5C1.5CP,8+8 ohm,Ferrite + Neodymium,Cylindrique,0.39,0.42,6.09,Aluminium,Caoutchouc,Kapton,Cuivre,Tissu,120.0,91.0,50.8,1.7,5.1,4.5,13.1,121.0,15.9,0.48,0.44,122.7,7.21,102.0,240.0,5.0,12.0,0.48
1370,81.0,Sica,Haut parleur a cone,6.5H1.5CP,8 ohm,Ferrite,Cylindrique,0.42,0.46,5.21,Aluminium,Caoutchouc,Kapton,Cuivre,Papier,120.0,89.4,45.4,1.6,6.1,6.0,13.0,99.0,20.2,0.4,0.48,122.7,7.02,102.0,240.0,6.0,15.0,0.4
1371,81.0,Sica,Haut parleur a cone,6.5H1.5CP,4 ohm,Ferrite,Cylindrique,0.42,0.47,3.84,Aluminium,Caoutchouc,Kapton,Cuivre,Papier,120.0,88.2,45.8,1.6,3.0,5.5,17.1,97.0,15.1,0.3,0.27,122.7,5.61,102.0,240.0,6.0,14.0,0.3
1372,248.0,Sica,Haut-parleur coaxial a deux entrees,6Cx2PL P,8+8 ohm,Neodymium,Cylindrique,0.24,0.27,2.41,Aluminium,Tissu,Fibre de verre,Aluminium,Polyimide,200.0,94.2,85.0,,6.0,3.5,13.8,315.0,5.4,1.18,0.7,122.7,12.79,104.0,400.0,8.0,11.0,1.19
1373,48.0,Sica,Haut parleur bicone,6D1.5CS,8 ohm,Ferrite,Cylindrique,0.63,0.79,3.12,Acier,Tissu,Kapton,Cuivre,Papier,100.0,91.7,108.5,1.6,6.0,1.5,10.4,137.0,4.4,0.69,0.2,122.7,7.38,102.0,200.0,6.0,10.0,0.69
1374,106.0,Sica,Haut parleur bicone,6D1.5SL,8 ohm,Neodymium,Cylindrique,0.46,0.55,2.65,Acier,Tissu,Aluminium,Cuivre,Tissu,130.0,93.9,110.0,,5.0,1.5,11.2,200.0,4.0,0.93,0.22,122.7,8.35,72.0,260.0,6.0,9.0,0.92
1375,106.0,Sica,Haut parleur bicone,6D1.5SL,4 ohm,Neodymium,Cylindrique,0.44,0.58,1.85,Acier,Tissu,Aluminium,Cuivre,Tissu,130.0,91.2,84.8,1.1,3.25,4.0,11.6,146.0,6.5,0.66,0.18,122.7,5.87,72.0,260.0,,,0.65
1376,33.0,Sica,Haut parleur a cone,6D1CS,4 ohm,Ferrite,Cylindrique,0.76,0.83,8.33,Acier,Caoutchouc,Epotex,Cuivre,,60.0,90.6,84.0,1.1,3.2,2.0,9.4,101.0,8.0,0.55,0.32,123.0,4.29,86.0,120.0,,,0.55
1377,44.0,Sica,Haut parleur a cone,6E1.25CS,4 ohm,Ferrite,Cylindrique,0.36,0.42,2.56,Acier,Caoutchouc,Epotex,Cuivre,,60.0,92.1,68.7,1.3,3.11,2.5,11.1,164.0,10.3,0.77,0.46,122.7,5.95,102.0,120.0,6.0,10.0,0.77
1378,44.0,Sica,Haut parleur a cone,6E1.25CS,8 ohm,Ferrite,Cylindrique,0.61,0.71,4.49,Acier,Caoutchouc,Epotex,Cuivre,,60.0,90.4,72.0,1.6,6.3,3.0,10.3,101.0,9.8,0.5,0.57,122.7,6.45,102.0,120.0,6.0,11.0,90.4
1379,48.0,Sica,Haut parleur a cone,6E1.5CS,8 ohm,Ferrite,Cylindrique,0.38,0.45,2.4,Acier,Caoutchouc,Aluminium,Cuivre,,100.0,91.5,60.0,,5.0,2.5,13.3,133.0,11.3,0.53,0.61,122.7,7.5,102.0,200.0,8.0,11.0,0.53
1380,48.0,Sica,Haut parleur a cone,6E1.5CS,4 ohm,Ferrite,Cylindrique,0.31,0.33,5.97,Acier,Caoutchouc,Aluminium,Cuivre,,100.0,91.6,58.1,,3.05,2.4,13.8,176.0,11.5,0.66,0.43,122.7,6.83,102.0,200.0,8.0,11.0,0.66
1381,66.0,Sica,Haut parleur a cone,6H1.5CP,8 ohm,Ferrite,Cylindrique,0.38,0.42,4.36,Aluminium,Caoutchouc,Kapton,Cuivre,Polypropylene,100.0,89.2,47.5,1.8,6.2,4.5,14.9,113.0,16.1,0.4,0.95,122.7,8.09,102.0,200.0,6.0,15.0,0.39
1382,94.0,Sica,Haut parleur a cone,6L1.5SL,4 ohm,Neodymium,Cylindrique,0.4,0.44,4.86,Acier,Caoutchouc,Kapton,Cuivre,Papier,100.0,90.8,64.3,1.1,3.09,2.5,13.7,146.0,9.5,0.56,0.35,122.7,6.25,72.0,200.0,6.0,11.0,0.56
1383,94.0,Sica,Haut parleur a cone,6L1.5SL,8 ohm,Neodymium,Cylindrique,0.39,0.47,2.31,Acier,Caoutchouc,Aluminium,Cuivre,Papier,130.0,91.0,59.0,,5.0,2.5,14.1,126.0,11.0,0.47,0.48,122.7,7.5,72.0,260.0,6.0,11.0,0.47
1384,51.0,Sica,Haut parleur a cone,6M11.5CS,4 ohm,Ferrite,Cylindrique,0.42,0.59,1.52,Acier,Tissu,Aluminium,Aluminium,,100.0,93.8,114.0,2.1,3.0,0.5,8.6,193.0,4.8,1.16,0.24,122.7,5.67,120.0,200.0,,,1.17
1385,52.0,Sica,Haut parleur a cone,6M1.5CS,8 ohm,Ferrite,Cylindrique,0.64,0.79,3.35,Acier,Tissu,Epotex,Cuivre,,80.0,91.9,109.5,1.7,6.0,1.0,9.7,139.0,4.6,0.74,0.61,122.7,7.14,102.0,160.0,,,0.73
1386,79.0,Sica,Haut parleur a cone,6M2CP,4 ohm,Ferrite,Cylindrique,0.35,0.38,4.05,Aluminium,Tissu,Kapton,Aluminium,Papier,150.0,96.8,135.0,2.7,3.1,2.0,10.8,355.0,3.5,2.18,0.38,138.9,8.62,134.0,300.0,8.0,9.0,2.21
1387,116.0,Sica,Haut parleur a cone,12E2.5CS,8 ohm,Ferrite,Cylindrique,0.35,0.36,8.63,Acier,Tissu,Kapton,Cuivre,Papier,250.0,97.1,50.0,5.5,6.12,3.0,47.3,139.0,73.3,2.45,0.96,490.9,15.85,154.0,500.0,8.0,12.0,2.44
1388,219.0,Sica,Haut parleur a cone,18F3CP,8 ohm,Ferrite,Cylindrique,0.45,0.52,3.05,Aluminium,Tissu,Aluminium,Cuivre,Papier,400.0,96.9,30.8,9.0,5.1,6.5,155.0,59.0,340.0,1.84,1.41,1164.2,16.9,180.0,800.0,10.0,20.0,1.84
1389,219.0,Sica,Haut parleur a cone,18F3CP,4 ohm,Ferrite,Cylindrique,0.43,0.46,7.43,Aluminium,Tissu,Aluminium,Cuivre,Papier,400.0,96.0,33.5,9.0,3.14,5.5,177.9,73.0,243.7,1.92,1.01,1164.2,15.92,180.0,800.0,10.0,20.0,1.89
1390,58.0,Sica,Haut parleur a cone,5F1.5CP,8 ohm,Ferrite,Non cylindrique,0.31,0.33,4.32,Aluminium,Caoutchouc,Kapton,Aluminium,Tissu,100.0,90.8,59.0,,5.6,3.5,7.6,179.0,8.4,0.51,0.48,78.5,6.95,102.0,200.0,6.0,12.0,0.51
1391,51.0,Sica,Haut parleur a cone,5F1.5CP,16 ohm,Ferrite,Non cylindrique,0.41,0.45,4.14,Aluminium,Caoutchouc,Kapton,Aluminium,Tissu,100.0,89.8,62.0,,10.5,3.5,7.7,138.0,7.5,0.39,0.49,78.5,8.33,102.0,200.0,6.0,12.0,0.38
1392,167.0,Sica,Haut parleur a cone,6N2.5PL,8 ohm,Neodymium,Cylindrique,0.27,0.29,3.05,Aluminium,Tissu,Fibre de verre,Aluminium,Papier,300.0,92.5,80.0,,6.2,4.5,17.1,276.0,4.9,0.84,0.62,122.7,13.5,84.0,600.0,8.0,16.0,0.84
1393,167.0,Sica,Haut parleur a cone,6N2.5PL,4 ohm,Neodymium,Cylindrique,0.29,0.32,3.24,Aluminium,Tissu,Fibre de verre,Aluminium,Papier,300.0,93.1,86.8,,12.02,4.0,15.2,271.0,4.7,0.93,0.93,122.7,17.76,84.0,600.0,,,0.93
1394,167.0,Sica,Haut parleur a cone,6N2.5PL,16 ohm,Neodymium,Cylindrique,0.21,0.22,5.17,Aluminium,Tissu,Fibre de verre,Aluminium,Papier,300.0,93.9,77.5,1.8,3.15,3.1,15.6,352.0,5.7,1.16,0.25,122.7,10.47,84.0,600.0,8.0,12.0,1.17
1395,101.0,Sica,Haut parleur a cone,6N2PL,8 ohm,Neodymium,Cylindrique,0.33,0.36,4.02,Aluminium,Tissu,Fibre de verre,Aluminium,Papier,200.0,92.3,68.0,,5.7,3.5,13.5,189.0,8.7,0.73,0.61,122.7,9.5,84.0,400.0,8.0,15.0,0.72
1396,114.0,Sica,Haut-parleur coaxial a une entree,8C2CP,8 ohm,Ferrite,Cylindrique,0.3,0.32,4.55,Aluminium,Tissu,Kapton,Cuivre,,200.0,96.7,78.5,,6.1,3.5,18.2,245.0,14.7,2.14,0.8,213.8,13.5,134.0,400.0,8.0,14.0,2.14
1397,290.0,Sica,Haut-parleur coaxial a deux entrees,8Cx2.5PL P,8+8 ohm,Neodymium,Cylindrique,0.28,0.32,2.63,Aluminium,Tissu,Fibre de verre,Aluminium,Tissu,300.0,96.7,74.0,,5.6,5.0,18.5,231.0,16.2,1.97,0.6,213.8,12.34,112.7,600.0,8.0,15.0,1.99
1398,58.0,Sica,Haut parleur bicone,8D11.5CS,4 ohm,Ferrite,Cylindrique,0.51,0.61,2.93,Acier,Tissu,Kapton,Cuivre,,80.0,93.1,65.3,1.9,3.28,2.5,16.3,107.0,23.4,1.03,0.26,213.8,5.96,102.0,160.0,,,1.01
1399,84.0,Sica,Haut parleur bicone,8D1.5CS,8 ohm,Ferrite,Cylindrique,0.3,0.35,2.21,Acier,Tissu,Kapton,Cuivre,Tissu,130.0,95.3,62.0,,6.6,2.5,16.8,177.0,25.5,1.67,0.35,213.8,11.18,134.0,260.0,8.0,10.0,1.69
1400,84.0,Sica,Haut parleur bicone,8D1.5CS,4 ohm,Ferrite,Cylindrique,0.24,0.28,1.82,Acier,Tissu,Kapton,Cuivre,Tissu,130.0,96.6,65.3,,3.13,1.5,18.3,233.0,20.9,2.0,0.23,213.8,9.17,134.0,260.0,8.0,10.0,2.0
1401,127.0,Sica,Haut parleur bicone,8D1.5PL,8 ohm,Neodymium,Cylindrique,0.39,0.52,1.56,Aluminium,Tissu,Aluminium,Cuivre,Tissu,100.0,95.6,75.0,,5.2,2.4,15.7,144.0,18.7,1.46,0.23,213.8,8.56,72.0,200.0,6.0,9.0,1.43
1402,91.0,Sica,Haut parleur a cone,8E12CS,4 ohm,Ferrite,Cylindrique,0.26,0.27,7.89,Acier,Tissu,Kapton,Cuivre,Papier,150.0,96.4,77.0,,3.0,2.0,21.3,285.0,12.8,2.08,0.47,213.8,11.01,134.0,300.0,,,2.13
1403,71.0,Sica,Haut parleur a cone,8E12CS,8 ohm,Ferrite,Cylindrique,0.32,0.35,3.6,Acier,Tissu,Kapton,Cuivre,Papier,150.0,95.4,75.8,3.6,3.0,2.0,20.5,217.0,13.9,1.67,0.82,213.8,13.33,134.0,300.0,,,1.57
1404,51.0,Sica,Haut parleur a cone,8E1.5CS,8 ohm,Ferrite,Cylindrique,0.57,0.74,2.6,Acier,Tissu,Epotex,Cuivre,Papier,80.0,95.0,81.6,,5.1,1.5,13.1,110.0,18.5,1.31,0.59,213.8,6.82,102.0,160.0,,,1.3
1405,61.0,Sica,Haut parleur a cone,8E21.5CS,8 ohm,Ferrite,Cylindrique,0.43,0.53,2.27,Acier,Tissu,Kapton,Cuivre,Papier,100.0,93.3,62.0,2.4,6.6,2.3,17.5,117.0,23.9,1.04,0.59,213.8,9.27,120.0,200.0,6.0,10.0,1.03
1406,61.0,Sica,Haut parleur a cone,8E21.5CS,4 ohm,Ferrite,Cylindrique,0.4,0.45,3.47,Acier,Tissu,Kapton,Cuivre,Papier,100.0,95.0,70.6,,3.0,3.0,17.3,157.0,18.8,1.42,0.46,213.8,7.08,120.0,200.0,,,1.42
1407,83.0,Sica,Haut parleur a cone,8E2CS,4 ohm,Ferrite,Cylindrique,0.23,0.24,9.71,,Tissu,Kapton,Cuivre,Papier,130.0,96.7,68.1,3.2,3.07,1.5,19.5,284.0,18.0,2.28,0.53,213.8,10.33,134.0,260.0,,,2.27
1408,84.0,Sica,Haut parleur a cone,8E2CS,8 ohm,Ferrite,Cylindrique,0.35,0.4,2.58,,Tissu,Kapton,Cuivre,Papier,130.0,94.5,66.5,3.2,6.06,3.2,20.3,166.0,18.2,1.29,0.88,213.8,11.3,134.0,260.0,8.0,11.0,1.28
1409,122.0,Sica,Haut parleur a cone,8FE2.5CP,8 ohm,Ferrite,Cylindrique,0.28,0.3,3.73,Aluminium,Tissu,Kapton,Aluminium,Papier,300.0,96.7,73.0,4.7,5.5,4.0,19.8,243.0,15.6,1.95,0.5,213.8,13.01,145.0,600.0,8.0,13.0,1.97
1410,54.0,Sica,Haut parleur a cone,8H1.5CS,8 ohm,Ferrite,Cylindrique,0.77,1.02,3.27,Acier,Caoutchouc,Kapton,Cuivre,Papier,80.0,88.5,52.3,2.0,6.24,3.0,24.5,51.0,24.5,0.33,1.12,213.8,7.03,102.0,160.0,8.0,14.0,0.33
1411,48.0,Sica,Haut parleur a cone,8H1CS,8 ohm,Ferrite,Cylindrique,0.47,0.51,5.2,Acier,Caoutchouc,Epotex,Cuivre,Papier,60.0,90.7,49.8,1.5,6.23,5.0,22.1,98.0,29.8,0.7,1.8,213.8,9.15,86.0,120.0,,,0.69
1412,116.0,Sica,Haut parleur a cone,8H2CP,8 ohm,Ferrite,Cylindrique,0.48,0.53,5.25,Aluminium,Caoutchouc,Kapton,Cuivre,Papier,200.0,88.8,38.0,2.7,6.1,6.5,32.7,72.0,34.8,0.35,0.59,213.8,9.45,121.0,400.0,5.0,18.0,0.35
1413,218.0,Sica,Haut parleur a cone,8K3PL,8 ohm,Neodymium,Cylindrique,0.25,0.27,3.85,Aluminium,Tissu,Fibre de verre,Aluminium,Papier,400.0,95.1,68.1,2.4,5.6,5.0,29.0,252.0,12.2,1.37,0.37,213.8,16.1,100.0,800.0,10.0,17.0,1.38
1414,218.0,Sica,Haut parleur a cone,8K3PL,4 ohm,Neodymium,Cylindrique,0.22,0.25,2.18,Aluminium,Tissu,Fibre de verre,Aluminium,Papier,400.0,95.3,71.5,2.4,3.1,5.5,29.2,286.0,11.0,1.55,0.24,213.8,12.85,100.0,800.0,10.0,18.0,1.58
1415,83.0,Sica,Haut parleur a cone,8L2SL,8 ohm,Neodymium,Cylindrique,0.32,0.36,2.69,Acier,Tissu,Kapton,Cuivre,Papier,200.0,94.5,64.0,,6.1,3.5,22.1,178.0,18.2,1.28,0.85,213.8,12.3,84.0,400.0,8.0,14.0,1.28
1416,100.0,Sica,Haut parleur a cone,8L2SL,4 ohm,Neodymium,Cylindrique,0.3,0.33,3.29,Acier,Tissu,Kapton,Cuivre,Papier,200.0,94.7,65.0,1.8,3.22,2.5,20.4,197.0,19.0,1.52,0.55,213.8,8.99,84.0,400.0,,,1.5
1417,60.0,Sica,Haut parleur a cone,8M1.5CS,8 ohm,Ferrite,Cylindrique,1.82,2.13,12.36,Acier,Tissu,Epotex,Cuivre,,100.0,98.7,460.0,2.4,6.0,1.0,11.6,216.0,0.7,3.08,0.37,213.8,9.83,121.0,200.0,6.0,8.0,2.91
1418,60.0,Sica,Haut parleur a cone,8M1.5CS,4 ohm,Ferrite,Cylindrique,1.99,2.23,18.67,Acier,Tissu,Epotex,Cuivre,,100.0,97.1,447.5,2.4,3.59,1.5,11.5,201.0,0.7,2.71,0.34,213.8,7.21,121.0,200.0,6.0,9.0,2.75
1419,164.0,Sica,Haut parleur a cone,8N2.5PL,8 ohm,Neodymium,Cylindrique,0.3,0.33,4.21,Aluminium,Tissu,Kapton,Aluminium,Papier,300.0,96.4,77.0,,5.6,3.5,20.3,233.0,13.7,1.82,0.37,213.8,12.95,84.0,600.0,8.0,13.0,1.83
1420,128.0,Sica,Haut parleur a cone,8N2.5PL,4 ohm,Neodymium,Cylindrique,0.25,0.28,2.5,Aluminium,Tissu,Kapton,Aluminium,Papier,300.0,97.0,84.9,2.1,3.1,2.0,20.6,303.0,11.0,2.31,0.28,213.8,11.07,84.0,600.0,,,2.35
1421,41.0,Sica,Haut parleur a cone,8S2.5CP,8 ohm,Ferrite,Cylindrique,0.33,0.37,3.44,Aluminium,Tissu,Fibre de verre,Cuivre,Papier,300.0,93.0,54.0,,5.1,5.0,30.3,146.0,18.6,0.76,1.0,213.8,11.9,145.0,600.0,8.0,18.0,0.76
1422,105.0,Sica,Haut parleur a cone,8SR2CP,8 ohm,Ferrite,Cylindrique,0.4,0.43,5.05,Aluminium,Tissu,Kapton,Cuivre,Papier,150.0,91.5,55.0,3.6,6.2,5.0,29.7,128.0,18.4,0.69,1.23,213.8,12.13,134.0,300.0,8.0,18.0,0.67
1423,164.0,Sica,Haut parleur a cone,LP210.65/N220T / 8N2.5PL,16 ohm,Neodymium,Cylindrique,0.32,0.34,4.34,Aluminium,Tissu,Kapton,Cuivre,,250.0,95.2,77.3,,12.39,3.0,22.9,227.0,11.9,1.56,1.26,213.8,20.12,84.0,500.0,8.0,12.0,1.55
1424,125.0,Visaton,Haut parleur a cone,AL 130 - 8 OHM,8 ohm,Ferrite,,0.38,0.42,4.37,Aluminium,Caoutchouc,,,,60.0,87.0,43.0,1.0,5.6,8.0,9.0,102.0,13.0,0.24,0.9,79.0,5.6,85.0,90.0,6.0,18.0,
1425,125.0,Visaton,Haut parleur a cone,AL 130 M - 8 OHM,8 ohm,Ferrite,,0.46,0.52,4.39,Aluminium,Caoutchouc,,,,60.0,90.0,57.0,1.0,5.4,5.0,7.4,110.0,9.1,0.32,0.8,79.0,5.6,85.0,90.0,6.0,12.0,
1426,111.0,Visaton,Haut parleur a cone,AL 170 - 8 OHM,8 ohm,Ferrite,,0.39,0.43,3.88,Aluminium,Caoutchouc,,,,70.0,88.0,38.0,,5.6,8.0,13.0,88.0,34.0,0.42,0.9,133.0,6.9,85.0,100.0,6.0,18.0,
1427,155.0,Visaton,Haut parleur a cone,AL 200 - 8 OHM,8 ohm,Ferrite,,0.35,0.39,3.73,Aluminium,Caoutchouc,,,,120.0,88.0,32.0,2.5,6.6,9.0,21.0,82.0,77.0,0.63,1.2,216.0,8.8,120.0,180.0,6.0,20.0,
1428,74.0,Visaton,Haut parleur a cone,B 100 6 OHM,6 ohm,Ferrite,Cylindrique,0.52,0.54,10.13,Aluminium,Caoutchouc,,,,30.0,88.0,75.0,0.76,5.8,1.6,3.2,139.0,5.27,0.4,0.36,54.1,4.1,74.0,60.0,3.0,6.3,
1429,164.0,Visaton,Haut parleur a cone,B 200 - 6 OHM,6 ohm,Ferrite,Cylindrique,0.75,0.83,8.39,Aluminium,Tissu,,,,40.0,96.0,40.0,2.2,5.0,0.67,9.7,48.0,102.0,0.76,0.5,214.0,3.9,110.0,70.0,8.0,4.0,
1430,65.0,Visaton,Haut parleur a cone,B 80 - 8 OHM,8 ohm,Neodymium,,0.63,0.69,6.53,,Caoutchouc,,,,30.0,85.0,110.0,0.32,6.6,2.2,2.8,159.0,1.8,0.34,,38.5,4.15,41.0,50.0,3.0,7.5,
1431,10.0,Visaton,Haut parleur bicone,BF 37 - 4 OHM,4 ohm,Neodymium,,0.74,0.86,5.11,Acier,,,,,5.0,74.0,155.0,,3.8,3.4,1.0,180.0,0.06,0.03,0.17,6.2,1.99,22.0,8.0,,,
1432,10.0,Visaton,Haut parleur bicone,BF 37 - 8 OHM,8 ohm,Neodymium,,0.86,1.1,4.0,Acier,,,,,5.0,74.0,170.0,,7.0,3.4,1.0,155.0,0.05,0.03,0.085,6.2,2.56,22.0,8.0,,,
1433,13.0,Visaton,Haut parleur bicone,BG 13 P - 8 OHM,8 ohm,Ferrite,,1.04,1.58,3.06,Acier,,,,,20.0,92.0,168.0,0.43,5.2,1.75,3.0,106.0,2.0,0.58,0.65,68.0,3.2,70.0,40.0,3.0,4.5,
1434,18.0,Visaton,Haut parleur bicone,FR 6.5 - 8 OHM,8 ohm,Ferrite,,1.96,3.26,4.94,,Mousse,,,,40.0,87.0,75.0,0.44,6.8,1.33,5.9,23.0,16.0,0.2,0.8,129.0,2.5,61.0,60.0,4.0,4.0,
1435,4.0,Visaton,Haut parleur a cone,FR 7 - 4 OHM,4 ohm,Ferrite,,2.39,3.61,7.05,Acier,Mousse,,,,5.0,86.0,220.0,92.0,3.4,0.83,1.0,61.0,0.4,0.12,0.1,22.0,1.1,40.0,10.0,2.5,2.5,
1436,9.0,Visaton,Haut parleur a cone,FR 8 - 4 OHM,4 ohm,Ferrite,,1.05,1.3,5.38,Acier,Mousse,,,,10.0,86.0,150.0,0.24,3.4,2.0,1.6,115.0,0.6,0.15,0.3,30.0,2.1,60.0,15.0,3.0,5.0,
1437,9.0,Visaton,Haut parleur a cone,FR 8 - 8 OHM,8 ohm,Ferrite,,1.09,1.38,5.3,Acier,Mousse,,,,10.0,86.0,150.0,,7.4,2.0,1.7,109.0,0.7,0.17,0.6,30.0,2.5,60.0,15.0,3.0,5.0,
1438,9.0,Visaton,Haut parleur a cone,FR 8 JS - 8 OHM,8 ohm,Ferrite,,1.24,1.74,4.3,Acier,Caoutchouc,,,,10.0,83.0,130.0,0.24,7.2,2.0,2.3,75.0,0.84,0.11,0.6,30.0,2.77,60.0,15.0,3.0,5.0,
1439,17.0,Visaton,Haut parleur a cone,FR 8 WP - 4 OHM - BLACK,4 ohm,,,0.88,1.33,2.62,Plastique,,,,,15.0,84.0,158.0,0.23,4.1,1.5,2.9,119.0,0.4,0.12,0.3,30.0,2.8,,25.0,3.0,4.0,
1440,17.0,Visaton,Haut parleur a cone,FR 8 WP - 4 OHM - WHITE,4 ohm,,,0.88,1.33,2.62,Plastique,,,,,15.0,84.0,158.0,0.23,4.1,1.5,2.9,119.0,0.4,0.12,0.3,30.0,2.8,,25.0,3.0,4.0,
1441,7.0,Visaton,Haut parleur a cone,FR 87 - 4 OHM,4 ohm,Ferrite,,1.25,1.56,6.4,Acier,Mousse,,,,15.0,85.0,137.0,0.21,3.5,1.65,2.0,88.0,1.3,0.21,0.2,37.0,2.1,,20.0,3.0,4.3,
1442,13.0,Visaton,Haut parleur a cone,FR 9.15 - 4 OHM,4 ohm,Ferrite,,1.82,2.29,8.9,Acier,Mousse,,,,15.0,85.0,120.0,0.28,3.5,1.5,4.6,52.0,2.9,0.22,0.3,79.0,2.3,60.0,30.0,3.0,5.0,
1443,102.0,Visaton,Haut parleur a cone,PAW 25 - 8 OHM,8 ohm,Ferrite,,0.33,0.34,9.59,Aluminium,Tissu,,,,300.0,92.0,52.0,3.6,6.5,3.5,37.6,153.0,44.0,1.75,0.9,353.0,15.6,145.0,450.0,8.0,15.0,
1444,273.0,Visaton,Haut parleur a cone,PAW 30 ND - 8 OHM,8 ohm,Neodymium,,0.36,0.37,7.63,Aluminium,Tissu,,,,400.0,93.0,45.0,,6.1,4.0,69.0,122.0,78.0,1.85,0.55,539.0,17.6,108.0,600.0,8.0,16.0,
1445,271.0,Visaton,Haut parleur a cone,PAW 38 - 8 OHM,8 ohm,Ferrite,,0.29,0.31,9.0,Aluminium,Tissu,,,,700.0,92.0,36.0,14.6,7.2,5.5,125.0,116.0,195.0,2.82,2.6,898.0,25.0,220.0,1000.0,12.0,23.0,
1446,307.0,Visaton,Haut parleur a cone,PAW 46 - 8 OHM,8 ohm,Ferrite,,0.36,0.38,8.97,Aluminium,Tissu,,,,700.0,93.0,29.0,11.5,6.1,4.9,186.0,76.0,325.0,7.46,1.5,1210.0,23.6,220.0,1000.0,12.0,21.8,
1447,8.0,Visaton,Haut parleur a cone,R 10 S - 4 OHM,4 ohm,Ferrite,,1.45,1.96,5.53,Acier,,,,,20.0,90.0,160.0,0.16,3.4,1.5,1.9,82.0,1.9,0.39,0.2,56.0,1.9,45.0,30.0,3.0,4.0,
1448,8.0,Visaton,Haut parleur a cone,R 10 S - 8 OHM,8 ohm,Ferrite,,1.99,2.92,6.27,Acier,,,,,20.0,90.0,160.0,0.16,7.2,1.5,2.0,55.0,1.7,0.23,0.5,56.0,2.0,45.0,30.0,3.0,4.0,
1449,8.0,Visaton,Haut parleur a cone,R 10 S TE - 8 OHM,8 ohm,Ferrite,,1.99,2.92,6.27,Acier,,,,,20.0,90.0,160.0,0.16,7.2,1.5,2.0,55.0,1.7,0.23,0.5,56.0,2.0,45.0,30.0,3.0,4.0,
1450,9.0,Visaton,Haut parleur a cone,R 10 SC - 4 OHM,4 ohm,Ferrite,,1.32,1.67,6.4,Acier,,,,,20.0,90.0,165.0,0.27,3.6,1.5,1.9,99.0,2.6,0.68,0.2,56.0,2.0,,30.0,3.0,4.0,
1451,9.0,Visaton,Haut parleur a cone,R 10 SC - 8 OHM,8 ohm,Ferrite,,1.76,2.63,5.3,Acier,,,,,20.0,90.0,165.0,0.24,7.4,1.5,2.2,63.0,2.3,0.38,0.5,56.0,2.4,,30.0,3.0,4.0,
1452,9.0,Visaton,Haut parleur a cone,R 10 SC SPEZIAL - 8 OHM,8 ohm,,,1.76,2.63,5.3,Acier,,,,,20.0,90.0,165.0,0.24,7.4,1.5,2.2,63.0,2.3,0.38,0.5,56.0,2.4,54.0,30.0,3.0,4.0,
1453,25.0,Visaton,Haut parleur a cone,SC 13 - 8 OHM,8 ohm,,,0.71,0.94,2.95,Acier,Caoutchouc,,,,40.0,90.0,78.0,0.62,7.2,2.08,4.8,83.0,7.4,0.36,0.7,79.0,4.2,,60.0,4.0,5.5,
1454,42.0,Visaton,Haut parleur a cone,FRS 10 WP - 4 OHM - WHITE,4 ohm,Ferrite,,0.91,1.02,8.29,Plastique,,,,,25.0,90.0,190.0,0.36,3.4,2.0,2.4,186.0,2.0,1.3,0.2,57.0,3.8,61.0,50.0,3.0,5.0,
1455,42.0,Visaton,Haut parleur a cone,FRS 10 WP - 8 OHM - BLACK,8 ohm,Ferrite,,0.98,1.12,7.6,Plastique,,,,,25.0,90.0,190.0,0.36,6.4,2.0,3.0,170.0,1.9,1.12,0.4,57.0,4.3,61.0,50.0,3.0,5.0,
1456,42.0,Visaton,Haut parleur a cone,FRS 10 WP - 8 OHM - WHITE,8 ohm,Ferrite,,0.98,1.12,7.6,Plastique,,,,,25.0,90.0,190.0,0.36,6.4,2.0,3.0,170.0,1.9,1.12,0.4,57.0,4.3,61.0,50.0,3.0,5.0,
1457,10.0,Visaton,Haut parleur a cone,FRS 5 - 8 OHM,8 ohm,Ferrite,,1.15,1.81,3.19,Acier,Mousse,,,,5.0,84.0,290.0,0.13,7.2,1.43,0.5,160.0,0.16,0.21,0.2,12.0,1.6,45.0,8.0,2.5,3.7,
1458,10.0,Visaton,Haut parleur a cone,FRS 5 X - 8 OHM,8 ohm,Ferrite,,0.7,0.88,3.49,Acier,Mousse,,,,5.0,86.0,190.0,0.14,7.7,,0.7,216.0,0.23,0.18,,12.5,2.67,45.0,8.0,,,
1459,11.0,Visaton,Haut parleur a cone,FRS 5 XTS - 8 OHM,8 ohm,Ferrite,,0.7,0.88,3.49,Acier,Mousse,,,,5.0,86.0,190.0,0.15,7.7,,0.7,216.0,0.23,0.18,,12.5,2.67,45.0,8.0,,,
1460,10.0,Visaton,Haut parleur a cone,FRS 7 - 4 OHM,4 ohm,Ferrite,,1.22,1.96,3.21,Acier,Mousse,,,,8.0,88.0,250.0,0.2,3.6,1.42,0.8,128.0,0.3,0.23,0.3,22.0,1.7,60.0,15.0,2.0,3.5,
1461,10.0,Visaton,Haut parleur a cone,FRS 7 - 8 OHM,8 ohm,Ferrite,,1.28,2.08,3.32,Acier,Mousse,,,,8.0,88.0,250.0,0.2,7.2,1.42,0.8,120.0,0.3,0.22,0.6,22.0,2.1,60.0,15.0,2.0,3.5,
1462,10.0,Visaton,Haut parleur a cone,FRS 7 S - 8 OHM,8 ohm,Ferrite,,1.46,2.01,5.38,Acier,Mousse,,,,8.0,84.0,150.0,0.2,7.2,1.5,0.8,75.0,0.9,0.15,0.6,22.0,1.8,61.5,15.0,2.0,5.0,
1463,11.0,Visaton,Haut parleur a cone,FRS 7 W - 8 OHM,8 ohm,Ferrite,,0.63,0.91,2.08,Acier,Mousse,,,,8.0,86.0,160.0,0.22,6.6,1.83,0.9,176.0,0.78,0.34,,22.0,2.5,60.0,15.0,2.5,4.5,
1464,12.0,Visaton,Haut parleur a cone,FRS 8 - 4 OHM,4 ohm,Ferrite,,0.69,0.85,3.61,Acier,Caoutchouc,,,,30.0,82.0,120.0,0.28,3.5,1.58,2.5,141.0,1.0,0.2,0.4,31.0,2.2,60.0,50.0,4.0,4.5,
1465,12.0,Visaton,Haut parleur a cone,FRS 8 - 8 OHM,8 ohm,Ferrite,,1.04,1.32,4.85,Acier,Caoutchouc,,,,30.0,82.0,120.0,0.28,7.2,1.58,2.5,91.0,0.9,0.12,0.9,31.0,3.2,60.0,50.0,4.0,4.5,
1466,12.0,Visaton,Haut parleur a cone,FRS 8 M - 8 OHM,8 ohm,Ferrite,,0.49,0.58,3.24,Acier,Caoutchouc,,,,30.0,88.0,125.0,0.5,7.2,1.58,1.8,216.0,1.1,0.36,0.3,29.0,4.0,72.0,50.0,4.0,4.5,
1467,10.0,Visaton,Haut parleur a cone,FRWS 5 - 4 OHM,4 ohm,,,1.24,2.5,2.48,Acier,,,,,4.0,84.0,250.0,,3.6,1.02,0.5,100.0,0.2,0.12,0.08,12.0,1.1,39.0,10.0,2.0,2.7,
1468,18.0,Visaton,Haut parleur bicone,BG 17 - 8 OHM,8 ohm,Ferrite,,0.74,0.98,2.94,Acier,,,,,40.0,93.0,120.0,0.72,6.3,2.0,6.5,122.0,8.2,1.39,0.7,143.0,5.7,80.0,60.0,4.0,7.0,
1469,22.0,Visaton,Haut parleur a cone,FR 16 WP - 4 OHM - WHITE,4 ohm,,,1.02,1.55,2.99,Plastique,,,,,60.0,86.0,85.0,0.42,3.7,,8.4,55.0,10.0,0.39,0.4,130.0,3.2,,80.0,4.0,6.0,
1470,42.0,Visaton,Haut parleur a cone,FRS 10 WP - 4 OHM - BLACK,4 ohm,Ferrite,,0.91,1.02,8.29,Plastique,,,,,25.0,90.0,190.0,0.36,3.4,2.0,2.4,186.0,2.0,1.3,0.2,57.0,3.8,61.0,50.0,3.0,5.0,
1471,10.0,Visaton,Haut parleur a cone,FRWS 5 - 8 OHM,8 ohm,,,1.63,3.22,3.31,Acier,,,,,4.0,84.0,250.0,,6.8,1.02,0.5,78.0,0.1,0.05,0.1,12.0,1.4,39.0,10.0,2.0,2.7,
1472,22.0,Visaton,Haut parleur a cone,MR 130 - 8 OHM,8 ohm,Ferrite,,3.49,5.85,8.67,Acier,Mousse,,,,80.0,89.0,500.0,0.55,6.8,2.0,5.0,85.0,0.1,0.21,0.4,70.0,4.3,70.0,100.0,4.0,8.0,
1473,10.0,Visaton,Haut parleur a cone,FRWS 5 R - 8 OHM,8 ohm,Ferrite,,1.63,3.22,3.31,Acier,,,,,4.0,84.0,250.0,,6.8,1.02,0.5,78.0,0.1,0.05,0.1,12.0,1.4,39.0,10.0,2.0,2.7,
1474,12.0,Visaton,Haut parleur a cone,FRWS 5 SC - 8 OHM,8 ohm,Alnico,,2.85,9.35,4.1,Acier,,,,,4.0,80.0,350.0,52.0,7.2,2.0,0.5,37.0,0.2,0.09,0.1,12.0,1.0,22.0,8.0,,3.5,
1475,123.0,Visaton,Haut parleur a cone,GF 200 - 2 x 4 OHM,4+4 ohm,Ferrite,,0.39,0.44,4.33,Aluminium,Caoutchouc,,,,120.0,88.0,35.0,2.6,1.4,8.0,25.0,80.0,57.0,0.54,0.3,214.0,4.6,120.0,180.0,6.0,18.0,
1476,81.0,Visaton,Haut-parleur coaxial a une entree,HX 10 - 4 OHM,4 ohm,Neodymium,,0.5,0.61,2.87,,,,,,40.0,81.0,70.0,0.52,4.3,1.5,4.3,115.0,5.1,0.28,,55.0,3.9,,60.0,4.0,7.0,
1477,6.0,Visaton,Haut parleur a cone,K 50 SQ - 8 OHM,8 ohm,Ferrite,,3.42,7.32,6.42,Acier,,,,,2.0,83.0,480.0,50.0,7.3,1.0,0.4,66.0,0.06,0.09,,12.5,1.12,32.0,3.0,2.0,3.0,
1478,22.0,Visaton,Haut parleur a cone,KT 100 V - 4 OHM,4 ohm,Ferrite,,0.43,0.54,2.22,Acier,Caoutchouc,,,,25.0,80.0,37.0,0.53,3.6,,7.5,69.0,9.8,0.09,,54.1,3.43,70.3,40.0,3.0,7.0,
1479,6.0,Visaton,Haut parleur a cone,SC 4.7 ND - 4 OHM,4 ohm,Neodymium,,2.8,5.81,5.42,Acier,Mousse,,,,2.0,81.0,360.0,41.0,3.6,0.5,0.6,62.0,0.18,0.14,0.2,16.0,0.9,22.0,4.0,2.0,2.0,
1480,6.0,Visaton,Haut parleur a cone,SC 4.7 ND - 8 OHM,8 ohm,Neodymium,,3.24,8.34,5.31,Acier,Mousse,,,,2.0,81.0,360.0,41.0,7.7,0.5,0.6,43.0,0.11,0.06,0.3,16.0,1.12,22.0,4.0,2.0,2.0,
1481,9.0,Visaton,Haut parleur a cone,SC 4.9 FL - 8 OHM,8 ohm,Neodymium,,1.31,2.29,3.06,Plastique,Caoutchouc,,,,4.0,83.0,220.0,54.0,6.9,0.67,0.9,96.0,0.43,0.2,0.13,23.5,1.98,,5.0,2.0,2.0,
1482,7.0,Visaton,Haut parleur a cone,SC 5.9 - 8 OHM,8 ohm,,,1.25,1.5,7.52,Acier,Mousse,,,,10.0,84.0,193.0,0.21,7.0,1.5,1.5,129.0,0.4,0.19,0.4,26.5,2.5,,15.0,3.0,4.0,
1483,11.0,Visaton,Haut parleur a cone,SC 5.9 FLX - 8 OHM,8 ohm,Neodymium,,1.41,2.55,3.16,Plastique,Caoutchouc,,,,4.0,82.0,141.0,,7.1,,3.0,55.0,0.42,0.05,,26.8,,,5.0,2.0,1.8,
1484,8.0,Visaton,Haut parleur a cone,SC 5.9 ND - 4 OHM,4 ohm,Neodymium,,4.3,8.03,9.23,Acier,,,,,3.0,82.0,280.0,,3.8,1.0,1.3,35.0,0.3,0.08,0.2,26.5,1.0,22.0,4.0,3.0,4.0,
1485,8.0,Visaton,Haut parleur a cone,SC 5.9 ND - 8 OHM,8 ohm,Neodymium,,4.11,10.02,6.98,Acier,,,,,3.0,82.0,280.0,62.0,7.7,1.0,1.2,28.0,0.4,0.09,0.4,26.5,1.2,22.0,4.0,3.0,4.0,
1486,18.0,Visaton,Haut parleur a cone,SC 8 N - 8 OHM,8 ohm,,,0.97,1.31,3.68,Plastique,Caoutchouc,,,,30.0,81.0,110.0,0.28,7.0,1.5,1.9,84.0,1.5,0.15,0.3,26.0,2.4,,50.0,3.0,4.0,
1487,17.0,Visaton,Haut parleur a cone,SL 70 NDV - 4 OHM,4 ohm,Neodymium,Carre,1.53,2.23,4.9,,,,,,8.0,86.0,220.0,72.0,3.8,3.0,0.8,99.0,0.43,0.2,0.1,21.6,1.39,22.0,15.0,,3.0,
1488,12.0,Visaton,Haut parleur a cone,SL 713 - 4 OHM,4 ohm,Ferrite,,1.7,2.2,8.2,Acier,,,,,10.0,90.0,180.0,,3.6,2.0,1.7,82.0,1.5,0.39,0.2,50.0,1.9,54.0,15.0,3.0,5.0,
1489,14.0,Visaton,Haut parleur a cone,SL 87 FE - 8 OHM,8 ohm,Ferrite,,0.65,0.82,3.3,Acier,Caoutchouc,,,,10.0,87.0,120.0,0.49,7.2,,2.4,146.0,1.53,0.31,,37.3,3.95,72.0,15.0,2.5,6.0,
1490,155.0,Visaton,Haut parleur a cone,TI 100 - 8 OHM,8 ohm,Ferrite,,0.41,0.44,5.95,Aluminium,Caoutchouc,,,,40.0,86.0,62.0,,6.4,3.58,4.0,141.0,5.68,0.3,0.7,54.4,4.98,75.0,60.0,4.0,8.5,
1491,138.0,Visaton,Haut parleur a cone,TIW 200 XS - 8 OHM,8 ohm,Ferrite,,0.46,0.5,5.19,Aluminium,Caoutchouc,,,,120.0,84.0,30.0,3.5,6.0,12.5,33.0,60.0,51.5,0.27,1.6,206.0,8.51,115.0,180.0,8.0,30.0,
1492,235.0,Visaton,Haut parleur a cone,TIW 250 XS - 8 OHM,8 ohm,Ferrite,,0.33,0.35,5.21,Aluminium,Caoutchouc,,,,200.0,89.0,33.0,5.3,5.6,11.17,49.0,94.0,66.0,0.66,1.7,314.0,13.0,155.0,300.0,8.0,25.0,
1493,314.0,Visaton,Haut parleur a cone,TIW 300 - 8 OHM,8 ohm,Ferrite,,0.28,0.3,4.59,Aluminium,Caoutchouc,,,,300.0,90.0,25.0,7.0,5.4,10.17,92.0,83.0,160.0,0.8,1.7,510.0,16.5,180.0,600.0,8.0,23.0,
1494,26.0,Visaton,Haut parleur a cone,W 100 S - 4 OHM,4 ohm,Ferrite,,0.46,0.54,3.04,Acier,Mousse,,,,30.0,86.0,65.0,0.49,3.4,3.33,5.3,120.0,4.49,0.22,0.5,53.0,3.7,70.0,50.0,4.0,8.0,
1495,26.0,Visaton,Haut parleur a cone,W 100 S - 8 OHM,8 ohm,Ferrite,,0.54,0.67,2.74,Acier,Mousse,,,,30.0,86.0,63.0,0.49,6.7,3.33,4.7,94.0,5.41,0.2,0.9,53.0,4.29,70.0,50.0,4.0,8.0,
1496,27.0,Visaton,Haut parleur a cone,W 130 S - 4 OHM,4 ohm,Ferrite,,0.45,0.55,2.54,Acier,Mousse,,,,50.0,87.0,50.0,0.63,3.5,3.58,5.4,91.0,14.0,0.31,0.6,74.0,3.6,7.0,80.0,4.0,8.5,
1497,27.0,Visaton,Haut parleur a cone,W 130 S - 8 OHM,8 ohm,Ferrite,,0.47,0.59,2.26,Acier,Mousse,,,,50.0,87.0,52.0,0.63,6.0,3.58,6.0,88.0,12.0,0.28,0.6,74.0,4.6,7.0,80.0,4.0,8.5,
1498,45.0,Visaton,Haut parleur a cone,W 130 X - 2 x 4 OHM,4+4 ohm,Ferrite,Cylindrique,0.43,0.48,4.59,Acier,Caoutchouc,,,,60.0,78.0,40.0,1.5,2.0,5.0,37.0,83.0,5.3,0.07,0.69,94.2,6.19,100.0,90.0,6.0,12.0,
1499,18.0,Visaton,Haut parleur a cone,W 170 - 8 OHM,8 ohm,Ferrite,,0.69,0.9,2.92,Acier,Mousse,,,,40.0,87.0,57.0,0.77,7.2,3.0,8.7,63.0,24.0,0.48,0.9,137.0,5.0,80.0,70.0,3.0,7.0,
1500,34.0,Visaton,Haut parleur a cone,W 170 S - 4 OHM,4 ohm,Ferrite,,0.41,0.51,2.16,Acier,Mousse,,,,50.0,86.0,36.0,,3.2,5.58,12.0,71.0,38.0,0.34,0.6,129.0,4.4,80.0,80.0,4.0,12.5,
1501,34.0,Visaton,Haut parleur a cone,W 170 S - 8 OHM,8 ohm,Ferrite,,0.52,0.66,2.43,Acier,Mousse,,,,50.0,86.0,36.0,,5.9,5.58,13.0,55.0,38.0,0.26,1.2,129.0,5.4,80.0,80.0,4.0,12.5,
1502,25.0,Visaton,Haut parleur a cone,W 200 - 4 OHM,4 ohm,Ferrite,,0.63,0.77,3.46,Acier,Mousse,,,,50.0,88.0,45.0,1.0,3.2,3.67,14.0,58.0,54.0,0.62,0.5,207.0,4.2,80.0,80.0,5.0,9.0,
1503,25.0,Visaton,Haut parleur a cone,W 200 - 8 OHM,8 ohm,Ferrite,,0.63,0.79,3.2,Acier,Mousse,,,,50.0,88.0,46.0,1.0,6.8,3.67,14.0,58.0,51.0,0.61,0.9,207.0,5.9,80.0,80.0,5.0,9.0,
1504,50.0,Visaton,Haut parleur a cone,W 200 S - 4 OHM,4 ohm,Ferrite,,0.35,0.38,3.99,Acier,Mousse,,,,75.0,88.0,29.0,1.5,3.4,5.17,28.0,76.0,65.0,0.41,1.5,214.0,7.7,100.0,115.0,5.0,12.0,
1505,50.0,Visaton,Haut parleur a cone,W 200 S - 8 OHM,8 ohm,Ferrite,,0.33,0.36,3.59,Acier,Mousse,,,,75.0,88.0,30.0,1.7,6.0,5.17,26.0,83.0,70.0,0.51,2.2,214.0,9.0,100.0,115.0,5.0,12.0,
1506,42.0,Visaton,Haut parleur a cone,W 250 - 8 OHM,8 ohm,Ferrite,,0.78,1.0,3.57,Acier,Mousse,,,,90.0,90.0,45.0,1.5,6.8,5.0,27.0,45.0,135.0,1.19,1.1,360.0,6.4,100.0,130.0,6.0,12.0,
1507,72.0,Visaton,Haut parleur a cone,W 250 S - 4 OHM,4 ohm,Ferrite,,0.35,0.43,2.01,Acier,Mousse,,,,100.0,90.0,33.0,3.0,3.6,7.0,32.0,77.0,135.0,1.09,0.9,346.0,8.9,120.0,150.0,7.0,17.0,
1508,72.0,Visaton,Haut parleur a cone,W 250 S - 8 OHM,8 ohm,Ferrite,,0.32,0.39,1.88,Acier,Mousse,,,,100.0,90.0,31.0,3.0,6.6,7.0,38.0,79.0,121.0,0.89,1.5,346.0,9.2,120.0,150.0,7.0,17.0,
1509,71.0,Visaton,Haut parleur a cone,W 300 - 8 OHM,8 ohm,Ferrite,Cylindrique,0.45,0.54,2.68,Acier,Mousse,,,,120.0,91.0,32.0,2.8,6.6,7.92,43.0,59.0,190.0,1.11,1.8,490.0,9.4,120.0,180.0,8.0,18.5,
1510,93.0,Visaton,Haut parleur a cone,WF 130 ND,8 ohm,Neodymium,Non cylindrique,0.69,0.89,2.97,,Caoutchouc,,,,40.0,84.0,46.0,0.26,6.7,3.13,11.7,52.0,10.6,0.12,0.76,94.0,5.39,,60.0,4.0,7.6,
1511,17.0,Visaton,Haut parleur a cone,WS 13 E - 8 OHM,8 ohm,Ferrite,,1.08,1.56,3.52,Acier,Caoutchouc,,,,40.0,86.0,83.0,0.34,7.7,2.08,5.1,53.0,7.7,0.28,0.8,86.5,3.6,65.0,60.0,4.0,5.5,
1512,22.0,Visaton,Haut parleur a cone,WS 17 E - 4 OHM,4 ohm,Ferrite,,0.65,0.9,2.35,Acier,Caoutchouc,,,,60.0,88.0,45.0,,3.2,5.17,16.0,50.0,22.0,0.22,0.6,143.0,3.9,81.0,90.0,5.0,12.0,
1513,22.0,Visaton,Haut parleur a cone,WS 17 E - 8 OHM,8 ohm,Ferrite,,0.81,1.28,2.2,Acier,Caoutchouc,,,,60.0,88.0,45.0,,5.8,5.17,16.0,35.0,22.0,0.16,0.9,143.0,3.9,84.0,90.0,5.0,12.0,
1514,27.0,Visaton,Haut parleur a cone,WS 20 E - 4 OHM,4 ohm,Ferrite,,1.14,1.44,5.56,Acier,Caoutchouc,,,,80.0,88.0,47.0,1.2,3.3,4.67,23.0,33.0,39.0,0.27,0.7,240.0,4.5,90.0,120.0,5.0,11.0,
1515,27.0,Visaton,Haut parleur a cone,WS 20 E - 8 OHM,8 ohm,Ferrite,,1.23,1.59,5.36,Acier,Caoutchouc,,,,80.0,88.0,47.0,,6.8,4.67,21.0,30.0,44.0,0.28,1.0,240.0,5.5,90.0,120.0,5.0,11.0,
1516,34.0,Visaton,Haut parleur a cone,WS 25 E - 8 OHM,8 ohm,Ferrite,,1.43,2.92,2.82,Acier,Caoutchouc,,,,80.0,88.0,34.0,1.3,5.9,6.0,33.0,12.0,113.0,0.15,0.8,346.0,3.8,80.0,110.0,4.0,15.0,
1517,31.0,Visaton,Haut parleur bicone,BG 20 - 8 OHM,8 ohm,Ferrite,Cylindrique,0.44,0.51,3.47,Acier,Tissu,,,,40.0,92.0,38.0,1.3,6.2,3.33,10.0,75.0,110.0,1.14,,214.0,6.1,100.0,70.0,4.0,8.0,
1518,12.0,Visaton,Haut parleur a cone,F 8 SC - 8 OHM,8 ohm,,,0.9,1.29,2.94,Acier,Mousse,,,,20.0,82.0,125.0,0.25,7.9,1.75,2.0,97.0,1.0,0.15,0.3,2.0,2.2,,30.0,3.0,4.5,
1519,12.0,Visaton,Haut parleur a cone,FR 10 - 4 OHM,4 ohm,Ferrite,,0.54,0.7,2.29,Acier,Mousse,,,,30.0,86.0,90.0,0.38,3.2,2.5,5.7,129.0,2.3,0.23,0.2,50.0,4.6,70.0,50.0,3.0,6.0,
1520,12.0,Visaton,Haut parleur a cone,FR 10 - 8 OHM,8 ohm,Ferrite,,0.67,0.95,2.29,Acier,Mousse,,,,30.0,86.0,90.0,0.38,7.2,2.5,5.7,95.0,2.3,0.17,0.2,50.0,4.6,70.0,50.0,3.0,6.0,
1521,6.0,Visaton,Haut parleur a cone,FR 10 F - 4 OHM,4 ohm,Ferrite,,1.52,1.99,6.5,Acier,Mousse,,,,20.0,86.0,133.0,0.22,3.7,4.0,2.4,67.0,2.2,0.25,0.35,52.0,1.7,,30.0,3.0,,
1522,6.0,Visaton,Haut parleur bicone,FR 10 HM - 4 OHM,4 ohm,Ferrite,,1.13,1.44,5.35,Acier,Mousse,,,,20.0,86.0,120.0,0.34,3.2,2.0,2.7,83.0,2.1,0.25,0.2,50.0,2.1,60.0,30.0,2.0,5.0,
1523,6.0,Visaton,Haut parleur bicone,FR 10 HM - 8 OHM,8 ohm,Ferrite,,1.44,1.91,5.89,Acier,Mousse,,,,20.0,86.0,120.0,0.34,7.2,2.0,2.8,63.0,2.0,0.18,0.2,50.0,2.9,60.0,30.0,2.0,5.0,
1524,9.0,Visaton,Haut parleur a cone,FR 10 WP - 4 OHM - BLACK,4 ohm,,,1.27,2.14,3.13,Plastique,,,,,20.0,85.0,120.0,0.28,3.8,1.83,5.0,56.0,2.1,0.17,0.3,50.0,2.75,,30.0,4.0,5.0,
1525,17.0,Visaton,Haut parleur a cone,FR 10 WP - 4 OHM - WHITE,4 ohm,,,1.27,2.14,3.13,Plastique,,,,,20.0,85.0,120.0,0.28,3.8,1.83,5.0,56.0,2.1,0.17,0.3,50.0,2.75,,30.0,4.0,5.0,
1526,13.0,Visaton,Haut parleur a cone,FR 12 - 4 OHM,4 ohm,Ferrite,,1.87,2.8,5.61,Acier,Mousse,,,,15.0,85.0,110.0,0.28,3.4,1.75,3.8,39.0,8.7,0.4,0.1,87.0,1.7,60.0,40.0,3.0,4.5,
1527,13.0,Visaton,Haut parleur a cone,FR 12 - 8 OHM,8 ohm,Ferrite,,1.87,2.8,5.61,Acier,Mousse,,,,15.0,85.0,110.0,0.28,6.8,1.75,3.8,39.0,8.7,0.4,0.22,87.0,1.7,60.0,40.0,3.0,4.5,
1528,13.0,Visaton,Haut parleur bicone,FR 13 - 4 OHM,4 ohm,Ferrite,,1.25,1.64,5.17,Acier,Mousse,,,,30.0,100.0,100.0,0.29,3.4,2.5,4.5,61.0,6.1,0.36,0.2,87.0,2.3,60.0,50.0,3.0,6.0,
1529,17.0,Visaton,Haut parleur a cone,FR 13 WP - 4 OHM - WHITE,4 ohm,,,1.17,2.19,2.49,Plastique,,,,,40.0,85.0,100.0,0.36,3.8,1.83,4.8,46.0,4.4,0.2,0.4,78.0,2.3,,60.0,4.0,5.0,
1530,22.0,Visaton,Haut parleur a cone,FR 16 WP - 4 OHM - BLACK,4 ohm,,,1.02,1.55,2.99,Plastique,,,,,60.0,86.0,85.0,0.42,3.7,,8.4,55.0,10.0,0.39,0.4,130.0,3.2,,80.0,4.0,6.0,
